rank,name,nationality,team,points,rider_url
1,POGAČAR Tadej,SI,UAE Team Emirates - XRG,3755.0,https://www.procyclingstats.com/rider/tadej-pogacar
2,PEDERSEN Mads,DK,Lidl - Trek,1884.0,https://www.procyclingstats.com/rider/mads-pedersen
3,ALMEIDA João,PT,UAE Team Emirates - XRG,1679.0,https://www.procyclingstats.com/rider/joao-almeida
4,DEL TORO Isaac,MX,UAE Team Emirates - XRG,1615.0,https://www.procyclingstats.com/rider/isaac-del-toro
5,VINGEGAARD Jonas,DK,Team Visma | Lease a Bike,1508.0,https://www.procyclingstats.com/rider/jonas-vingegaard
6,ONLEY Oscar,GB,Team Picnic PostNL,1486.0,https://www.procyclingstats.com/rider/oscar-onley
7,VAN DER POEL Mathieu,NL,Alpecin - Deceuninck,1351.0,https://www.procyclingstats.com/rider/mathieu-van-der-poel
8,VAUQUELIN Kévin,FR,Arkéa - B&B Hotels,1331.0,https://www.procyclingstats.com/rider/kevin-vauquelin
9,PIDCOCK Thomas,GB,Q36.5 Pro Cycling Team,1185.0,https://www.procyclingstats.com/rider/thomas-pidcock
10,VAN AERT Wout,BE,Team Visma | Lease a Bike,1176.0,https://www.procyclingstats.com/rider/wout-van-aert
11,LIPOWITZ Florian,DE,Red Bull - BORA - hansgrohe,1173.0,https://www.procyclingstats.com/rider/florian-lipowitz
12,MILAN Jonathan,IT,Lidl - Trek,1159.0,https://www.procyclingstats.com/rider/jonathan-milan
13,CICCONE Giulio,IT,Lidl - Trek,1063.0,https://www.procyclingstats.com/rider/giulio-ciccone
14,AYUSO Juan,ES,UAE Team Emirates - XRG,1049.0,https://www.procyclingstats.com/rider/juan-ayuso-pesquera
15,MERLIER Tim,BE,Soudal Quick-Step,1024.0,https://www.procyclingstats.com/rider/tim-merlier
16,SCARONI Christian,IT,XDS Astana Team,962.0,https://www.procyclingstats.com/rider/christian-scaroni
17,YATES Simon,GB,Team Visma | Lease a Bike,928.0,https://www.procyclingstats.com/rider/simon-yates
18,HEALY Ben,IE,EF Education - EasyPost,927.0,https://www.procyclingstats.com/rider/ben-healy
19,EVENEPOEL Remco,BE,Soudal Quick-Step,914.0,https://www.procyclingstats.com/rider/remco-evenepoel
20,ARENSMAN Thymen,NL,INEOS Grenadiers,910.0,https://www.procyclingstats.com/rider/thymen-arensman
21,JORGENSON Matteo,US,Team Visma | Lease a Bike,906.0,https://www.procyclingstats.com/rider/matteo-jorgenson
22,ROGLIČ Primož,SI,Red Bull - BORA - hansgrohe,890.0,https://www.procyclingstats.com/rider/primoz-roglic
23,MAGNIER Paul,FR,Soudal Quick-Step,886.0,https://www.procyclingstats.com/rider/paul-magnier
24,GALL Felix,AT,Decathlon AG2R La Mondiale Team,853.0,https://www.procyclingstats.com/rider/felix-gall
25,MARTINEZ Lenny,FR,Bahrain - Victorious,828.0,https://www.procyclingstats.com/rider/lenny-martinez
26,STRONG Corbin,NZ,Israel - Premier Tech,820.0,https://www.procyclingstats.com/rider/corbin-strong
27,PHILIPSEN Jasper,BE,Alpecin - Deceuninck,803.0,https://www.procyclingstats.com/rider/jasper-philipsen
28,STORER Michael,AU,Tudor Pro Cycling Team,795.0,https://www.procyclingstats.com/rider/michael-storer
29,GANNA Filippo,IT,INEOS Grenadiers,788.0,https://www.procyclingstats.com/rider/filippo-ganna
30,BRENNAN Matthew,GB,Team Visma | Lease a Bike,771.0,https://www.procyclingstats.com/rider/matthew-brennan
31,GRÉGOIRE Romain,FR,Groupama - FDJ,760.0,https://www.procyclingstats.com/rider/romain-gregoire1
32,FORTUNATO Lorenzo,IT,XDS Astana Team,750.0,https://www.procyclingstats.com/rider/lorenzo-fortunato
33,MCNULTY Brandon,US,UAE Team Emirates - XRG,746.0,https://www.procyclingstats.com/rider/brandon-mcnulty
34,POWLESS Neilson,US,EF Education - EasyPost,746.0,https://www.procyclingstats.com/rider/neilson-powless
35,GEE Derek,CA,Israel - Premier Tech,731.0,https://www.procyclingstats.com/rider/derek-gee
36,ANDRESEN Tobias Lund,DK,Team Picnic PostNL,712.0,https://www.procyclingstats.com/rider/tobias-lund-andresen
37,CHRISTEN Jan,CH,UAE Team Emirates - XRG,692.0,https://www.procyclingstats.com/rider/jan-christen
38,JOHANNESSEN Tobias Halland,NO,Uno-X Mobility,692.0,https://www.procyclingstats.com/rider/tobias-halland-johannessen
39,GIRMAY Biniam,ER,Intermarché - Wanty,679.0,https://www.procyclingstats.com/rider/biniam-girmay
40,CHAMPOUSSIN Clément,FR,XDS Astana Team,666.0,https://www.procyclingstats.com/rider/clement-champoussin
41,SKJELMOSE Mattias,DK,Lidl - Trek,666.0,https://www.procyclingstats.com/rider/mattias-skjelmose-jensen
42,PRODHOMME Nicolas,FR,Decathlon AG2R La Mondiale Team,664.0,https://www.procyclingstats.com/rider/nicolas-prodhomme
43,KOOIJ Olav,NL,Team Visma | Lease a Bike,662.0,https://www.procyclingstats.com/rider/olav-kooij
44,BILBAO Pello,ES,Bahrain - Victorious,652.0,https://www.procyclingstats.com/rider/pello-bilbao
45,O'CONNOR Ben,AU,Team Jayco AlUla,646.0,https://www.procyclingstats.com/rider/ben-o-connor
46,MAS Enric,ES,Movistar Team,641.0,https://www.procyclingstats.com/rider/enric-mas
47,LÓPEZ Harold Martín,EC,XDS Astana Team,639.0,https://www.procyclingstats.com/rider/harold-martin-lopez
48,ARANBURU Alex,ES,Cofidis,631.0,https://www.procyclingstats.com/rider/alex-aranburu
49,MARTIN Guillaume,FR,Groupama - FDJ,613.0,https://www.procyclingstats.com/rider/guillaume-martin
50,CARAPAZ Richard,EC,EF Education - EasyPost,612.0,https://www.procyclingstats.com/rider/richard-carapaz
51,GROVES Kaden,AU,Alpecin - Deceuninck,612.0,https://www.procyclingstats.com/rider/kaden-groves
52,TIBERI Antonio,IT,Bahrain - Victorious,604.0,https://www.procyclingstats.com/rider/antonio-tiberi
53,SCHMID Mauro,CH,Team Jayco AlUla,587.0,https://www.procyclingstats.com/rider/mauro-schmid
54,MORGADO António,PT,UAE Team Emirates - XRG,584.0,https://www.procyclingstats.com/rider/antonio-morgado
55,NARVÁEZ Jhonatan,EC,UAE Team Emirates - XRG,583.0,https://www.procyclingstats.com/rider/jhonatan-narvaez
56,BUITRAGO Santiago,CO,Bahrain - Victorious,581.0,https://www.procyclingstats.com/rider/santiago-buitrago-sanchez
57,DE LIE Arnaud,BE,Lotto,564.0,https://www.procyclingstats.com/rider/arnaud-de-lie
58,GATE Aaron,NZ,XDS Astana Team,561.0,https://www.procyclingstats.com/rider/aaron-gate
59,MATTHEWS Michael,AU,Team Jayco AlUla,558.0,https://www.procyclingstats.com/rider/michael-matthews
60,MEEUS Jordi,BE,Red Bull - BORA - hansgrohe,550.0,https://www.procyclingstats.com/rider/jordi-meeus
61,FRETIN Milan,BE,Cofidis,545.0,https://www.procyclingstats.com/rider/milan-fretin
62,VELASCO Simone,IT,XDS Astana Team,539.0,https://www.procyclingstats.com/rider/simone-velasco
63,YATES Adam,GB,UAE Team Emirates - XRG,537.0,https://www.procyclingstats.com/rider/adam-yates
64,JEGAT Jordan,FR,Team TotalEnergies,535.0,https://www.procyclingstats.com/rider/jordan-jegat
65,MULUBRHAN Henok,ER,XDS Astana Team,533.0,https://www.procyclingstats.com/rider/henok-mulubrhan
66,ASKEY Lewis,GB,Groupama - FDJ,525.0,https://www.procyclingstats.com/rider/lewis-askey
67,TULETT Ben,GB,Team Visma | Lease a Bike,510.0,https://www.procyclingstats.com/rider/ben-tulett
68,WATSON Samuel,GB,INEOS Grenadiers,506.0,https://www.procyclingstats.com/rider/samuel-watson
69,SHEFFIELD Magnus,US,INEOS Grenadiers,505.0,https://www.procyclingstats.com/rider/magnus-sheffield
70,KUBIŠ Lukáš,SK,Unibet Tietema Rockets,497.0,https://www.procyclingstats.com/rider/lukas-kubis
71,SILVA Guillermo Thomas,UY,Caja Rural - Seguros RGA,490.0,https://www.procyclingstats.com/rider/guillermo-thomas-silva-coussan
72,DEL GROSSO Tibor,NL,Alpecin - Deceuninck,488.0,https://www.procyclingstats.com/rider/tibor-del-grosso
73,JEANNIÈRE Emilien,FR,Team TotalEnergies,487.0,https://www.procyclingstats.com/rider/emilien-jeanniere
74,BENOOT Tiesj,BE,Team Visma | Lease a Bike,485.0,https://www.procyclingstats.com/rider/tiesj-benoot
75,CORT Magnus,DK,Uno-X Mobility,482.0,https://www.procyclingstats.com/rider/magnus-cort-nielsen
76,WÆRENSKJOLD Søren,NO,Uno-X Mobility,481.0,https://www.procyclingstats.com/rider/soren-waerenskjold
77,BERNAL Egan,CO,INEOS Grenadiers,469.0,https://www.procyclingstats.com/rider/egan-bernal
78,ROMO Javier,ES,Movistar Team,463.0,https://www.procyclingstats.com/rider/javier-romo
79,WELLENS Tim,BE,UAE Team Emirates - XRG,459.0,https://www.procyclingstats.com/rider/tim-wellens
80,VINE Jay,AU,UAE Team Emirates - XRG,454.0,https://www.procyclingstats.com/rider/jay-vine
81,MOSCHETTI Matteo,IT,Q36.5 Pro Cycling Team,451.0,https://www.procyclingstats.com/rider/matteo-moschetti
82,VAN WILDER Ilan,BE,Soudal Quick-Step,449.0,https://www.procyclingstats.com/rider/ilan-van-wilder
83,ULISSI Diego,IT,XDS Astana Team,442.0,https://www.procyclingstats.com/rider/diego-ulissi
84,FISHER-BLACK Finn,NZ,Red Bull - BORA - hansgrohe,433.0,https://www.procyclingstats.com/rider/finn-fisher-black
85,HIRSCHI Marc,CH,Tudor Pro Cycling Team,427.0,https://www.procyclingstats.com/rider/marc-hirschi
86,TRONCHON Bastien,FR,Decathlon AG2R La Mondiale Team,424.0,https://www.procyclingstats.com/rider/bastien-tronchon
87,WRIGHT Fred,GB,Bahrain - Victorious,423.0,https://www.procyclingstats.com/rider/alfred-wright
88,SCHACHMANN Maximilian,DE,Soudal Quick-Step,422.0,https://www.procyclingstats.com/rider/maximilian-schachmann
89,PIGANZOLI Davide,IT,Team Polti VisitMalta,420.0,https://www.procyclingstats.com/rider/davide-piganzoli
90,RENARD Alexis,FR,Cofidis,416.0,https://www.procyclingstats.com/rider/alexis-renard
91,ROMEO Iván,ES,Movistar Team,414.0,https://www.procyclingstats.com/rider/ivan-romeo
92,LECERF Junior,BE,Soudal Quick-Step,410.0,https://www.procyclingstats.com/rider/junior-lecerf
93,KANTER Max,DE,XDS Astana Team,410.0,https://www.procyclingstats.com/rider/max-kanter
94,BAGIOLI Andrea,IT,Lidl - Trek,409.0,https://www.procyclingstats.com/rider/andrea-bagioli
95,CHRISTEN Fabio,CH,Q36.5 Pro Cycling Team,406.0,https://www.procyclingstats.com/rider/fabio-christen
96,NYS Thibau,BE,Lidl - Trek,405.0,https://www.procyclingstats.com/rider/thibau-nys
97,MOLANO Juan Sebastián,CO,UAE Team Emirates - XRG,402.0,https://www.procyclingstats.com/rider/juan-sebastian-molano
98,CARUSO Damiano,IT,Bahrain - Victorious,402.0,https://www.procyclingstats.com/rider/damiano-caruso
99,TEUNISSEN Mike,NL,XDS Astana Team,397.0,https://www.procyclingstats.com/rider/mike-teunissen
100,RUBIO Einer,CO,Movistar Team,397.0,https://www.procyclingstats.com/rider/einer-rubio
101,PLAPP Luke,AU,Team Jayco AlUla,396.0,https://www.procyclingstats.com/rider/luke-plapp
102,COQUARD Bryan,FR,Cofidis,394.0,https://www.procyclingstats.com/rider/bryan-coquard
103,RODRÍGUEZ Cristián,ES,Arkéa - B&B Hotels,392.0,https://www.procyclingstats.com/rider/cristian-rodriguez
104,LAURANCE Axel,FR,INEOS Grenadiers,392.0,https://www.procyclingstats.com/rider/axel-laurance
105,PELLIZZARI Giulio,IT,Red Bull - BORA - hansgrohe,392.0,https://www.procyclingstats.com/rider/giulio-pellizzari
106,LANGELLOTTI Victor,MC,INEOS Grenadiers,392.0,https://www.procyclingstats.com/rider/victor-langellotti
107,VACEK Mathias,CZ,Lidl - Trek,388.0,https://www.procyclingstats.com/rider/mathias-vacek
108,BAUHAUS Phil,DE,Bahrain - Victorious,375.0,https://www.procyclingstats.com/rider/phil-bauhaus
109,HOFSTETTER Hugo,FR,Israel - Premier Tech,375.0,https://www.procyclingstats.com/rider/hugo-hofstetter
110,COVI Alessandro,IT,UAE Team Emirates - XRG,372.0,https://www.procyclingstats.com/rider/alessandro-covi
111,VAN DEN BERG Marijn,NL,EF Education - EasyPost,366.0,https://www.procyclingstats.com/rider/marijn-van-den-berg
112,VERMEERSCH Florian,BE,UAE Team Emirates - XRG,365.0,https://www.procyclingstats.com/rider/florian-vermeersch
113,BERTHET Clément,FR,Decathlon AG2R La Mondiale Team,364.0,https://www.procyclingstats.com/rider/clement-berthet
114,PARET-PEINTRE Aurélien,FR,Decathlon AG2R La Mondiale Team,361.0,https://www.procyclingstats.com/rider/aurelien-paret-peintre
115,ALAPHILIPPE Julian,FR,Tudor Pro Cycling Team,360.0,https://www.procyclingstats.com/rider/julian-alaphilippe
116,GROßSCHARTNER Felix,AT,UAE Team Emirates - XRG,359.0,https://www.procyclingstats.com/rider/felix-grossschartner
117,LARSEN Niklas,DK,BHS - PL Beton Bornholm,359.0,https://www.procyclingstats.com/rider/niklas-larsen
118,GROENEWEGEN Dylan,NL,Team Jayco AlUla,358.0,https://www.procyclingstats.com/rider/dylan-groenewegen
119,VAN EETVELT Lennert,BE,Lotto,355.0,https://www.procyclingstats.com/rider/lennert-van-eetvelt
120,DVERSNES Fredrik,NO,Uno-X Mobility,354.0,https://www.procyclingstats.com/rider/fredrik-dversnes
121,GRUEL Thibaud,FR,Groupama - FDJ,354.0,https://www.procyclingstats.com/rider/thibaud-gruel
122,KRISTOFF Alexander,NO,Uno-X Mobility,353.0,https://www.procyclingstats.com/rider/alexander-kristoff
123,TOWNSEND Rory,IE,Q36.5 Pro Cycling Team,353.0,https://www.procyclingstats.com/rider/rory-townsend
124,BARRÉ Louis,FR,Intermarché - Wanty,351.0,https://www.procyclingstats.com/rider/louis-barre
125,VAN POPPEL Danny,NL,Red Bull - BORA - hansgrohe,350.0,https://www.procyclingstats.com/rider/danny-van-poppel
126,VAN GILS Maxim,BE,Red Bull - BORA - hansgrohe,348.0,https://www.procyclingstats.com/rider/maxim-van-gils
127,TEJADA Harold,CO,XDS Astana Team,348.0,https://www.procyclingstats.com/rider/harold-tejada
128,UIJTDEBROEKS Cian,BE,Team Visma | Lease a Bike,344.0,https://www.procyclingstats.com/rider/cian-uijtdebroeks
129,KULSET Johannes,NO,Uno-X Mobility,343.0,https://www.procyclingstats.com/rider/johannes-kulset
130,PARET-PEINTRE Valentin,FR,Soudal Quick-Step,343.0,https://www.procyclingstats.com/rider/valentin-paret-peintre
131,CASTRILLO Pablo,ES,Movistar Team,341.0,https://www.procyclingstats.com/rider/pablo-castrillo-zapater
132,SALBY Alexander,DK,Li Ning Star,341.0,https://www.procyclingstats.com/rider/alexander-salby
133,CANAL Carlos,ES,Movistar Team,340.0,https://www.procyclingstats.com/rider/carlos-canal
134,BALLERINI Davide,IT,XDS Astana Team,340.0,https://www.procyclingstats.com/rider/davide-ballerini
135,MENTEN Milan,BE,Lotto,335.0,https://www.procyclingstats.com/rider/milan-menten
136,AULAR Orluis,VE,Movistar Team,334.0,https://www.procyclingstats.com/rider/orluis-aular
137,RICCITELLO Matthew,US,Israel - Premier Tech,334.0,https://www.procyclingstats.com/rider/matthew-riccitello
138,LANDA Mikel,ES,Soudal Quick-Step,334.0,https://www.procyclingstats.com/rider/mikel-landa
139,BITTNER Pavel,CZ,Team Picnic PostNL,330.0,https://www.procyclingstats.com/rider/pavel-bittner
140,JOHANNESSEN Anders Halland,NO,Uno-X Mobility,329.0,https://www.procyclingstats.com/rider/anders-halland-johannessen
141,ABRAHAMSEN Jonas,NO,Uno-X Mobility,325.0,https://www.procyclingstats.com/rider/jonas-abrahamsen
142,FREDHEIM Stian,NO,Uno-X Mobility,323.0,https://www.procyclingstats.com/rider/stian-fredheim
143,MAJKA Rafał,PL,UAE Team Emirates - XRG,320.0,https://www.procyclingstats.com/rider/rafal-majka
144,DÉMARE Arnaud,FR,Arkéa - B&B Hotels,320.0,https://www.procyclingstats.com/rider/arnaud-demare
145,DE LA CRUZ David,ES,Q36.5 Pro Cycling Team,318.0,https://www.procyclingstats.com/rider/david-de-la-cruz
146,VENTURINI Clément,FR,Arkéa - B&B Hotels,318.0,https://www.procyclingstats.com/rider/clement-venturini
147,BARRENETXEA Jon,ES,Movistar Team,317.0,https://www.procyclingstats.com/rider/jon-barrenetxea-golzarri
148,DAINESE Alberto,IT,Tudor Pro Cycling Team,313.0,https://www.procyclingstats.com/rider/alberto-dainese
149,POELS Wout,NL,XDS Astana Team,304.0,https://www.procyclingstats.com/rider/wout-poels
150,BLIKRA Erlend,NO,Uno-X Mobility,301.0,https://www.procyclingstats.com/rider/erlend-blikra
151,STUYVEN Jasper,BE,Lidl - Trek,301.0,https://www.procyclingstats.com/rider/jasper-stuyven
152,GUERIN Alexis,FR,Anicolor / Tien 21,301.0,https://www.procyclingstats.com/rider/alexis-guerin
153,REX Laurenz,BE,Intermarché - Wanty,299.0,https://www.procyclingstats.com/rider/laurenz-rex
154,TILLER Rasmus,NO,Uno-X Mobility,295.0,https://www.procyclingstats.com/rider/rasmus-tiller
155,PENHOËT Paul,FR,Groupama - FDJ,293.0,https://www.procyclingstats.com/rider/paul-penhoet
156,WELSFORD Sam,AU,Red Bull - BORA - hansgrohe,289.0,https://www.procyclingstats.com/rider/sam-welsford
157,RODRÍGUEZ Carlos,ES,INEOS Grenadiers,287.0,https://www.procyclingstats.com/rider/carlos-rodriguez-cano
158,GILMORE Brady,AU,Israel Premier Tech Academy,285.0,https://www.procyclingstats.com/rider/brady-gilmore
159,SOLER Marc,ES,UAE Team Emirates - XRG,283.0,https://www.procyclingstats.com/rider/marc-soler
160,QUARTUCCI Lorenzo,IT,Team Solution Tech - Vini Fantini,282.0,https://www.procyclingstats.com/rider/lorenzo-quartucci
161,MADOUAS Valentin,FR,Groupama - FDJ,282.0,https://www.procyclingstats.com/rider/valentin-madouas
162,POOLE Max,GB,Team Picnic PostNL,281.0,https://www.procyclingstats.com/rider/max-poole
163,FRIGO Marco,IT,Israel - Premier Tech,280.0,https://www.procyclingstats.com/rider/marco-frigo
164,HOELGAARD Markus,NO,Uno-X Mobility,277.0,https://www.procyclingstats.com/rider/markus-hoelgaard
165,SIMMONS Quinn,US,Lidl - Trek,277.0,https://www.procyclingstats.com/rider/quinn-simmons
166,PLUIMERS Rick,NL,Tudor Pro Cycling Team,275.0,https://www.procyclingstats.com/rider/rick-pluimers
167,COSNEFROY Benoît,FR,Decathlon AG2R La Mondiale Team,273.0,https://www.procyclingstats.com/rider/benoit-cosnefroy
168,DELETTRE Alexandre,FR,Team TotalEnergies,268.0,https://www.procyclingstats.com/rider/alexandre-delettre
169,BARCELÓ Fernando,ES,Caja Rural - Seguros RGA,267.0,https://www.procyclingstats.com/rider/fernando-barcelo
170,SEIXAS Paul,FR,Decathlon AG2R La Mondiale Team,265.0,https://www.procyclingstats.com/rider/paul-seixas
171,HINDLEY Jai,AU,Red Bull - BORA - hansgrohe,265.0,https://www.procyclingstats.com/rider/jai-hindley
172,HARPER Chris,AU,Team Jayco AlUla,264.0,https://www.procyclingstats.com/rider/chris-harper
173,TRENTIN Matteo,IT,Tudor Pro Cycling Team,262.0,https://www.procyclingstats.com/rider/matteo-trentin
174,VAN DEN BROEK Frank,NL,Team Picnic PostNL,261.0,https://www.procyclingstats.com/rider/frank-van-den-broek
175,TURNER Ben,GB,INEOS Grenadiers,261.0,https://www.procyclingstats.com/rider/ben-turner
176,TARLING Joshua,GB,INEOS Grenadiers,260.0,https://www.procyclingstats.com/rider/joshua-tarling
177,SEGAERT Alec,BE,Lotto,259.0,https://www.procyclingstats.com/rider/alec-segaert
178,TURGIS Anthony,FR,Team TotalEnergies,256.0,https://www.procyclingstats.com/rider/anthony-turgis
179,SIVAKOV Pavel,FR,UAE Team Emirates - XRG,256.0,https://www.procyclingstats.com/rider/pavel-sivakov
180,TSARENKO Kyrylo,UA,Team Solution Tech - Vini Fantini,256.0,https://www.procyclingstats.com/rider/kyrylo-tsarenko
181,BARONCINI Filippo,IT,UAE Team Emirates - XRG,254.0,https://www.procyclingstats.com/rider/filippo-baroncini
182,DE PLUS Laurens,BE,INEOS Grenadiers,254.0,https://www.procyclingstats.com/rider/laurens-de-plus
183,PRADES Eduard,ES,Caja Rural - Seguros RGA,253.0,https://www.procyclingstats.com/rider/eduard-prades
184,STEWART Jake,GB,Israel - Premier Tech,253.0,https://www.procyclingstats.com/rider/jake-stewart
185,DUJARDIN Sandy,FR,Team TotalEnergies,251.0,https://www.procyclingstats.com/rider/sandy-dujardin
186,FEDOROV Yevgeniy,KZ,XDS Astana Team,251.0,https://www.procyclingstats.com/rider/yevgeniy-fedorov
187,STORK Florian,DE,Tudor Pro Cycling Team,251.0,https://www.procyclingstats.com/rider/florian-stork
188,LONARDI Giovanni,IT,Team Polti VisitMalta,251.0,https://www.procyclingstats.com/rider/giovanni-lonardi
189,TEUTENBERG Tim Torn,DE,Lidl - Trek,250.0,https://www.procyclingstats.com/rider/tim-torn-teutenberg
190,ZIMMERMANN Georg,DE,Intermarché - Wanty,249.0,https://www.procyclingstats.com/rider/georg-zimmermann
191,FIORELLI Filippo,IT,VF Group - Bardiani CSF - Faizanè,249.0,https://www.procyclingstats.com/rider/filippo-fiorelli
192,WITHEN PHILIPSEN Albert,DK,Lidl - Trek,246.0,https://www.procyclingstats.com/rider/albert-withen-philipsen
193,MALUCELLI Matteo,IT,XDS Astana Team,246.0,https://www.procyclingstats.com/rider/matteo-malucelli
194,HAYTER Ethan,GB,Soudal Quick-Step,245.0,https://www.procyclingstats.com/rider/ethan-hayter
195,LAMPERTI Luke,US,Soudal Quick-Step,244.0,https://www.procyclingstats.com/rider/luke-lamperti
196,LAPEIRA Paul,FR,Decathlon AG2R La Mondiale Team,242.0,https://www.procyclingstats.com/rider/paul-lapeira
197,BERCKMOES Jenno,BE,Lotto,242.0,https://www.procyclingstats.com/rider/jenno-berckmoes
198,DÍAZ José Manuel,ES,Burgos Burpellet BH,242.0,https://www.procyclingstats.com/rider/jose-manuel-diaz-gallego
199,KÜNG Stefan,CH,Groupama - FDJ,241.0,https://www.procyclingstats.com/rider/stefan-kung
200,VERMEERSCH Gianni,BE,Alpecin - Deceuninck,240.0,https://www.procyclingstats.com/rider/gianni-vermeersch
201,KOPECKÝ Matyáš,CZ,Team Novo Nordisk,239.0,https://www.procyclingstats.com/rider/matyas-kopecky
202,BIERMANS Jenthe,BE,Arkéa - B&B Hotels,238.0,https://www.procyclingstats.com/rider/jenthe-biermans
203,GODON Dorian,FR,Decathlon AG2R La Mondiale Team,237.0,https://www.procyclingstats.com/rider/dorian-godon
204,MIHKELS Madis,EE,EF Education - EasyPost,236.0,https://www.procyclingstats.com/rider/madis-mihkels
205,ARRIETA Igor,ES,UAE Team Emirates - XRG,236.0,https://www.procyclingstats.com/rider/igor-arrieta-lizarraga
206,MIQUEL Pau,ES,Equipo Kern Pharma,231.0,https://www.procyclingstats.com/rider/pau-miquel-delgado
207,NYCH Artem,RU,Anicolor / Tien 21,231.0,https://www.procyclingstats.com/rider/artem-nych
208,BARGUIL Warren,FR,Team Picnic PostNL,230.0,https://www.procyclingstats.com/rider/warren-barguil
209,KONRAD Patrick,AT,Lidl - Trek,229.0,https://www.procyclingstats.com/rider/patrick-konrad
210,FAGÚNDEZ Eric Antonio,UY,Burgos Burpellet BH,229.0,https://www.procyclingstats.com/rider/eric-antonio-fagundez
211,BLACKMORE Joseph,GB,Israel - Premier Tech,229.0,https://www.procyclingstats.com/rider/joseph-blackmore
212,HIGUITA Sergio,CO,XDS Astana Team,228.0,https://www.procyclingstats.com/rider/sergio-higuita
213,SOBRERO Matteo,IT,Red Bull - BORA - hansgrohe,228.0,https://www.procyclingstats.com/rider/matteo-sobrero
214,PITHIE Laurence,NZ,Red Bull - BORA - hansgrohe,227.0,https://www.procyclingstats.com/rider/laurence-pithie
215,ALBANESE Vincenzo,IT,EF Education - EasyPost,227.0,https://www.procyclingstats.com/rider/vincenzo-albanese
216,ACKERMANN Pascal,DE,Israel - Premier Tech,226.0,https://www.procyclingstats.com/rider/pascal-ackermann
217,GARCÍA CORTINA Iván,ES,Movistar Team,225.0,https://www.procyclingstats.com/rider/ivan-garcia-cortina
218,BARDET Romain,FR,,224.0,https://www.procyclingstats.com/rider/romain-bardet
219,HERMANS Quinten,BE,Alpecin - Deceuninck,223.0,https://www.procyclingstats.com/rider/quinten-hermans
220,BOL Cees,NL,XDS Astana Team,223.0,https://www.procyclingstats.com/rider/cees-bol
221,RAJOVIĆ Dušan,RS,Team Solution Tech - Vini Fantini,221.0,https://www.procyclingstats.com/rider/dusan-rajovic
222,HOOLE Daan,NL,Lidl - Trek,221.0,https://www.procyclingstats.com/rider/daan-hoole
223,VERNON Ethan,GB,Israel - Premier Tech,221.0,https://www.procyclingstats.com/rider/ethan-vernon
224,LÓPEZ Juan Pedro,ES,Lidl - Trek,218.0,https://www.procyclingstats.com/rider/juan-pedro-lopez
225,PEÑA Jesús David,CO,APHotels & Resorts / Tavira / SC Farense,218.0,https://www.procyclingstats.com/rider/jesus-david-pena-jimenez
226,THOMAS Benjamin,FR,Cofidis,218.0,https://www.procyclingstats.com/rider/benjamin-thomas-2
227,CARBONI Giovanni,IT,Unibet Tietema Rockets,215.0,https://www.procyclingstats.com/rider/giovanni-carboni
228,LEKNESSUND Andreas,NO,Uno-X Mobility,215.0,https://www.procyclingstats.com/rider/andreas-leknessund
229,GARCÍA PIERNA Raúl,ES,Arkéa - B&B Hotels,213.0,https://www.procyclingstats.com/rider/raul-garcia-pierna
230,ADRIÀ Roger,ES,Red Bull - BORA - hansgrohe,212.0,https://www.procyclingstats.com/rider/roger-adria
231,BISSEGGER Stefan,CH,Decathlon AG2R La Mondiale Team,209.0,https://www.procyclingstats.com/rider/stefan-bissegger
232,MAIRE Adrien,FR,Unibet Tietema Rockets,209.0,https://www.procyclingstats.com/rider/adrien-maire
233,RONDEL Mathys,FR,Tudor Pro Cycling Team,208.0,https://www.procyclingstats.com/rider/mathys-rondel
234,VAN MOER Brent,BE,Lotto,208.0,https://www.procyclingstats.com/rider/brent-van-moer
235,VERCHER Mattéo,FR,Team TotalEnergies,208.0,https://www.procyclingstats.com/rider/matheo-vercher
236,PARRA José Félix,ES,Equipo Kern Pharma,207.0,https://www.procyclingstats.com/rider/jose-felix-parra
237,ANIOŁKOWSKI Stanisław,PL,Cofidis,206.0,https://www.procyclingstats.com/rider/stanislaw-aniolkowski
238,DE BONDT Dries,BE,Decathlon AG2R La Mondiale Team,206.0,https://www.procyclingstats.com/rider/dries-de-bondt
239,GAUTHERAT Pierre,FR,Decathlon AG2R La Mondiale Team,206.0,https://www.procyclingstats.com/rider/pierre-gautherat
240,KUSS Sepp,US,Team Visma | Lease a Bike,205.0,https://www.procyclingstats.com/rider/sepp-kuss
241,THEUNS Edward,BE,Lidl - Trek,204.0,https://www.procyclingstats.com/rider/edward-theuns
242,SÖDERQVIST Jakob,SE,Lidl - Trek Future Racing,204.0,https://www.procyclingstats.com/rider/jakob-soderqvist
243,BISIAUX Léo,FR,Decathlon AG2R La Mondiale Team,204.0,https://www.procyclingstats.com/rider/leo-bisiaux
244,ETXEBERRIA Haimar,ES,Equipo Kern Pharma,203.0,https://www.procyclingstats.com/rider/haimar-etxeberria
245,BETTIOL Alberto,IT,XDS Astana Team,202.0,https://www.procyclingstats.com/rider/alberto-bettiol
246,LATOUR Pierre,FR,Team TotalEnergies,201.0,https://www.procyclingstats.com/rider/pierre-latour
247,MOHORIČ Matej,SI,Bahrain - Victorious,201.0,https://www.procyclingstats.com/rider/matej-mohoric
248,EEKHOFF Nils,NL,Team Picnic PostNL,201.0,https://www.procyclingstats.com/rider/nils-eekhoff
249,MARIT Arne,BE,Intermarché - Wanty,200.0,https://www.procyclingstats.com/rider/arne-marit
250,ZAMBANINI Edoardo,IT,Bahrain - Victorious,200.0,https://www.procyclingstats.com/rider/edoardo-zambanini
251,CRAS Steff,BE,Team TotalEnergies,198.0,https://www.procyclingstats.com/rider/steff-cras
252,HERRADA Jesús,ES,Cofidis,197.0,https://www.procyclingstats.com/rider/jesus-herrada-lopez
253,TEUNS Dylan,BE,Cofidis,197.0,https://www.procyclingstats.com/rider/dylan-teuns
254,BREUILLARD Nicolas,FR,St Michel - Preference Home - Auber93,196.0,https://www.procyclingstats.com/rider/nicolas-breuillard
255,STAUNE-MITTET Johannes,NO,Decathlon AG2R La Mondiale Team,195.0,https://www.procyclingstats.com/rider/johannes-staune-mittet
256,VENDRAME Andrea,IT,Decathlon AG2R La Mondiale Team,193.0,https://www.procyclingstats.com/rider/andrea-vendrame
257,VLASOV Aleksandr,RU,Red Bull - BORA - hansgrohe,193.0,https://www.procyclingstats.com/rider/aleksandr-vlasov
258,MEURISSE Xandro,BE,Alpecin - Deceuninck,192.0,https://www.procyclingstats.com/rider/xandro-meurisse
259,CASTELLON Jan,ES,Caja Rural - Seguros RGA,191.0,https://www.procyclingstats.com/rider/jan-castellon
260,MÜHLBERGER Gregor,AT,Movistar Team,190.0,https://www.procyclingstats.com/rider/gregor-muhlberger
261,SKUJIŅŠ Toms,LV,Lidl - Trek,189.0,https://www.procyclingstats.com/rider/toms-skujins
262,DEHAIRS Simon,BE,Alpecin - Deceuninck,188.0,https://www.procyclingstats.com/rider/simon-dehairs
263,KIELICH Timo,BE,Alpecin - Deceuninck,188.0,https://www.procyclingstats.com/rider/timo-kielich
264,RIKUNOV Petr,RU,Chengdu DYC Cycling Team,188.0,https://www.procyclingstats.com/rider/petr-rikunov
265,LIVYNS Arjen,BE,Lotto,187.0,https://www.procyclingstats.com/rider/arjen-livyns
266,BRENNER Marco,DE,Tudor Pro Cycling Team,186.0,https://www.procyclingstats.com/rider/marco-brenner
267,BENNETT Sam,IE,Decathlon AG2R La Mondiale Team,186.0,https://www.procyclingstats.com/rider/sam-bennett
268,BUCHMANN Emanuel,DE,Cofidis,186.0,https://www.procyclingstats.com/rider/emanuel-buchmann
269,LOOCKX Lander,BE,Unibet Tietema Rockets,185.0,https://www.procyclingstats.com/rider/lander-loockx
270,ROCHAS Rémy,FR,Groupama - FDJ,184.0,https://www.procyclingstats.com/rider/remy-rochas
271,FOSS Tobias,NO,INEOS Grenadiers,184.0,https://www.procyclingstats.com/rider/tobias-foss
272,ENGELHARDT Felix,DE,Team Jayco AlUla,184.0,https://www.procyclingstats.com/rider/felix-engelhardt
273,GALVÁN Francisco,ES,Equipo Kern Pharma,183.0,https://www.procyclingstats.com/rider/francisco-galvan
274,FOLDAGER Anders,DK,Team Jayco AlUla,183.0,https://www.procyclingstats.com/rider/anders-foldager
275,SVESTAD-BÅRDSENG Embret,NO,Arkéa - B&B Hotels,182.0,https://www.procyclingstats.com/rider/embret-svestad-bardseng
276,VAN UDEN Casper,NL,Team Picnic PostNL,182.0,https://www.procyclingstats.com/rider/casper-van-uden
277,CAPIOT Amaury,BE,Arkéa - B&B Hotels,181.0,https://www.procyclingstats.com/rider/amaury-capiot
278,MOLENAAR Alex,NL,Caja Rural - Seguros RGA,181.0,https://www.procyclingstats.com/rider/alex-molenaar
279,FORMOLO Davide,IT,Movistar Team,180.0,https://www.procyclingstats.com/rider/davide-formolo
280,CAMPENAERTS Victor,BE,Team Visma | Lease a Bike,180.0,https://www.procyclingstats.com/rider/victor-campenaerts
281,GAUDU David,FR,Groupama - FDJ,177.0,https://www.procyclingstats.com/rider/david-gaudu
282,EIKING Odd Christian,NO,Unibet Tietema Rockets,176.0,https://www.procyclingstats.com/rider/odd-christian-eiking
283,BOGUSŁAWSKI Marceli,PL,ATT Investments,175.0,https://www.procyclingstats.com/rider/marceli-boguslawski
284,DOUBEY Fabien,FR,Team TotalEnergies,174.0,https://www.procyclingstats.com/rider/fabien-doubey
285,COBO Iván,ES,Equipo Kern Pharma,173.0,https://www.procyclingstats.com/rider/ivan-cobo-cayon
286,AFFINI Edoardo,IT,Team Visma | Lease a Bike,173.0,https://www.procyclingstats.com/rider/edoardo-affini
287,RYAN Archie,IE,EF Education - EasyPost,170.0,https://www.procyclingstats.com/rider/archie-ryan
288,ASGREEN Kasper,DK,EF Education - EasyPost,168.0,https://www.procyclingstats.com/rider/kasper-asgreen
289,PEÑALVER Manuel,ES,Team Polti VisitMalta,168.0,https://www.procyclingstats.com/rider/manuel-penalver
290,HOLTER Ådne,NO,Uno-X Mobility,167.0,https://www.procyclingstats.com/rider/adne-holter
291,MOZZATO Luca,IT,Arkéa - B&B Hotels,167.0,https://www.procyclingstats.com/rider/luca-mozzato
292,BARTA Will,US,Movistar Team,166.0,https://www.procyclingstats.com/rider/william-barta
293,VAN HEMELEN Vincent,BE,Team Flanders - Baloise,166.0,https://www.procyclingstats.com/rider/vincent-van-hemelen
294,DENZ Nico,DE,Red Bull - BORA - hansgrohe,165.0,https://www.procyclingstats.com/rider/nico-denz
295,WIDAR Jarno,BE,Lotto Development Team,165.0,https://www.procyclingstats.com/rider/jarno-widar
296,OMRZEL Jakob,SI,Bahrain Victorious Development Team,165.0,https://www.procyclingstats.com/rider/jakob-omrzel
297,RUTSCH Jonas,DE,Intermarché - Wanty,164.0,https://www.procyclingstats.com/rider/jonas-rutsch
298,KÄMNA Lennard,DE,Lidl - Trek,164.0,https://www.procyclingstats.com/rider/lennard-kamna
299,SAFARZADEH Saeid,IR,Tianyoude Hotel Cycling Team,164.0,https://www.procyclingstats.com/rider/saeid-safarzadeh
300,HOWSON Damien,AU,Q36.5 Pro Cycling Team,163.0,https://www.procyclingstats.com/rider/damien-howson
301,DONOVAN Mark,GB,Q36.5 Pro Cycling Team,163.0,https://www.procyclingstats.com/rider/mark-donovan
302,MAEKELE Milkias,ER,BIKE AID,162.0,https://www.procyclingstats.com/rider/milkias-maekele
303,GEOGHEGAN HART Tao,GB,Lidl - Trek,162.0,https://www.procyclingstats.com/rider/tao-geoghegan-hart
304,PEDERSEN Casper,DK,Soudal Quick-Step,161.0,https://www.procyclingstats.com/rider/casper-pedersen
305,RUSSO Clément,FR,Groupama - FDJ,161.0,https://www.procyclingstats.com/rider/clement-russo
306,BERRADE Urko,ES,Equipo Kern Pharma,159.0,https://www.procyclingstats.com/rider/urko-berrade-fernandez
307,ZINGLE Axel,FR,Team Visma | Lease a Bike,158.0,https://www.procyclingstats.com/rider/axel-zingle
308,MAYRHOFER Marius,DE,Tudor Pro Cycling Team,157.0,https://www.procyclingstats.com/rider/marius-mayrhofer
309,MARCELLUSI Martin,IT,VF Group - Bardiani CSF - Faizanè,157.0,https://www.procyclingstats.com/rider/martin-marcellusi
310,WOODS Michael,CA,Israel - Premier Tech,156.0,https://www.procyclingstats.com/rider/michael-woods
311,FANCELLU Alessandro,IT,Team UKYO,156.0,https://www.procyclingstats.com/rider/alessandro-fancellu
312,GUERREIRO Ruben,PT,Movistar Team,156.0,https://www.procyclingstats.com/rider/ruben-guerreiro
313,HODEG Álvaro José,CO,Team Medellín - EPM,156.0,https://www.procyclingstats.com/rider/alvaro-jose-hodeg
314,RAILEANU Cristian,RO,Li Ning Star,155.0,https://www.procyclingstats.com/rider/cristian-raileanu
315,LYU Xianjing,CN,China Anta - Mentech Cycling Team,153.0,https://www.procyclingstats.com/rider/xianjing-lyu
316,TESFATSION Natnael,ER,Movistar Team,152.0,https://www.procyclingstats.com/rider/natnael-tesfatsion
317,ZIJLAARD Maikel,NL,Tudor Pro Cycling Team,151.0,https://www.procyclingstats.com/rider/maikel-zijlaard
318,AGIRRE Jon,ES,Euskaltel - Euskadi,149.0,https://www.procyclingstats.com/rider/jon-agirre
319,BUDZIŃSKI Marcin,PL,ATT Investments,148.0,https://www.procyclingstats.com/rider/marcin-budzinski
320,SCHIFFER Anton,DE,BIKE AID,148.0,https://www.procyclingstats.com/rider/anton-schiffer
321,CHAVES Esteban,CO,EF Education - EasyPost,147.0,https://www.procyclingstats.com/rider/johan-esteban-chaves
322,ZANA Filippo,IT,Team Jayco AlUla,147.0,https://www.procyclingstats.com/rider/filippo-zana
323,LEITÃO Iúri,PT,Caja Rural - Seguros RGA,146.0,https://www.procyclingstats.com/rider/iuri-leitao
324,CEPEDA Jefferson Alveiro,EC,Movistar Team,146.0,https://www.procyclingstats.com/rider/jefferson-cepeda-hernandez
325,COSTIOU Ewen,FR,Arkéa - B&B Hotels,146.0,https://www.procyclingstats.com/rider/ewen-costiou
326,CHAWCHIANGKWANG Peerapol,TH,Thailand Continental Cycling Team,145.0,https://www.procyclingstats.com/rider/peerapol-chawchiangkwang
327,LUTSENKO Alexey,KZ,Israel - Premier Tech,145.0,https://www.procyclingstats.com/rider/aleksey-lutsenko
328,CATTANEO Mattia,IT,Soudal Quick-Step,144.0,https://www.procyclingstats.com/rider/mattia-cattaneo
329,KNIGHT Oliver,GB,Cofidis,144.0,https://www.procyclingstats.com/rider/oliver-knight
330,TOLIO Alex,IT,VF Group - Bardiani CSF - Faizanè,144.0,https://www.procyclingstats.com/rider/alex-tolio
331,GENIETS Kevin,LU,Groupama - FDJ,143.0,https://www.procyclingstats.com/rider/kevin-geniets
332,OLIVEIRA Ivo,PT,UAE Team Emirates - XRG,143.0,https://www.procyclingstats.com/rider/ivo-emanuel-alves
333,SHEEHAN Riley,US,Israel - Premier Tech,143.0,https://www.procyclingstats.com/rider/riley-sheehan
334,NORDHAGEN Jørgen,NO,Team Visma | Lease a Bike,142.0,https://www.procyclingstats.com/rider/jorgen-nordhagen
335,MARTINEZ Juan Guillermo,CO,Team Picnic PostNL,140.0,https://www.procyclingstats.com/rider/guillermo-juan-martinez
336,ALEOTTI Giovanni,IT,Red Bull - BORA - hansgrohe,138.0,https://www.procyclingstats.com/rider/giovanni-aleotti
337,LOUVEL Matis,FR,Israel - Premier Tech,138.0,https://www.procyclingstats.com/rider/matis-louvel
338,HALLER Marco,AT,Tudor Pro Cycling Team,138.0,https://www.procyclingstats.com/rider/marco-haller
339,VAN DIJKE Mick,NL,Red Bull - BORA - hansgrohe,137.0,https://www.procyclingstats.com/rider/mick-van-dijke
340,DE BOD Stefan,ZA,Terengganu Cycling Team,136.0,https://www.procyclingstats.com/rider/stefan-de-bod
341,CAICEDO Jonathan Klever,EC,Petrolike,135.0,https://www.procyclingstats.com/rider/jonathan-klever-caicedo
342,ARMIRAIL Bruno,FR,Decathlon AG2R La Mondiale Team,135.0,https://www.procyclingstats.com/rider/bruno-armirail
343,PAGE Hugo,FR,Intermarché - Wanty,135.0,https://www.procyclingstats.com/rider/hugo-page
344,KELDERMAN Wilco,NL,Team Visma | Lease a Bike,135.0,https://www.procyclingstats.com/rider/wilco-kelderman
345,HAJEK Alexander,AT,Red Bull - BORA - hansgrohe,135.0,https://www.procyclingstats.com/rider/alexander-hajek
346,MONIQUET Sylvain,BE,Cofidis,134.0,https://www.procyclingstats.com/rider/sylvain-moniquet
347,PITA Cristian David,EC,Huansheng - Vonoa - Taishan Sport Team,133.0,https://www.procyclingstats.com/rider/cristian-david-pita
348,SPARFEL Aubin,FR,Decathlon AG2R La Mondiale Development Team,133.0,https://www.procyclingstats.com/rider/aubin-sparfel
349,PACHER Quentin,FR,Groupama - FDJ,132.0,https://www.procyclingstats.com/rider/quentin-pacher
350,JUARISTI Txomin,ES,Euskaltel - Euskadi,132.0,https://www.procyclingstats.com/rider/txomin-juaristi
351,LAAS Martin,EE,Quick Pro Team,132.0,https://www.procyclingstats.com/rider/martin-laas
352,SAINBAYAR Jambaljamts,MN,Burgos Burpellet BH,131.0,https://www.procyclingstats.com/rider/jambaljamts-sainbayar
353,NIZZOLO Giacomo,IT,Q36.5 Pro Cycling Team,131.0,https://www.procyclingstats.com/rider/giacomo-nizzolo
354,ALLEGAERT Piet,BE,Cofidis,131.0,https://www.procyclingstats.com/rider/piet-allegaert
355,DE GENDT Aimé,BE,Cofidis,131.0,https://www.procyclingstats.com/rider/aime-de-gendt
356,EENKHOORN Pascal,NL,Soudal Quick-Step,129.0,https://www.procyclingstats.com/rider/pascal-eenkhoorn
357,WANDAHL Frederik,DK,Red Bull - BORA - hansgrohe,128.0,https://www.procyclingstats.com/rider/frederik-wandahl
358,CHUMIL Sergio Geovani,GT,Burgos Burpellet BH,127.0,https://www.procyclingstats.com/rider/sergio-geovani-chumil-gonzalez
359,BUSATTO Francesco,IT,Intermarché - Wanty,127.0,https://www.procyclingstats.com/rider/francesco-busatto
360,BRAET Vito,BE,Intermarché - Wanty,126.0,https://www.procyclingstats.com/rider/vito-braet
361,VAN MECHELEN Vlad,BE,Bahrain - Victorious,126.0,https://www.procyclingstats.com/rider/vlad-van-mechelen
362,LØLAND Sakarias Koller,NO,Uno-X Mobility,126.0,https://www.procyclingstats.com/rider/sakarias-koller-loland
363,DELBOVE Joris,FR,Team TotalEnergies,125.0,https://www.procyclingstats.com/rider/joris-delbove
364,OLDANI Stefano,IT,Cofidis,125.0,https://www.procyclingstats.com/rider/stefano-oldani
365,TSISHKOU Raman,BY,Li Ning Star,124.0,https://www.procyclingstats.com/rider/raman-tsishkou
366,VAN BOVEN Luca,BE,Intermarché - Wanty,123.0,https://www.procyclingstats.com/rider/luca-van-boven
367,VALTER Attila,HU,Team Visma | Lease a Bike,123.0,https://www.procyclingstats.com/rider/attila-valter
368,VERONA Carlos,ES,Lidl - Trek,122.0,https://www.procyclingstats.com/rider/carlos-verona
369,BAUDIN Alex,FR,EF Education - EasyPost,122.0,https://www.procyclingstats.com/rider/alex-baudin
370,CRESCIOLI Ludovico,IT,Team Polti VisitMalta,122.0,https://www.procyclingstats.com/rider/ludovico-crescioli
371,CHARMIG Anthon,DK,XDS Astana Team,121.0,https://www.procyclingstats.com/rider/anthon-charmig
372,IRIBAR Unai,ES,Equipo Kern Pharma,121.0,https://www.procyclingstats.com/rider/unai-iribar-jauregi
373,MILESI Lorenzo,IT,Movistar Team,121.0,https://www.procyclingstats.com/rider/lorenzo-milesi
374,BALDERSTONE Abel,ES,Caja Rural - Seguros RGA,121.0,https://www.procyclingstats.com/rider/abel-balderstone-roumens
375,VOISARD Yannis,CH,Tudor Pro Cycling Team,120.0,https://www.procyclingstats.com/rider/yannis-voisard
376,NAESEN Oliver,BE,Decathlon AG2R La Mondiale Team,120.0,https://www.procyclingstats.com/rider/oliver-naesen
377,SANDER HANSEN Marcus,DK,BHS - PL Beton Bornholm,120.0,https://www.procyclingstats.com/rider/marcus-sander-hansen
378,VAN DER TUUK Axel,NL,Metec - SOLARWATT p/b Mantel,119.0,https://www.procyclingstats.com/rider/axel-van-der-tuuk
379,ZANONCELLO Enrico,IT,VF Group - Bardiani CSF - Faizanè,118.0,https://www.procyclingstats.com/rider/enrico-zanoncello
380,SWIFT Connor,GB,INEOS Grenadiers,117.0,https://www.procyclingstats.com/rider/connor-swift
381,TSVETKOV Nikita,UZ,OU7 Cycling Team,117.0,https://www.procyclingstats.com/rider/nikita-tsvetkov
382,MARTÍNEZ Daniel Felipe,CO,Red Bull - BORA - hansgrohe,117.0,https://www.procyclingstats.com/rider/daniel-felipe-martinez
383,KRAGH ANDERSEN Søren,DK,Lidl - Trek,117.0,https://www.procyclingstats.com/rider/soren-kragh-andersen
384,KWIATKOWSKI Michał,PL,INEOS Grenadiers,116.0,https://www.procyclingstats.com/rider/michal-kwiatkowski
385,MAESTRI Mirco,IT,Team Polti VisitMalta,116.0,https://www.procyclingstats.com/rider/mirco-maestri
386,MEINTJES Louis,ZA,Intermarché - Wanty,115.0,https://www.procyclingstats.com/rider/louis-meintjes
387,BERASATEGI Xabier,ES,Euskaltel - Euskadi,114.0,https://www.procyclingstats.com/rider/xabier-berasategi-garmendia
388,STEINHAUSER Georg,DE,EF Education - EasyPost,113.0,https://www.procyclingstats.com/rider/georg-steinhauser
389,HONORÉ Mikkel Frølich,DK,EF Education - EasyPost,113.0,https://www.procyclingstats.com/rider/mikkel-honore
390,TJØTTA Martin,NO,Arkéa - B&B Hotels,112.0,https://www.procyclingstats.com/rider/martin-tjotta
391,SMITH Dion,NZ,Intermarché - Wanty,112.0,https://www.procyclingstats.com/rider/dion-smith
392,HAGENES Per Strand,NO,Team Visma | Lease a Bike,112.0,https://www.procyclingstats.com/rider/per-strand-hagenes
393,PINARELLO Alessandro,IT,VF Group - Bardiani CSF - Faizanè,111.0,https://www.procyclingstats.com/rider/alessandro-pinarello
394,VAN ASBROECK Tom,BE,Israel - Premier Tech,111.0,https://www.procyclingstats.com/rider/tom-van-asbroeck
395,ARTZ Huub,NL,Intermarché - Wanty,111.0,https://www.procyclingstats.com/rider/huub-artz
396,PEÑUELA Francisco Joel,VE,Caja Rural - Seguros RGA,110.0,https://www.procyclingstats.com/rider/francisco-penuela
397,TOUZÉ Damien,FR,Cofidis,110.0,https://www.procyclingstats.com/rider/damien-touze
398,IZQUIERDO Clément,FR,Cofidis,110.0,https://www.procyclingstats.com/rider/clement-izquierdo
399,PETER Jannis,DE,Team Vorarlberg,110.0,https://www.procyclingstats.com/rider/jannis-peter
400,UHLIG Henri,DE,Alpecin - Deceuninck,109.0,https://www.procyclingstats.com/rider/henri-uhlig
401,GLOAG Thomas,GB,Team Visma | Lease a Bike,109.0,https://www.procyclingstats.com/rider/thomas-gloag
402,CÔTÉ Pier-André,CA,Israel - Premier Tech,109.0,https://www.procyclingstats.com/rider/pier-andre-cote
403,THIJSSEN Gerben,BE,Intermarché - Wanty,109.0,https://www.procyclingstats.com/rider/gerben-thijssen
404,VALGREN Michael,DK,EF Education - EasyPost,109.0,https://www.procyclingstats.com/rider/michael-valgren-andersen
405,LABROSSE Jordan,FR,Decathlon AG2R La Mondiale Team,107.0,https://www.procyclingstats.com/rider/jordan-labrosse
406,BREGNHØJ Mathias,DK,Terengganu Cycling Team,107.0,https://www.procyclingstats.com/rider/mathias-bregnhoj
407,RUIZ Ibon,ES,Equipo Kern Pharma,107.0,https://www.procyclingstats.com/rider/ibon-ruiz
408,SCOTSON Callum,AU,Decathlon AG2R La Mondiale Team,107.0,https://www.procyclingstats.com/rider/callum-scotson
409,BRAZ AFONSO Clément,FR,Groupama - FDJ,107.0,https://www.procyclingstats.com/rider/clement-braz-afonso
410,KOERDT Bjorn,GB,Team Picnic PostNL,106.0,https://www.procyclingstats.com/rider/bjoern-koerdt
411,KEPPLINGER Rainer,AT,Bahrain - Victorious,106.0,https://www.procyclingstats.com/rider/rainer-kepplinger
412,SHAW James,GB,EF Education - EasyPost,106.0,https://www.procyclingstats.com/rider/james-shaw
413,VAN BAARLE Dylan,NL,Team Visma | Lease a Bike,106.0,https://www.procyclingstats.com/rider/dylan-van-baarle
414,BENNETT George,NZ,Israel - Premier Tech,105.0,https://www.procyclingstats.com/rider/george-bennett
415,BYSTRØM Sven Erik,NO,Groupama - FDJ,105.0,https://www.procyclingstats.com/rider/sven-erik-bystrom
416,ALLENO Clément,FR,Burgos Burpellet BH,105.0,https://www.procyclingstats.com/rider/clement-alleno
417,LIENHARD Fabian,CH,Tudor Pro Cycling Team,105.0,https://www.procyclingstats.com/rider/fabian-lienhard
418,HAMZA Yacine,DZ,Madar Pro Cycling Team,104.0,https://www.procyclingstats.com/rider/yacine-hamza
419,CONCI Nicola,IT,XDS Astana Team,104.0,https://www.procyclingstats.com/rider/nicola-conci
420,HATHERLY Alan,ZA,Team Jayco AlUla,104.0,https://www.procyclingstats.com/rider/alan-hatherly
421,CEPEDA Jefferson Alexander,EC,EF Education - EasyPost,104.0,https://www.procyclingstats.com/rider/jefferson-alexander-cepeda
422,CALLEJAS Edison Alejandro,CO,Petrolike,104.0,https://www.procyclingstats.com/rider/edison-alejandro-callejas-santos
423,DUNBAR Eddie,IE,Team Jayco AlUla,103.0,https://www.procyclingstats.com/rider/edward-irl-dunbar
424,RIVERA Brandon Smith,CO,INEOS Grenadiers,103.0,https://www.procyclingstats.com/rider/brandon-smith-rivera-vargas
425,ARASHIRO Yukiya,JP,Team Solution Tech - Vini Fantini,103.0,https://www.procyclingstats.com/rider/yukiya-arashiro
426,VERMAERKE Kevin,US,Team Picnic PostNL,103.0,https://www.procyclingstats.com/rider/kevin-vermaerke
427,QUINTANA Nairo,CO,Movistar Team,103.0,https://www.procyclingstats.com/rider/nairo-quintana
428,HEIDUK Kim,DE,INEOS Grenadiers,103.0,https://www.procyclingstats.com/rider/kim-heiduk
429,ZERAY Nahom,ER,Team UKYO,102.0,https://www.procyclingstats.com/rider/nahom-zeray-araya
430,PEDERSEN Rasmus Søjberg,DK,Decathlon AG2R La Mondiale Team,102.0,https://www.procyclingstats.com/rider/rasmus-sojbergpedersen
431,SWIFT Ben,GB,INEOS Grenadiers,101.0,https://www.procyclingstats.com/rider/ben-swift
432,BURGAUDEAU Mathieu,FR,Team TotalEnergies,101.0,https://www.procyclingstats.com/rider/mathieu-burgaudeau
433,KRETSCHY Moritz,DE,Israel Premier Tech Academy,101.0,https://www.procyclingstats.com/rider/moritz-kretschy
434,TIVANI German Nicolás,AR,Aviludo - Louletano - Loulé,100.0,https://www.procyclingstats.com/rider/german-nicolas-tivani-perez
435,BRENES Sebastian,CR,Canel's - Java,100.0,https://www.procyclingstats.com/rider/sebastian-brenes
436,NERURKAR Lukas,GB,EF Education - EasyPost,99.0,https://www.procyclingstats.com/rider/lukas-nerurkar
437,GACHIGNARD Thomas,FR,Team TotalEnergies,99.0,https://www.procyclingstats.com/rider/thomas-gachignard
438,MARIAULT Axel,FR,CIC - U - Nantes,99.0,https://www.procyclingstats.com/rider/axel-mariault
439,PLOWRIGHT Jensen,AU,Alpecin - Deceuninck,99.0,https://www.procyclingstats.com/rider/jensen-plowright
440,SWEENY Harry,AU,EF Education - EasyPost,98.0,https://www.procyclingstats.com/rider/harry-sweeny
441,LÓPEZ Jordi,ES,Euskaltel - Euskadi,98.0,https://www.procyclingstats.com/rider/jordi-lopez-caravaca
442,GEENS Jonas,BE,Team Flanders - Baloise,98.0,https://www.procyclingstats.com/rider/jonas-geens
443,KUZMIN Anton,KZ,XDS Astana Team,97.0,https://www.procyclingstats.com/rider/anton-kuzmin
444,LEMMEN Bart,NL,Team Visma | Lease a Bike,97.0,https://www.procyclingstats.com/rider/bart-lemmen
445,VANHOUCKE Harm,BE,Q36.5 Pro Cycling Team,97.0,https://www.procyclingstats.com/rider/harm-vanhoucke
446,TRÆEN Torstein,NO,Bahrain - Victorious,97.0,https://www.procyclingstats.com/rider/torstein-traeen
447,NOVÁK Pavel,CZ,MBH Bank Ballan CSB,97.0,https://www.procyclingstats.com/rider/pavel-novak
448,FERRON Valentin,FR,Cofidis,96.0,https://www.procyclingstats.com/rider/valentin-ferron
449,DE PRETTO Davide,IT,Team Jayco AlUla,96.0,https://www.procyclingstats.com/rider/davide-de-pretto
450,EINHORN Itamar,IL,Israel - Premier Tech,96.0,https://www.procyclingstats.com/rider/itamar-einhorn
451,BRUNEL Alexys,FR,Team TotalEnergies,95.0,https://www.procyclingstats.com/rider/alexys-brunel
452,HAIG Jack,AU,Bahrain - Victorious,95.0,https://www.procyclingstats.com/rider/jack-haig
453,TURCONI Filippo,IT,VF Group - Bardiani CSF - Faizanè,95.0,https://www.procyclingstats.com/rider/filippo-turconi
454,ARVANITOU Nikiforos,GR,Team United Shipping,94.0,https://www.procyclingstats.com/rider/nikiforos-arvanitou
455,COSTA Rui,PT,EF Education - EasyPost,93.0,https://www.procyclingstats.com/rider/rui-costa
456,VERGALLITO Luca,IT,Alpecin - Deceuninck,93.0,https://www.procyclingstats.com/rider/luca-vergallito
457,HABTEAB Yoel,ER,BIKE AID,93.0,https://www.procyclingstats.com/rider/yoel-habteab
458,TORRES Pablo,ES,UAE Team Emirates - XRG,92.0,https://www.procyclingstats.com/rider/pablo-torres-arias
459,DAUPHIN Florian,FR,Team TotalEnergies,92.0,https://www.procyclingstats.com/rider/florian-dauphin
460,MARTÍN Gotzon,ES,Euskaltel - Euskadi,92.0,https://www.procyclingstats.com/rider/gotzon-martin
461,MATTHEIS Oliver,DE,BIKE AID,92.0,https://www.procyclingstats.com/rider/oliver-mattheis
462,GOVEKAR Matevž,SI,Bahrain - Victorious,91.0,https://www.procyclingstats.com/rider/matevz-govekar
463,IZAGIRRE Ion,ES,Cofidis,91.0,https://www.procyclingstats.com/rider/ion-izagirre
464,HOPKINS Dylan,AU,Roojai Insurance,91.0,https://www.procyclingstats.com/rider/dylan-hopkins
465,VIVIANI Elia,IT,Lotto,91.0,https://www.procyclingstats.com/rider/elia-viviani
466,CONTRERAS Rodrigo,CO,Nu Colombia,91.0,https://www.procyclingstats.com/rider/rodrigo-contreras
467,VERRE Alessandro,IT,Arkéa - B&B Hotels,90.0,https://www.procyclingstats.com/rider/alessandro-verre
468,KNOX James,GB,Soudal Quick-Step,90.0,https://www.procyclingstats.com/rider/james-knox
469,DE SCHUYTENEER Steffen,BE,Lotto,90.0,https://www.procyclingstats.com/rider/steffen-de-schuyteneer
470,VAN DIJKE Tim,NL,Red Bull - BORA - hansgrohe,90.0,https://www.procyclingstats.com/rider/tim-van-dijke
471,PLANCKAERT Edward,BE,Alpecin - Deceuninck,90.0,https://www.procyclingstats.com/rider/edward-planckaert
472,BALLABIO Giacomo,IT,Hrinkow Advarics,90.0,https://www.procyclingstats.com/rider/giacomo-ballabio
473,PELLAUD Simon,CH,Li Ning Star,90.0,https://www.procyclingstats.com/rider/simon-pellaud
474,PICKRELL Riley,CA,Israel - Premier Tech,90.0,https://www.procyclingstats.com/rider/riley-pickrell
475,CAMARGO Diego Andrés,CO,Team Medellín - EPM,89.0,https://www.procyclingstats.com/rider/diego-andres-camargo
476,PERICAS Adrià,ES,UAE Team Emirates Gen Z,89.0,https://www.procyclingstats.com/rider/adria-pericas-capdevila
477,BATSAIKHAN Tegsh-Bayar,MN,Roojai Insurance,89.0,https://www.procyclingstats.com/rider/tegsh-bayar-batsaikhan
478,COLNAGHI Luca,IT,VF Group - Bardiani CSF - Faizanè,89.0,https://www.procyclingstats.com/rider/luca-colnaghi
479,GÓMEZ Germán Darío,CO,Team Polti VisitMalta,89.0,https://www.procyclingstats.com/rider/german-dario-gomez
480,DE LA CALLE Hugo,ES,Burgos Burpellet BH,88.0,https://www.procyclingstats.com/rider/hugo-de-la-calle-arango
481,LE BERRE Mathis,FR,Arkéa - B&B Hotels,88.0,https://www.procyclingstats.com/rider/mathis-le-berre
482,ANDERSEN Mads,DK,AIRTOX - Carl Ras,88.0,https://www.procyclingstats.com/rider/mads-andersen
483,BOMBOI Davide,BE,Unibet Tietema Rockets,87.0,https://www.procyclingstats.com/rider/davide-bomboi
484,MAGLI Filippo,IT,VF Group - Bardiani CSF - Faizanè,87.0,https://www.procyclingstats.com/rider/filippo-magli2
485,GAROFOLI Gianmarco,IT,Soudal Quick-Step,86.0,https://www.procyclingstats.com/rider/gianmarco-garofoli
486,MARTÍ Pau,ES,Israel Premier Tech Academy,85.0,https://www.procyclingstats.com/rider/pau-marti-soriano
487,BAIS Davide,IT,Team Polti VisitMalta,85.0,https://www.procyclingstats.com/rider/davide-bais
488,FINN Lorenzo,IT,Red Bull - BORA - hansgrohe Rookies,85.0,https://www.procyclingstats.com/rider/lorenzo-finn
489,NØRTOFT Morten Aalling,DK,Team ColoQuick,84.0,https://www.procyclingstats.com/rider/morten-aalling-nortoft
490,VERSTRYNGE Emiel,BE,Alpecin - Deceuninck,84.0,https://www.procyclingstats.com/rider/emiel-verstrynge
491,MUNTON Byron,ZA,FEIRENSE - BEECELER,84.0,https://www.procyclingstats.com/rider/byron-munton
492,ROULAND Louis,FR,Arkéa - B&B Hotels,83.0,https://www.procyclingstats.com/rider/louis-rouland
493,WALSCHEID Max,DE,Team Jayco AlUla,83.0,https://www.procyclingstats.com/rider/max-walscheid
494,SYRITSA Gleb,RU,XDS Astana Development Team,83.0,https://www.procyclingstats.com/rider/gleb-syritsa
495,FELDHOFFER Bálint,HU,Team United Shipping,83.0,https://www.procyclingstats.com/rider/balint-feldhoffer
496,VAHTRA Norman,EE,China Anta - Mentech Cycling Team,83.0,https://www.procyclingstats.com/rider/norman-vahtra
497,CONSONNI Simone,IT,Lidl - Trek,82.0,https://www.procyclingstats.com/rider/simone-consonni
498,JUNGELS Bob,LU,INEOS Grenadiers,82.0,https://www.procyclingstats.com/rider/bob-jungels
499,POLITT Nils,DE,UAE Team Emirates - XRG,82.0,https://www.procyclingstats.com/rider/nils-politt
500,GOLDSTEIN Omer,IL,Shenzhen Kung Cycling Team,82.0,https://www.procyclingstats.com/rider/omer-goldstein
501,VAN DEN BOSSCHE Fabio,BE,Alpecin - Deceuninck,81.0,https://www.procyclingstats.com/rider/fabio-van-den-bossche
502,MINTEGI Iker,ES,Euskaltel - Euskadi,81.0,https://www.procyclingstats.com/rider/iker-mintegi-claver
503,AUGUST Andrew,US,INEOS Grenadiers,81.0,https://www.procyclingstats.com/rider/andrew-august
504,KOISHI Yuma,JP,Team UKYO,81.0,https://www.procyclingstats.com/rider/yuma-koishi
505,ROTA Lorenzo,IT,Intermarché - Wanty,81.0,https://www.procyclingstats.com/rider/lorenzo-rota
506,KENCH Josh,NZ,Li Ning Star,80.0,https://www.procyclingstats.com/rider/josh-kench
507,SCHWARZBACHER Matthias,SK,UAE Team Emirates Gen Z,80.0,https://www.procyclingstats.com/rider/matthias-schwarzbacher
508,RACCANI Simone,IT,Team UKYO,80.0,https://www.procyclingstats.com/rider/simone-raccani
509,CADENA Edgar David,MX,Petrolike,80.0,https://www.procyclingstats.com/rider/edgar-cadena
510,AERTS Toon,BE,Lotto,80.0,https://www.procyclingstats.com/rider/toon-aerts
511,PRADES Benjamín,ES,VC Fukuoka,79.0,https://www.procyclingstats.com/rider/benjamin-prades-reverter
512,BUDYAK Anatoliy,UA,Terengganu Cycling Team,79.0,https://www.procyclingstats.com/rider/anatoliy-budyak
513,ROMELE Alessandro,IT,XDS Astana Team,79.0,https://www.procyclingstats.com/rider/alessandro-romele
514,HENNEQUIN Paul,FR,Euskaltel - Euskadi,79.0,https://www.procyclingstats.com/rider/paul-hennequin
515,VAN ENGELEN Adne,NL,Terengganu Cycling Team,78.0,https://www.procyclingstats.com/rider/adne-van-engelen
516,SEPÚLVEDA Eduardo,AR,Lotto,78.0,https://www.procyclingstats.com/rider/eduardo-sepulveda
517,FLYNN Sean,GB,Team Picnic PostNL,77.0,https://www.procyclingstats.com/rider/sean-flynn
518,DOUBLE Paul,GB,Team Jayco AlUla,77.0,https://www.procyclingstats.com/rider/paul-double
519,LAMPAERT Yves,BE,Soudal Quick-Step,77.0,https://www.procyclingstats.com/rider/yves-lampaert
520,SCALCO Matteo,IT,VF Group - Bardiani CSF - Faizanè,77.0,https://www.procyclingstats.com/rider/matteo-scalco
521,HERZOG Emil,DE,Red Bull - BORA - hansgrohe,77.0,https://www.procyclingstats.com/rider/emil-herzog
522,HUERTAS Jason Andrey,CR,Lasal Cocinas - Craega,77.0,https://www.procyclingstats.com/rider/jason-huertas
523,CORKERY Dillon,IE,St Michel - Preference Home - Auber93,76.0,https://www.procyclingstats.com/rider/dillon-corkery
524,ABERASTURI Jon,ES,Euskaltel - Euskadi,76.0,https://www.procyclingstats.com/rider/jon-aberasturi
525,DONNENWIRTH Tom,FR,Groupama - FDJ,75.0,https://www.procyclingstats.com/rider/tom-donnenwirth
526,MACIEJUK Filip,PL,Red Bull - BORA - hansgrohe,74.0,https://www.procyclingstats.com/rider/filip-maciejuk
527,HAMILTON Chris,AU,Team Picnic PostNL,74.0,https://www.procyclingstats.com/rider/chris-hamilton
528,HOBBS Noah,GB,EF Education - Aevolo,74.0,https://www.procyclingstats.com/rider/noah-hobbs
529,PESCADOR Diego,CO,Movistar Team,73.0,https://www.procyclingstats.com/rider/diego-pescador
530,YEMANE Dawit,ER,BIKE AID,73.0,https://www.procyclingstats.com/rider/dawit-yemane
531,APARICIO Mario,ES,Burgos Burpellet BH,72.0,https://www.procyclingstats.com/rider/mario-aparicio-munoz
532,MOSCON Gianni,IT,Red Bull - BORA - hansgrohe,71.0,https://www.procyclingstats.com/rider/gianni-moscon
533,LEONARD Michael,CA,INEOS Grenadiers,71.0,https://www.procyclingstats.com/rider/michael-leonard1
534,NICOLAU Joel,ES,Caja Rural - Seguros RGA,71.0,https://www.procyclingstats.com/rider/joel-nicolau
535,KOGUT Oded,IL,Israel - Premier Tech,71.0,https://www.procyclingstats.com/rider/oded-kogut
536,MÄRKL Niklas,DE,Team Picnic PostNL,71.0,https://www.procyclingstats.com/rider/niklas-markl
537,HUENS Axel,FR,Unibet Tietema Rockets,71.0,https://www.procyclingstats.com/rider/axel-huens
538,HELLEMOSE Asbjørn,DK,Team Jayco AlUla,71.0,https://www.procyclingstats.com/rider/asbjorn-hellemose
539,MOLARD Rudy,FR,Groupama - FDJ,71.0,https://www.procyclingstats.com/rider/rudy-molard
540,MAAS Jan,NL,Cofidis,70.0,https://www.procyclingstats.com/rider/jan-maas
541,PONOMAR Andrii,UA,Petrolike,70.0,https://www.procyclingstats.com/rider/andrii-ponomar
542,GUALDI Simone,IT,Wanty - Nippo - ReUz,70.0,https://www.procyclingstats.com/rider/simone-gualdi
543,HOULE Hugo,CA,Israel - Premier Tech,70.0,https://www.procyclingstats.com/rider/hugo-houle
544,EWAN Caleb,AU,,70.0,https://www.procyclingstats.com/rider/caleb-ewan
545,WALSH Liam,AU,CCACHE x BODYWRAP,69.0,https://www.procyclingstats.com/rider/liam-walsh
546,VANSEVENANT Mauri,BE,Soudal Quick-Step,69.0,https://www.procyclingstats.com/rider/mauri-vansevenant
547,GUERNALEC Victor,FR,Arkéa - B&B Hotels,69.0,https://www.procyclingstats.com/rider/victor-guernalec
548,WALLS Matthew,GB,Groupama - FDJ,68.0,https://www.procyclingstats.com/rider/matthew-walls
549,EULÁLIO Afonso,PT,Bahrain - Victorious,68.0,https://www.procyclingstats.com/rider/afonso-eulalio
550,DALBY Simon,DK,Uno-X Mobility,68.0,https://www.procyclingstats.com/rider/simon-dalby
551,MARRIAGE Zac,AU,7Eleven Cliqq Roadbike Philippines,67.0,https://www.procyclingstats.com/rider/zac-marriage
552,VARGAS Walter,CO,Team Medellín - EPM,67.0,https://www.procyclingstats.com/rider/walter-vargas
553,GIDICH Yevgeniy,KZ,China Anta - Mentech Cycling Team,67.0,https://www.procyclingstats.com/rider/yevgeniy-gidich
554,REINDERS Elmar,NL,Team Jayco AlUla,67.0,https://www.procyclingstats.com/rider/elmar-reinders
555,LASTRA Jonathan,ES,Cofidis,67.0,https://www.procyclingstats.com/rider/jonathan-lastra
556,OLIVEIRA Rui,PT,UAE Team Emirates - XRG,66.0,https://www.procyclingstats.com/rider/rui-oliveira
557,HEPBURN Michael,AU,Team Jayco AlUla,66.0,https://www.procyclingstats.com/rider/michael-hepburn
558,BOUGLAS Georgios,GR,Burgos Burpellet BH,66.0,https://www.procyclingstats.com/rider/georgios-bouglas
559,DONATI Davide,IT,Red Bull - BORA - hansgrohe Rookies,66.0,https://www.procyclingstats.com/rider/davide-donati
560,WRIGHT Paul,NZ,Factor Racing,66.0,https://www.procyclingstats.com/rider/paul-wright
561,SOTO Antonio Jesús,ES,Equipo Kern Pharma,66.0,https://www.procyclingstats.com/rider/antonio-soto
562,CAVIA Daniel,ES,Burgos Burpellet BH,66.0,https://www.procyclingstats.com/rider/daniel-cavia-sanz
563,HESTERS Jules,BE,Team Flanders - Baloise,66.0,https://www.procyclingstats.com/rider/jules-hesters
564,MOLLEMA Bauke,NL,Lidl - Trek,65.0,https://www.procyclingstats.com/rider/bauke-mollema
565,STANNARD Robert,AU,Bahrain - Victorious,65.0,https://www.procyclingstats.com/rider/robert-stannard
566,EPIS Giosuè,IT,Arkéa - B&B Hotels,65.0,https://www.procyclingstats.com/rider/giosue-epis
567,GRUZDEV Dmitriy,KZ,,65.0,https://www.procyclingstats.com/rider/dmitriy-gruzdev
568,KAMADA Koki,JP,Team UKYO,65.0,https://www.procyclingstats.com/rider/koki-kamada
569,WARBASSE Larry,US,Tudor Pro Cycling Team,65.0,https://www.procyclingstats.com/rider/lawrence-warbasse
570,BERWICK Sebastian,AU,Caja Rural - Seguros RGA,65.0,https://www.procyclingstats.com/rider/sebastian-berwick
571,GRIGNARD Sébastien,BE,Lotto,65.0,https://www.procyclingstats.com/rider/sebastien-grignard
572,GRADEK Kamil,PL,Bahrain - Victorious,65.0,https://www.procyclingstats.com/rider/kamil-gradek
573,WALLIN Rasmus Bøgh,DK,Uno-X Mobility,65.0,https://www.procyclingstats.com/rider/rasmus-bogh-wallin
574,DINA Márton,HU,Euskaltel - Euskadi,65.0,https://www.procyclingstats.com/rider/marton-dina
575,COBARRUBIA Leonardo,AR,Sindicato de Empleados Públicos of San Juan,65.0,https://www.procyclingstats.com/rider/leonardo-cobarrubia
576,YIĞIT Tahir,TR,Spor Toto Cycling Team,65.0,https://www.procyclingstats.com/rider/tahir-yigit
577,NEUMAN Dominik,CZ,ATT Investments,65.0,https://www.procyclingstats.com/rider/dominik-neuman
578,GRAAT Tijmen,NL,Team Visma | Lease a Bike,63.0,https://www.procyclingstats.com/rider/tijmen-graat
579,MAISONOBE Sam,FR,Cofidis,63.0,https://www.procyclingstats.com/rider/sam-maisonobe
580,WENZEL Mats,LU,Equipo Kern Pharma,63.0,https://www.procyclingstats.com/rider/mats-wenzel
581,DOULL Owain,GB,EF Education - EasyPost,62.0,https://www.procyclingstats.com/rider/owain-doull
582,GERMANI Lorenzo,IT,Groupama - FDJ,62.0,https://www.procyclingstats.com/rider/lorenzo-germani
583,PEDRERO Antonio,ES,Movistar Team,62.0,https://www.procyclingstats.com/rider/antonio-pedrero
584,GHEBREIGZABHIER Amanuel,ER,Lidl - Trek,61.0,https://www.procyclingstats.com/rider/amanuel-ghebreigzabhier
585,GUERNALEC Thibault,FR,Arkéa - B&B Hotels,61.0,https://www.procyclingstats.com/rider/thibault-guernalec
586,UMBA Santiago,CO,XDS Astana Development Team,61.0,https://www.procyclingstats.com/rider/santiago-umba
587,LEEMREIZE Gijs,NL,Team Picnic PostNL,60.0,https://www.procyclingstats.com/rider/gijs-leemreize
588,VAN DER HOORN Taco,NL,Intermarché - Wanty,60.0,https://www.procyclingstats.com/rider/taco-van-der-hoorn
589,CURRIE Logan,NZ,Lotto,60.0,https://www.procyclingstats.com/rider/logan-currie
590,RICKAERT Jonas,BE,Alpecin - Deceuninck,60.0,https://www.procyclingstats.com/rider/jonas-rickaert
591,STOKBRO Andreas,DK,Unibet Tietema Rockets,60.0,https://www.procyclingstats.com/rider/andreas-stokbro
592,OLIVEIRA Nelson,PT,Movistar Team,60.0,https://www.procyclingstats.com/rider/nelson-oliveira
593,PICKERING Finlay,GB,Bahrain - Victorious,60.0,https://www.procyclingstats.com/rider/finlay-pickering
594,JANSE VAN RENSBURG Reinardt,ZA,,59.0,https://www.procyclingstats.com/rider/reinardt-janse-van-rensburg
595,THORNLEY Callum,GB,Red Bull - BORA - hansgrohe Rookies,59.0,https://www.procyclingstats.com/rider/callum-thornley
596,SAMITIER Sergio,ES,Cofidis,59.0,https://www.procyclingstats.com/rider/sergio-samitier
597,HOPKINS Kaden,BM,Uni Sport Lamentinois,59.0,https://www.procyclingstats.com/rider/kaden-hopkins
598,O'BRIEN Kelland,AU,Team Jayco AlUla,58.0,https://www.procyclingstats.com/rider/kelland-brien
599,ZWIEHOFF Ben,DE,Red Bull - BORA - hansgrohe,58.0,https://www.procyclingstats.com/rider/ben-zwiehoff
600,SOSA Iván Ramiro,CO,Equipo Kern Pharma,58.0,https://www.procyclingstats.com/rider/ivan-ramiro-sosa
601,CAVAGNA Rémi,FR,Groupama - FDJ,58.0,https://www.procyclingstats.com/rider/remi-cavagna
602,RESELL Erik Nordsæter,NO,Uno-X Mobility,58.0,https://www.procyclingstats.com/rider/erik-nordsaeter-resell
603,DEGENKOLB John,DE,Team Picnic PostNL,58.0,https://www.procyclingstats.com/rider/john-degenkolb
604,BOIVIN Guillaume,CA,Israel - Premier Tech,58.0,https://www.procyclingstats.com/rider/guillaume-boivin
605,PAREDES Wilmar,CO,Team Medellín - EPM,58.0,https://www.procyclingstats.com/rider/wilmar-paredes
606,PETERS Nans,FR,Decathlon AG2R La Mondiale Team,58.0,https://www.procyclingstats.com/rider/nans-peters
607,HEREMANS Joppe,BE,VolkerWessels Cycling Team,58.0,https://www.procyclingstats.com/rider/joppe-heremans
608,MULLEN Ryan,IE,Red Bull - BORA - hansgrohe,57.0,https://www.procyclingstats.com/rider/ryan-mullen
609,KOPECKÝ Tomáš,CZ,Unibet Tietema Rockets,57.0,https://www.procyclingstats.com/rider/tomas-kopecky
610,SERRANO Gonzalo,ES,Movistar Team,57.0,https://www.procyclingstats.com/rider/gonzalo-serrano
611,GUATIBONZA Jonathan,CO,Nu Colombia,57.0,https://www.procyclingstats.com/rider/jonathan-guatibonza
612,GAVIRIA Fernando,CO,Movistar Team,56.0,https://www.procyclingstats.com/rider/fernando-gaviria
613,BRUSTENGA Marc,ES,Equipo Kern Pharma,56.0,https://www.procyclingstats.com/rider/marc-brustenga-masague
614,URIARTE Diego,ES,Equipo Kern Pharma,56.0,https://www.procyclingstats.com/rider/diego-uriarte-belzunegi
615,SEYFOLLAHIFARD Hasan,IR,Tianyoude Hotel Cycling Team,56.0,https://www.procyclingstats.com/rider/hasan-seyfollahifard
616,GONZÁLEZ Roberto Carlos,PA,Team Solution Tech - Vini Fantini,56.0,https://www.procyclingstats.com/rider/roberto-gonzalez
617,DONIE Milan,BE,Lotto Development Team,56.0,https://www.procyclingstats.com/rider/milan-donie
618,MARSMAN Tim,NL,VolkerWessels Cycling Team,56.0,https://www.procyclingstats.com/rider/tim-marsman
619,LIEPIŅŠ Emīls,LV,Q36.5 Pro Cycling Team,56.0,https://www.procyclingstats.com/rider/emils-liepins
620,STEWART Mark,GB,Team Solution Tech - Vini Fantini,56.0,https://www.procyclingstats.com/rider/mark-stewart
621,MONK Cyrus,AU,FNIX - SCOM - Hengxiang Cycling Team,56.0,https://www.procyclingstats.com/rider/cyrus-monk
622,TERCERO Fernando,ES,Team Polti VisitMalta,56.0,https://www.procyclingstats.com/rider/fernando-tercero-lopez
623,DURBRIDGE Luke,AU,Team Jayco AlUla,55.0,https://www.procyclingstats.com/rider/luke-durbridge
624,DECOMBLE Maxime,FR,Equipe continentale Groupama-FDJ,55.0,https://www.procyclingstats.com/rider/maxime-decomble
625,BADILATTI Matteo,CH,Q36.5 Pro Cycling Team,55.0,https://www.procyclingstats.com/rider/matteo-badilatti
626,DE PESTEL Sander,BE,Decathlon AG2R La Mondiale Team,55.0,https://www.procyclingstats.com/rider/sander-de-pestel
627,ČERNÝ Josef,CZ,Soudal Quick-Step,55.0,https://www.procyclingstats.com/rider/josef-cerny
628,DE CASSAN Davide,IT,Team Polti VisitMalta,55.0,https://www.procyclingstats.com/rider/davide-de-cassan
629,COPPENS Michiel,BE,BEAT Cycling Club,55.0,https://www.procyclingstats.com/rider/michiel-coppens
630,SCHRETTL Marco,AT,Tirol KTM Cycling Team,55.0,https://www.procyclingstats.com/rider/marco-schrettl
631,VAN DEN BERG Julius,NL,Team Picnic PostNL,54.0,https://www.procyclingstats.com/rider/julius-van-den-berg
632,ALBLOOSHI Rashid,AE,,54.0,https://www.procyclingstats.com/rider/rashid-alblooshi
633,OTRUBA Jakub,CZ,Caja Rural - Seguros RGA,54.0,https://www.procyclingstats.com/rider/jakub-otruba
634,SEVILLA Óscar,ES,Team Medellín - EPM,54.0,https://www.procyclingstats.com/rider/oscar-sevilla
635,EDMONDSON Alex,AU,Team Picnic PostNL,53.0,https://www.procyclingstats.com/rider/alexander-edmondson
636,BJERG Mikkel,DK,UAE Team Emirates - XRG,53.0,https://www.procyclingstats.com/rider/mikkel-bjerg
637,DONALDSON Robert,GB,Team Jayco AlUla,53.0,https://www.procyclingstats.com/rider/robert-donaldson
638,VADER Milan,NL,Q36.5 Pro Cycling Team,53.0,https://www.procyclingstats.com/rider/milan-vader
639,VERVAEKE Louis,BE,Soudal Quick-Step,53.0,https://www.procyclingstats.com/rider/louis-vervaeke
640,SHMIDT Artem,US,INEOS Grenadiers,53.0,https://www.procyclingstats.com/rider/artem-shmidt
641,JACOBS Johan,CH,Groupama - FDJ,53.0,https://www.procyclingstats.com/rider/johan-jacobs
642,PARISINI Nicolò,IT,Q36.5 Pro Cycling Team,53.0,https://www.procyclingstats.com/rider/nicolo-parisini
643,CAMPRUBÍ Marcel,ES,Q36.5 Pro Cycling Team,53.0,https://www.procyclingstats.com/rider/marcel-camprubi
644,STÜSSI Colin,CH,Team Vorarlberg,53.0,https://www.procyclingstats.com/rider/colin-stussi
645,NEILANDS Krists,LV,Israel - Premier Tech,53.0,https://www.procyclingstats.com/rider/krists-neilands
646,THOMAS Geraint,GB,INEOS Grenadiers,52.0,https://www.procyclingstats.com/rider/geraint-thomas
647,KHALMURATOV Muradjan,UZ,OU7 Cycling Team,52.0,https://www.procyclingstats.com/rider/muradjan-khalmuratov
648,YUN Jaebin,KR,Seoul Cycling Team,52.0,https://www.procyclingstats.com/rider/jaebin-yun
649,REIS Rafael,PT,Anicolor / Tien 21,52.0,https://www.procyclingstats.com/rider/rafael-reis
650,MOSCA Jacopo,IT,Lidl - Trek,51.0,https://www.procyclingstats.com/rider/jacopo-mosca
651,DE VRIES Hartthijs,NL,Unibet Tietema Rockets,51.0,https://www.procyclingstats.com/rider/hartthijs-de-vries
652,ANTUNES Tiago,PT,Efapel Cycling,51.0,https://www.procyclingstats.com/rider/tiago-antunes
653,MARTÍN Alex,ES,Team Polti VisitMalta,51.0,https://www.procyclingstats.com/rider/alex-martin-gutierrez
654,HAMILTON Lucas,AU,INEOS Grenadiers,50.0,https://www.procyclingstats.com/rider/lucas-hamilton
655,WALKER Max,GB,EF Education - EasyPost,50.0,https://www.procyclingstats.com/rider/max-walker
656,CLARKE Simon,AU,Israel - Premier Tech,50.0,https://www.procyclingstats.com/rider/simon-clarke
657,TAARAMÄE Rein,EE,Kinan Racing Team,50.0,https://www.procyclingstats.com/rider/rein-taaramae
658,PALETTI Luca,IT,VF Group - Bardiani CSF - Faizanè,50.0,https://www.procyclingstats.com/rider/luca-paletti
659,YAMAMOTO Masaki,JP,Team UKYO,50.0,https://www.procyclingstats.com/rider/masaki-yamamoto
660,LABIB SHOTORBAN Ali,IR,,50.0,https://www.procyclingstats.com/rider/ali-labib-shotorban
661,GHYS Robbe,BE,Alpecin - Deceuninck,50.0,https://www.procyclingstats.com/rider/robbe-ghys
662,KRIEGER Alexander,DE,Tudor Pro Cycling Team,50.0,https://www.procyclingstats.com/rider/alexander-krieger
663,BARTHE Cyril,FR,Groupama - FDJ,50.0,https://www.procyclingstats.com/rider/cyril-barthe
664,VAN SINTMAARTENSDIJK Roel,NL,Intermarché - Wanty,50.0,https://www.procyclingstats.com/rider/roel-van-sintmaartensdijk
665,COLMAN Alex,BE,Team Flanders - Baloise,50.0,https://www.procyclingstats.com/rider/alex-colman
666,ROLLAND Brieuc,FR,Groupama - FDJ,50.0,https://www.procyclingstats.com/rider/brieuc-rolland
667,SINSCHEK Nils,NL,Parkhotel Valkenburg,50.0,https://www.procyclingstats.com/rider/nils-sinschek
668,PORTER Rudy,AU,,49.0,https://www.procyclingstats.com/rider/rudy-porter
669,SYELHAN Muhammad,ID,ASC Monsters Indonesia,49.0,https://www.procyclingstats.com/rider/muhammad-syelhan
670,VERSCHUREN Killian,FR,Unibet Tietema Rockets,49.0,https://www.procyclingstats.com/rider/killian-verschuren
671,KLUCKERS Arthur,LU,Tudor Pro Cycling Team,49.0,https://www.procyclingstats.com/rider/arthur-kluckers
672,JOALLAND Yaël,FR,CIC - U - Nantes,49.0,https://www.procyclingstats.com/rider/yael-joalland
673,COVILI Luca,IT,VF Group - Bardiani CSF - Faizanè,49.0,https://www.procyclingstats.com/rider/luca-covili
674,DRIZNERS Jarrad,AU,Lotto,49.0,https://www.procyclingstats.com/rider/jarrad-drizners
675,MILTIADIS Andreas,CY,Roojai Insurance,49.0,https://www.procyclingstats.com/rider/andreas-miltiadis
676,DE ROSSI Lucas,FR,China Anta - Mentech Cycling Team,49.0,https://www.procyclingstats.com/rider/lucas-de-rossi
677,SAMUDIO Carlos,PA,Team Solution Tech - Vini Fantini,48.0,https://www.procyclingstats.com/rider/carlos-samudio
678,ARCHIBOLD Franklin,PA,,48.0,https://www.procyclingstats.com/rider/franklin-archibold
679,PŘIDAL Tomáš,CZ,Elkov - Kasper,48.0,https://www.procyclingstats.com/rider/tomas-pridal
680,ERIKSSON Lucas,SE,Tudor Pro Cycling Team,48.0,https://www.procyclingstats.com/rider/lucas-eriksson
681,TENE Rotem,IL,Israel Premier Tech Academy,47.0,https://www.procyclingstats.com/rider/rotem-tene
682,HUBY Antoine,FR,Soudal Quick-Step,46.0,https://www.procyclingstats.com/rider/antoine-huby
683,SCOTT Cameron,AU,CCACHE x BODYWRAP,46.0,https://www.procyclingstats.com/rider/cameron-scott
684,HAMDAN Wan Abdul Rahman,MY,Terengganu Cycling Team,46.0,https://www.procyclingstats.com/rider/wan-abdul-rahman-hamdan
685,KRIJNSEN Jelte,NL,Team Jayco AlUla,46.0,https://www.procyclingstats.com/rider/jelte-krijnsen
686,FERNÁNDEZ Miguel Ángel,ES,Equipo Kern Pharma,46.0,https://www.procyclingstats.com/rider/miguel-angel-fernandez-ruiz
687,ROSLI Muhammad Nur Aiman Bin,MY,Terengganu Cycling Team,46.0,https://www.procyclingstats.com/rider/muhammad-nur-aiman-bin-rosli
688,OOMEN Sam,NL,Lidl - Trek,46.0,https://www.procyclingstats.com/rider/sam-oomen
689,LAFAY Victor,FR,Decathlon AG2R La Mondiale Team,46.0,https://www.procyclingstats.com/rider/victor-lafay
690,SIMMONS Colby,US,EF Education - EasyPost,46.0,https://www.procyclingstats.com/rider/colby-simmons
691,BAIS Mattia,IT,Team Polti VisitMalta,46.0,https://www.procyclingstats.com/rider/mattia-bais
692,BIZKARRA Mikel,ES,Euskaltel - Euskadi,46.0,https://www.procyclingstats.com/rider/mikel-bizkarra
693,LINAREZ Leangel Rubén,VE,Tavfer-Ovos Matinados-Mortágua,46.0,https://www.procyclingstats.com/rider/leangel-linarez
694,OSORIO Alejandro,CO,Orgullo Paisa,46.0,https://www.procyclingstats.com/rider/alejandro-osorio-carbajal
695,DAVY Clément,FR,Groupama - FDJ,45.0,https://www.procyclingstats.com/rider/clement-davy
696,NORSGAARD Mathias,DK,Movistar Team,45.0,https://www.procyclingstats.com/rider/mathias-norsgaard
697,TONEATTI Davide,IT,XDS Astana Team,45.0,https://www.procyclingstats.com/rider/davide-toneatti
698,KIRSCH Alex,LU,Lidl - Trek,45.0,https://www.procyclingstats.com/rider/alex-kirsch
699,COLLEONI Kevin,IT,Intermarché - Wanty,45.0,https://www.procyclingstats.com/rider/kevin-colleoni
700,VAN HOECKE Gijs,BE,Intermarché - Wanty,45.0,https://www.procyclingstats.com/rider/gijs-van-hoecke
701,DILLIER Silvan,CH,Alpecin - Deceuninck,45.0,https://www.procyclingstats.com/rider/silvan-dillier
702,MORO Manlio,IT,Movistar Team,45.0,https://www.procyclingstats.com/rider/manlio-moro
703,VAN LERBERGHE Bert,BE,Soudal Quick-Step,45.0,https://www.procyclingstats.com/rider/bert-van-lerberghe
704,GUDMESTAD Tord,NO,Decathlon AG2R La Mondiale Team,45.0,https://www.procyclingstats.com/rider/tord-gudmestad
705,FERNÁNDEZ Samuel,ES,Caja Rural - Seguros RGA,45.0,https://www.procyclingstats.com/rider/samuel-fernandez-garcia
706,STOSZ Patryk,PL,Voster ATS Team,45.0,https://www.procyclingstats.com/rider/patryk-stosz
707,MIHOLJEVIĆ Fran,HR,Bahrain - Victorious,45.0,https://www.procyclingstats.com/rider/fran-miholjevic
708,KONYCHEV Alexander,IT,Team Vorarlberg,45.0,https://www.procyclingstats.com/rider/alexander-konychev
709,FRĄTCZAK Radosław,PL,Voster ATS Team,45.0,https://www.procyclingstats.com/rider/radoslaw-fratczak
710,JOHANSEN Julius,DK,UAE Team Emirates - XRG,44.0,https://www.procyclingstats.com/rider/julius-johansen
711,BARBIER Pierre,FR,Wagner Bazin WB,44.0,https://www.procyclingstats.com/rider/pierre-barbier
712,BURATTI Nicolò,IT,Bahrain - Victorious,44.0,https://www.procyclingstats.com/rider/nicolo-buratti
713,TRATNIK Jan,SI,Red Bull - BORA - hansgrohe,44.0,https://www.procyclingstats.com/rider/jan-tratnik
714,KHADBAATAR Temuulen,MN,Nusantara - BYC,44.0,https://www.procyclingstats.com/rider/temuulen-khadbaatar
715,REINDERINK Pepijn,NL,Soudal Quick-Step,44.0,https://www.procyclingstats.com/rider/pepijn-reinderink
716,MURGUIALDAY Jokin,ES,Euskaltel - Euskadi,44.0,https://www.procyclingstats.com/rider/jokin-murguialday-elorza
717,MIKUTIS Aivaras,LT,Tudor Pro Cycling Team,44.0,https://www.procyclingstats.com/rider/aivaras-mikutis
718,L'HOTE Antoine,FR,Decathlon AG2R La Mondiale Development Team,44.0,https://www.procyclingstats.com/rider/antoine-l-hote
719,GLIVAR Gal,SI,Alpecin - Deceuninck,43.0,https://www.procyclingstats.com/rider/gal-glivar
720,FENG Chun Kai,TW,Utsunomiya Blitzen,43.0,https://www.procyclingstats.com/rider/chun-kai-feng
721,GUTIÉRREZ Jorge,ES,Equipo Kern Pharma,43.0,https://www.procyclingstats.com/rider/jorge-gutierrez-gonzalez
722,FELIPE Marcelo,PH,Victoria Sports Pro Cycling,43.0,https://www.procyclingstats.com/rider/marcelo-felipe
723,REGUIGUI Youcef,DZ,Madar Pro Cycling Team,43.0,https://www.procyclingstats.com/rider/youcef-reguigui
724,MCLAY Daniel,GB,Team Visma | Lease a Bike,43.0,https://www.procyclingstats.com/rider/daniel-mclay
725,MELLANO Ludovico Maria,IT,XDS Astana Development Team,43.0,https://www.procyclingstats.com/rider/ludovico-maria-mellano
726,FUGLSANG Jakob,DK,,43.0,https://www.procyclingstats.com/rider/jakob-fuglsang
727,ERŽEN Žak,SI,Bahrain - Victorious,43.0,https://www.procyclingstats.com/rider/zak-erzen
728,BERNARD Julien,FR,Lidl - Trek,43.0,https://www.procyclingstats.com/rider/julien-bernard
729,BIESTERBOS Frits,NL,BEAT Cycling Club,43.0,https://www.procyclingstats.com/rider/frits-biesterbos
730,KOTSAKIS Francisco,CL,Plus Performance - Solutos,43.0,https://www.procyclingstats.com/rider/francisco-kotsakis
731,KACZMAREK Jakub,PL,Mazowsze Serce Polski,43.0,https://www.procyclingstats.com/rider/jakub-kaczmarek
732,BELOKI Markel,ES,EF Education - EasyPost,42.0,https://www.procyclingstats.com/rider/markel-beloki
733,MACIAS Cesar,MX,Petrolike,42.0,https://www.procyclingstats.com/rider/cesar-macias-estrada
734,JUUL-JENSEN Christopher,DK,Team Jayco AlUla,42.0,https://www.procyclingstats.com/rider/christopher-juul-jensen
735,PEREZ Anthony,FR,Cofidis,42.0,https://www.procyclingstats.com/rider/anthony-perez
736,PHOUNSAVATH Ariya,LA,Roojai Insurance,42.0,https://www.procyclingstats.com/rider/ariya-phounsavath
737,GUGLIELMI Simon,FR,Arkéa - B&B Hotels,42.0,https://www.procyclingstats.com/rider/simon-guglielmi
738,GAMPER Patrick,AT,Team Jayco AlUla,42.0,https://www.procyclingstats.com/rider/patrick-gamper
739,GONOV Lev,RU,XDS Astana Development Team,42.0,https://www.procyclingstats.com/rider/lev-gonov
740,DE JONG Timo,NL,VolkerWessels Cycling Team,42.0,https://www.procyclingstats.com/rider/timo-de-jong
741,BANASZEK Norbert,PL,ATT Investments,42.0,https://www.procyclingstats.com/rider/norbert-banaszek
742,MEENS Johan,BE,Wagner Bazin WB,42.0,https://www.procyclingstats.com/rider/johan-meens
743,OOSTERLINCK Joes,BE,VolkerWessels Cycling Team,42.0,https://www.procyclingstats.com/rider/joes-oosterlinck
744,EDDY Patrick,AU,Team Picnic PostNL,41.0,https://www.procyclingstats.com/rider/patrick-eddy
745,MARIVOET Duarte,BE,UAE Team Emirates Gen Z,41.0,https://www.procyclingstats.com/rider/duarte-marivoet
746,GARCÍA Carlos Alfonso,MX,Petrolike,41.0,https://www.procyclingstats.com/rider/carlos-alfonso-garcia-trejo
747,SEXTON Tom,NZ,St George Continental Cycling Team,41.0,https://www.procyclingstats.com/rider/tom-sexton
748,TAMINIAUX Lionel,BE,Lotto,41.0,https://www.procyclingstats.com/rider/lionel-taminiaux
749,MANSOURI Islam,DZ,Madar Pro Cycling Team,41.0,https://www.procyclingstats.com/rider/islam-mansouri
750,MEZGEC Luka,SI,Team Jayco AlUla,41.0,https://www.procyclingstats.com/rider/luka-mezgec
751,SOENENS Viktor,BE,Soudal Quick-Step Devo Team,41.0,https://www.procyclingstats.com/rider/viktor-soenens
752,BORREMANS Kasper,FI,Bahrain Victorious Development Team,41.0,https://www.procyclingstats.com/rider/kasper-borremans
753,BASSET Pierre-Henry,FR,XDS Astana Development Team,41.0,https://www.procyclingstats.com/rider/pierre-henry-basset
754,RAFFERTY Darren,IE,EF Education - EasyPost,41.0,https://www.procyclingstats.com/rider/darren-rafferty
755,CHRISTOPHERSEN Cedrik Bakke,NO,Unibet Tietema Rockets,41.0,https://www.procyclingstats.com/rider/cedrik-bakke-christophersen
756,SAGRADO Alvaro,ES,Illes Balears Arabay,41.0,https://www.procyclingstats.com/rider/alvaro-sagrado
757,ORMISTON Callum,ZA,The Hurricane & Thunder Cycling Team,41.0,https://www.procyclingstats.com/rider/callum-ormiston
758,SCHULTZ Nick,AU,Israel - Premier Tech,40.0,https://www.procyclingstats.com/rider/nick-schultz
759,JOHANNINK Jelle,NL,Unibet Tietema Rockets,40.0,https://www.procyclingstats.com/rider/jelle-johannink
760,DARDER Sergi,ES,Caja Rural - Seguros RGA,40.0,https://www.procyclingstats.com/rider/sergi-darder
761,JUNG Woo-Ho,KR,Seoul Cycling Team,40.0,https://www.procyclingstats.com/rider/woo-ho-jung
762,WILKSCH Hannes,DE,Tudor Pro Cycling Team,40.0,https://www.procyclingstats.com/rider/hannes-wilksch
763,THOMPSON Reuben,NZ,Lotto,40.0,https://www.procyclingstats.com/rider/reuben-thompson
764,RAISBERG Nadav,IL,Israel - Premier Tech,40.0,https://www.procyclingstats.com/rider/nadav-raisberg
765,PASQUALON Andrea,IT,Bahrain - Victorious,40.0,https://www.procyclingstats.com/rider/andrea-pasqualon
766,PRICE-PEJTERSEN Johan,DK,Alpecin - Deceuninck,40.0,https://www.procyclingstats.com/rider/johan-price-pejtersen
767,SCOTSON Miles,AU,Arkéa - B&B Hotels,40.0,https://www.procyclingstats.com/rider/miles-scotson
768,DELAPLACE Anthony,FR,Arkéa - B&B Hotels,40.0,https://www.procyclingstats.com/rider/anthony-delaplace
769,COMBAUD Romain,FR,Team Picnic PostNL,40.0,https://www.procyclingstats.com/rider/romain-combaud
770,BETTLES Carter,AU,Roojai Insurance,40.0,https://www.procyclingstats.com/rider/carter-bettles
771,KALEJMANN Mateo,AR,Supermercados Froiz,40.0,https://www.procyclingstats.com/rider/mateo-kalejmann
772,VÉLEZ Cristian Damián,CO,GW Erco Shimano,40.0,https://www.procyclingstats.com/rider/cristian-damian-velez
773,VANÍČEK Šimon,CZ,ATT Investments,40.0,https://www.procyclingstats.com/rider/simon-vanicek
774,HAVERDINGS David,NL,Baloise Glowi Lions,40.0,https://www.procyclingstats.com/rider/david-haverdings
775,SÜTTERLIN Jasha,DE,Team Jayco AlUla,39.0,https://www.procyclingstats.com/rider/jasha-sutterlin
776,ROYAN Muhammad Andy,ID,,39.0,https://www.procyclingstats.com/rider/muhammad-andy-royan
777,AMARI Hamza,DZ,Madar Pro Cycling Team,39.0,https://www.procyclingstats.com/rider/hamza-amari
778,JOUSSEAUME Alan,FR,Team TotalEnergies,39.0,https://www.procyclingstats.com/rider/alan-jousseaume
779,KOLZE CHANGIZI Sebastian,DK,Tudor Pro Cycling Team,39.0,https://www.procyclingstats.com/rider/sebastian-kolze-changizi
780,VERCOUILLIE Victor,BE,Team Flanders - Baloise,39.0,https://www.procyclingstats.com/rider/victor-vercouillie
781,GRANGER Ben,GB,Mg.K Vis Costruzioni e Ambiente,39.0,https://www.procyclingstats.com/rider/ben-granger
782,BÉVORT Carl-Frederik,DK,Uno-X Mobility,39.0,https://www.procyclingstats.com/rider/carl-frederik-bevort
783,SILVA Pedro,PT,Anicolor / Tien 21,39.0,https://www.procyclingstats.com/rider/pedro-silva1
784,DEBRUYNE Ramses,BE,Alpecin - Deceuninck,38.0,https://www.procyclingstats.com/rider/ramses-debruyne
785,PESENTI Thomas,IT,Soudal Quick-Step Devo Team,38.0,https://www.procyclingstats.com/rider/thomas-pesenti
786,AZPARREN Xabier Mikel,ES,Q36.5 Pro Cycling Team,38.0,https://www.procyclingstats.com/rider/xabier-mikel-azparren-irurzun
787,YEMANE Even,ER,Istanbul Büyükșehir Belediye Spor Türkiye,38.0,https://www.procyclingstats.com/rider/even-yemane
788,SERRANO Javier,ES,Team Polti VisitMalta,38.0,https://www.procyclingstats.com/rider/javier-serrano
789,FORTIN Filippo,IT,Team Solution Tech - Vini Fantini,38.0,https://www.procyclingstats.com/rider/filippo-fortin
790,KOCH Jonas,DE,Red Bull - BORA - hansgrohe,38.0,https://www.procyclingstats.com/rider/jonas-koch
791,CRETTI Luca,IT,MBH Bank Ballan CSB,38.0,https://www.procyclingstats.com/rider/luca-cretti
792,KRON Andreas,DK,Uno-X Mobility,38.0,https://www.procyclingstats.com/rider/andreas-kron
793,BRAMBILLA Gianluca,IT,Q36.5 Pro Cycling Team,38.0,https://www.procyclingstats.com/rider/gianluca-brambilla
794,CROCKETT Finn,IE,VolkerWessels Cycling Team,38.0,https://www.procyclingstats.com/rider/finn-crockett
795,BAYER Tobias,AT,Alpecin - Deceuninck,37.0,https://www.procyclingstats.com/rider/tobias-bayer
796,ISIDORE Noa,FR,Decathlon AG2R La Mondiale Team,37.0,https://www.procyclingstats.com/rider/noa-isidore
797,VILLA Giacomo,IT,Wagner Bazin WB,37.0,https://www.procyclingstats.com/rider/giacomo-villa
798,CHAMPION Thomas,FR,St Michel - Preference Home - Auber93,37.0,https://www.procyclingstats.com/rider/thomas-champion
799,TAROZZI Manuele,IT,VF Group - Bardiani CSF - Faizanè,37.0,https://www.procyclingstats.com/rider/manuele-tarozzi
800,HANSEN Alexander Arnt,DK,AIRTOX - Carl Ras,37.0,https://www.procyclingstats.com/rider/alexander-arnt-hansen
801,INGEBRIGTSEN Storm,NO,Team Coop - Repsol,37.0,https://www.procyclingstats.com/rider/storm-ingebrigtsen
802,FOUGNER Eivind Broholt,NO,Team Coop - Repsol,37.0,https://www.procyclingstats.com/rider/eivind-broholt-fougner
803,LANHOVE Milan,BE,Team Flanders - Baloise,37.0,https://www.procyclingstats.com/rider/milan-lanhove
804,MENDES Diego De Jesus,BR,,37.0,https://www.procyclingstats.com/rider/diego-de-jesus-mendes
805,QUINTANA Hector Exequiel,CL,Plus Performance - Solutos,37.0,https://www.procyclingstats.com/rider/hector-exequiel-quintana-vidal
806,GAFFURI Mattia,IT,Swatt Club,37.0,https://www.procyclingstats.com/rider/mattia-gaffuri
807,SIRIRONNACHAI Sarawut,TH,,36.0,https://www.procyclingstats.com/rider/sarawut-sirironnachai
808,HUISING Menno,NL,Team Visma | Lease a Bike,36.0,https://www.procyclingstats.com/rider/menno-huising
809,VANDENABEELE Henri,BE,Lotto,36.0,https://www.procyclingstats.com/rider/henri-vandenabeele
810,SENTJENS Sente,BE,Alpecin-Deceuninck Development Team,36.0,https://www.procyclingstats.com/rider/sente-sentjens
811,FINKŠT Tilen,SI,Adria Mobil,36.0,https://www.procyclingstats.com/rider/tilen-finkst
812,BOICHIS Adrien,FR,Red Bull - BORA - hansgrohe Rookies,36.0,https://www.procyclingstats.com/rider/adrien-boichis
813,RODRÍGUEZ Brandon Ulises,SV,,36.0,https://www.procyclingstats.com/rider/brandon-rodriguez
814,MENÉNDEZ Héctor,HN,,36.0,https://www.procyclingstats.com/rider/hector-menendez
815,KAMP Alexander,DK,Intermarché - Wanty,36.0,https://www.procyclingstats.com/rider/alexander-kamp
816,PÉREZ Ciro,UY,Mg.K Vis Costruzioni e Ambiente,36.0,https://www.procyclingstats.com/rider/ciro-perez-alvarez
817,MACKELLAR Alastair,AU,EF Education - EasyPost,35.0,https://www.procyclingstats.com/rider/alastair-mackellar
818,OURSELIN Paul,FR,Cofidis,35.0,https://www.procyclingstats.com/rider/paul-ourselin
819,BOUCHARD Geoffrey,FR,Decathlon AG2R La Mondiale Team,35.0,https://www.procyclingstats.com/rider/geoffrey-bouchard
820,VERMOTE Julien,BE,Team Visma | Lease a Bike,35.0,https://www.procyclingstats.com/rider/julien-vermote
821,FOX Matthew,AU,Veloce Club Rouen 76,35.0,https://www.procyclingstats.com/rider/matthew-fox2
822,TIZZA Marco,IT,Wagner Bazin WB,35.0,https://www.procyclingstats.com/rider/marco-tizza
823,D'AMATO Andrea,IT,Team UKYO,35.0,https://www.procyclingstats.com/rider/andrea-d-amato
824,PETILLI Simone,IT,Intermarché - Wanty,35.0,https://www.procyclingstats.com/rider/simone-petilli
825,VAN DER SANDE Tosh,BE,Team Visma | Lease a Bike,35.0,https://www.procyclingstats.com/rider/tosh-van-der-sande
826,LEIJNSE Enzo,NL,Team Picnic PostNL,35.0,https://www.procyclingstats.com/rider/enzo-leijnse
827,MANZIN Lorrenzo,FR,Team TotalEnergies,35.0,https://www.procyclingstats.com/rider/lorrenzo-manzin
828,DEWULF Stan,BE,Decathlon AG2R La Mondiale Team,35.0,https://www.procyclingstats.com/rider/stan-dewulf
829,SKAARSETH Anders,NO,Uno-X Mobility,35.0,https://www.procyclingstats.com/rider/anders-skaarseth
830,CONTI Valerio,IT,Team Solution Tech - Vini Fantini,35.0,https://www.procyclingstats.com/rider/valerio-conti
831,PALENI Enzo,FR,Groupama - FDJ,35.0,https://www.procyclingstats.com/rider/enzo-paleni
832,FRYDKJÆR Patrick Boje,DK,Lidl - Trek Future Racing,35.0,https://www.procyclingstats.com/rider/patrick-boje-frydkjaer
833,KERGOZOU DE LA BOESSIERE Nick,NZ,St George Continental Cycling Team,35.0,https://www.procyclingstats.com/rider/nick-kergozou
834,BAX Sjoerd,NL,Q36.5 Pro Cycling Team,35.0,https://www.procyclingstats.com/rider/sjoerd-bax
835,REMKHI Rudolf,KZ,Team Vino - North Qazaqstan Region,35.0,https://www.procyclingstats.com/rider/rudolf-remkhi
836,JASCH Lennart,DE,Red Bull - BORA - hansgrohe Rookies,35.0,https://www.procyclingstats.com/rider/lennart-jasch
837,NABERMAN Tim,NL,Team Picnic PostNL,35.0,https://www.procyclingstats.com/rider/tim-naberman
838,PĘKALA Piotr,PL,ATT Investments,35.0,https://www.procyclingstats.com/rider/piotr-pekala
839,CHAIYASOMBAT Thanakhan,TH,Thailand Continental Cycling Team,34.0,https://www.procyclingstats.com/rider/thanakhan-chaiyasombat
840,SABBAHI El Houcaine,MA,Agadir Vélo Propulsion,34.0,https://www.procyclingstats.com/rider/el-houcaine-sabbahi
841,LE HUITOUZE Eddy,FR,Groupama - FDJ,34.0,https://www.procyclingstats.com/rider/eddy-le-huitouze
842,DELLAI Mohamed Aziz,TN,,34.0,https://www.procyclingstats.com/rider/mohamed-aziz-dellai
843,KAJAMINI Florian Samuel,IT,XDS Astana Team,34.0,https://www.procyclingstats.com/rider/florian-samuel-kajamini
844,EEMAN Kamiel,BE,Lotto Development Team,34.0,https://www.procyclingstats.com/rider/kamiel-eeman
845,BEULLENS Cedric,BE,Lotto,34.0,https://www.procyclingstats.com/rider/cedric-beullens
846,NARRAWAY Nicholas,BM,Tenerife - Bike Point - Gsport,34.0,https://www.procyclingstats.com/rider/nicholas-narraway
847,DOMINGUEZ Carlos,PY,,34.0,https://www.procyclingstats.com/rider/carlos-dominguez-silva
848,O'BRIEN Liam,IE,Lidl - Trek Future Racing,34.0,https://www.procyclingstats.com/rider/liam-o-brien
849,SHICHKIN Vlas,RU,Pingtan International Tourism Island Cycling Team,34.0,https://www.procyclingstats.com/rider/vlas-shichkin
850,CASTROVIEJO Jonathan,ES,INEOS Grenadiers,33.0,https://www.procyclingstats.com/rider/jonathan-castroviejo
851,ANDERSEN Kasper,DK,Swatt Club,33.0,https://www.procyclingstats.com/rider/kasper-andersen1
852,ZOIDL Riccardo,AT,Hrinkow Advarics,33.0,https://www.procyclingstats.com/rider/riccardo-zoidl
853,VERVENNE Jonathan,BE,Soudal Quick-Step Devo Team,33.0,https://www.procyclingstats.com/rider/jonathan-vervenne
854,PROĆ Bartłomiej,PL,Run & Race - Wibatech,33.0,https://www.procyclingstats.com/rider/bartlomiej-proc
855,SLOCK Liam,BE,Lotto,33.0,https://www.procyclingstats.com/rider/liam-slock
856,POMORSKI Michał,PL,Mazowsze Serce Polski,33.0,https://www.procyclingstats.com/rider/michal-pomorski
857,BECERRA Eduin,VE,Team Trululu,32.0,https://www.procyclingstats.com/rider/eduin-becerra
858,ASSAL Mohamed Nadjib,DZ,Mouloudia Club d'Alger,32.0,https://www.procyclingstats.com/rider/mohamed-nadjib-assal
859,FU Enqi,CN,,32.0,https://www.procyclingstats.com/rider/enqi-fu
860,BONNEU Kamiel,BE,Intermarché - Wanty,32.0,https://www.procyclingstats.com/rider/kamiel-bonneu
861,GOOSSENS Kobe,BE,Intermarché - Wanty,32.0,https://www.procyclingstats.com/rider/kobe-goossens
862,MEEHAN Jamie,IE,Cofidis,32.0,https://www.procyclingstats.com/rider/jamie-meehan
863,SORARRAIN Gorka,ES,Caja Rural - Seguros RGA,32.0,https://www.procyclingstats.com/rider/gorka-sorarrain
864,ARDILA Andrés Camilo,CO,Nu Colombia,32.0,https://www.procyclingstats.com/rider/andres-camilo-ardila
865,VERHOEFF Stefan,NL,Universe Cycling Team,31.0,https://www.procyclingstats.com/rider/stefan-verhoeff
866,RACCAGNI NOVIERO Andrea,IT,Soudal Quick-Step,31.0,https://www.procyclingstats.com/rider/andrea-raccagni-noviero
867,DE POOTER Dries,BE,Intermarché - Wanty,31.0,https://www.procyclingstats.com/rider/dries-de-pooter
868,LAU Wan Yau Vincent,HK,Roojai Insurance,31.0,https://www.procyclingstats.com/rider/wan-yau-lau
869,LAGAB Azzedine,DZ,Madar Pro Cycling Team,31.0,https://www.procyclingstats.com/rider/azzedine-lagab
870,ZOCCARATO Samuele,IT,Team Polti VisitMalta,31.0,https://www.procyclingstats.com/rider/samuele-zoccarato
871,TONELLI Alessandro,IT,Team Polti VisitMalta,31.0,https://www.procyclingstats.com/rider/alessandro-tonelli
872,ØRN-KRISTOFF Felix,NO,Wanty - Nippo - ReUz,31.0,https://www.procyclingstats.com/rider/felix-orn-kristoff
873,DUPONT Timothy,BE,Tarteletto - Isorex,31.0,https://www.procyclingstats.com/rider/timothy-dupont
874,SEVILLA Diego Pablo,ES,Team Polti VisitMalta,31.0,https://www.procyclingstats.com/rider/diego-pablo-sevilla
875,STOLIĆ Mihajlo,RS,Team United Shipping,31.0,https://www.procyclingstats.com/rider/mihajlo-stolic
876,PEÑA Wilson Estiben,CO,Team Sistecredito,31.0,https://www.procyclingstats.com/rider/wilson-estiben-pena-molano
877,MAKATILE Kabelo,LS,,30.0,https://www.procyclingstats.com/rider/kabelo-makatile
878,AÏT EL ABDIA Anass,MA,Sidi Ali - Unlock Team,30.0,https://www.procyclingstats.com/rider/anass-ait-el-abdia
879,ERMAKOV Roman,RU,Bahrain - Victorious,30.0,https://www.procyclingstats.com/rider/roman-ermakov
880,PAASSCHENS Mathijs,NL,Bahrain - Victorious,30.0,https://www.procyclingstats.com/rider/mathijs-paasschens
881,HOUCOU Emmanuel,FR,Arkéa - B&B Hôtels Continentale,30.0,https://www.procyclingstats.com/rider/emmanuel-houcou
882,RAMÍREZ Mateo Pablo,EC,UAE Team Emirates Gen Z,30.0,https://www.procyclingstats.com/rider/mateo-pablo-ramirez
883,DELACROIX Théo,FR,St Michel - Preference Home - Auber93,30.0,https://www.procyclingstats.com/rider/theo-delacroix
884,MILLER Alex,NA,Swatt Club,30.0,https://www.procyclingstats.com/rider/alex-miller
885,KEE Zhe Yie,MY,,30.0,https://www.procyclingstats.com/rider/zhe-yie-kee
886,JAWAID Ali,PK,,30.0,https://www.procyclingstats.com/rider/ali-jawaid
887,BASTIAENS Ayco,BE,Soudal Quick-Step,30.0,https://www.procyclingstats.com/rider/ayco-bastiaens
888,GREGAARD Jonas,DK,Lotto,30.0,https://www.procyclingstats.com/rider/jonas-gregaard
889,DE TIER Floris,BE,Wagner Bazin WB,30.0,https://www.procyclingstats.com/rider/floris-de-tier
890,STEIMLE Jannik,DE,Q36.5 Pro Cycling Team,30.0,https://www.procyclingstats.com/rider/jannik-steimle
891,THIERRY Pierre,FR,Arkéa - B&B Hotels,30.0,https://www.procyclingstats.com/rider/pierre-thierry
892,GAZZOLI Michele,IT,XDS Astana Team,30.0,https://www.procyclingstats.com/rider/michele-gazzoli
893,ROBEET Ludovic,BE,Cofidis,30.0,https://www.procyclingstats.com/rider/ludovic-robeet
894,WEISS Fabian,CH,Tudor Pro Cycling Team,30.0,https://www.procyclingstats.com/rider/fabian-weiss
895,BOWER Lewis,NZ,Groupama - FDJ,30.0,https://www.procyclingstats.com/rider/lewis-bower
896,KRUIJSWIJK Steven,NL,Team Visma | Lease a Bike,30.0,https://www.procyclingstats.com/rider/steven-kruijswijk
897,PIETROBON Andrea,IT,Team Polti VisitMalta,30.0,https://www.procyclingstats.com/rider/andrea-pietrobon
898,KESSLER Bruno,DE,REMBE | rad-net,30.0,https://www.procyclingstats.com/rider/bruno-kessler
899,HAUG Kieran,US,Project Echelon Racing,30.0,https://www.procyclingstats.com/rider/kieran-haug
900,TESSON Jason,FR,Team TotalEnergies,30.0,https://www.procyclingstats.com/rider/jason-tesson
901,LOZOUET Léandre,FR,Arkéa - B&B Hotels,30.0,https://www.procyclingstats.com/rider/leandre-lozouet
902,CHAMBERLAIN Oscar,AU,Decathlon AG2R La Mondiale Team,30.0,https://www.procyclingstats.com/rider/oscar-chamberlain
903,GONZÁLEZ David,ES,Q36.5 Pro Cycling Team,30.0,https://www.procyclingstats.com/rider/david-gonzalez-lopez
904,BOUWMAN Koen,NL,Team Jayco AlUla,30.0,https://www.procyclingstats.com/rider/koen-bouwman
905,JARNET Maxime,FR,Van Rysel Roubaix,30.0,https://www.procyclingstats.com/rider/maxime-jarnet
906,JANSSENS Jimmy,BE,Alpecin - Deceuninck,30.0,https://www.procyclingstats.com/rider/jimmy-janssens
907,GARIBBO Nicolò,IT,Team UKYO,30.0,https://www.procyclingstats.com/rider/nicolo-garibbo
908,ALIYARI Aidin,IR,,30.0,https://www.procyclingstats.com/rider/aidin-aliyari
909,HUYS Laurens,BE,Arkéa - B&B Hotels,30.0,https://www.procyclingstats.com/rider/laurens-huys
910,KURITS Karl,EE,Israel Premier Tech Academy,30.0,https://www.procyclingstats.com/rider/karl-kurits
911,NUHA Blerton,XK,,30.0,https://www.procyclingstats.com/rider/blerton-nuha
912,SODJEDE Ricardo,BJ,,30.0,https://www.procyclingstats.com/rider/ricardo-sodjede
913,WALTERS Red,GD,Óbidos Cycling Team,30.0,https://www.procyclingstats.com/rider/red-walters
914,WILLIAMS Cory,BZ,Miami Blazers,30.0,https://www.procyclingstats.com/rider/cory-williams
915,ABU HARRAH Majid,JO,,30.0,https://www.procyclingstats.com/rider/majid-abu-harrah
916,KAGIMU Charles,UG,Team Amani,30.0,https://www.procyclingstats.com/rider/charles-kagimu
917,KARIĆ Vedad,BA,,30.0,https://www.procyclingstats.com/rider/vedad-karic
918,RADUNOVIĆ Aleksandar,ME,,30.0,https://www.procyclingstats.com/rider/aleksandar-radunovic
919,DA CRUZ Nelio,CV,,30.0,https://www.procyclingstats.com/rider/nelio-da-cruz
920,BUTTIGIEG Aidan,MT,Team Polti VisitMalta,30.0,https://www.procyclingstats.com/rider/aidan-buttigieg
921,ESSABAHY Ibrahim,MA,Agadir Vélo Propulsion,29.0,https://www.procyclingstats.com/rider/ibrahim-essabahy
922,BURNETT Josh,NZ,Burgos Burpellet BH,29.0,https://www.procyclingstats.com/rider/josh-burnett
923,CRABBE Tom,BE,Team Flanders - Baloise,29.0,https://www.procyclingstats.com/rider/tom-crabbe
924,MESA Santiago,CO,Efapel Cycling,29.0,https://www.procyclingstats.com/rider/santiago-mesa-pietralunga
925,NEGRENTE Mattia,IT,XDS Astana Development Team,29.0,https://www.procyclingstats.com/rider/mattia-negrente
926,BLUME LEVY William,DK,Uno-X Mobility,29.0,https://www.procyclingstats.com/rider/william-blume-levy
927,VAN HAUTEGEM Leander,BE,Wagner Bazin WB,29.0,https://www.procyclingstats.com/rider/leander-van-hautegem
928,REYNDERS Jens,BE,Wagner Bazin WB,29.0,https://www.procyclingstats.com/rider/jens-reynders
929,BRUNNER Eric,US,Project Echelon Racing,29.0,https://www.procyclingstats.com/rider/eric-brunner
930,FAURA José Luis,ES,Burgos Burpellet BH,28.0,https://www.procyclingstats.com/rider/jose-luis-faura-asensio
931,HENAO Sergio,CO,Nu Colombia,28.0,https://www.procyclingstats.com/rider/sergio-luis-henao
932,AMAN Awet,ER,Wuzhishan SCOM MVMT Cycling Team,28.0,https://www.procyclingstats.com/rider/awet-aman
933,DE BUYST Jasper,BE,Lotto,28.0,https://www.procyclingstats.com/rider/jasper-de-buyst
934,BOGDANOVIČS Māris,LV,FNIX - SCOM - Hengxiang Cycling Team,28.0,https://www.procyclingstats.com/rider/maris-bogdanovics
935,OKAMIKA Ander,ES,Burgos Burpellet BH,28.0,https://www.procyclingstats.com/rider/ander-okamika
936,AMBROSSI Facundo Nicolás,AR,Technosylva Maglia Bembibre,28.0,https://www.procyclingstats.com/rider/facundo-nicolas-ambrossi
937,VAN DER LEE Jardi Christiaan,NL,EF Education - EasyPost,27.0,https://www.procyclingstats.com/rider/jardi-christiaan-van-der-lee
938,VINOKUROV Nicolas,KZ,XDS Astana Team,27.0,https://www.procyclingstats.com/rider/nicolas-vinokurov
939,ABAY Burak,TR,Konya Büyükşehir Belediye Spor,27.0,https://www.procyclingstats.com/rider/burak-abay
940,WARLOP Jordi,BE,Soudal Quick-Step,27.0,https://www.procyclingstats.com/rider/jordi-warlop
941,JOCHUM Ben Felix,DE,Team Lotto Kern-Haus PSD Bank,27.0,https://www.procyclingstats.com/rider/ben-felix-jochum
942,BATTISTELLA Samuele,IT,EF Education - EasyPost,27.0,https://www.procyclingstats.com/rider/samuele-battistella
943,GIDDINGS Joshua,GB,Lotto,27.0,https://www.procyclingstats.com/rider/joshua-giddings
944,MORIN Emmanuel,FR,Van Rysel Roubaix,27.0,https://www.procyclingstats.com/rider/emmanuel-morin
945,WEEMAES Sasha,BE,Wagner Bazin WB,27.0,https://www.procyclingstats.com/rider/sasha-weemaes
946,KESS Alexandre,LU,Team Lotto Kern-Haus PSD Bank,27.0,https://www.procyclingstats.com/rider/alexandre-kess
947,FELDMANN Karsten Larsen,NO,Team Coop - Repsol,27.0,https://www.procyclingstats.com/rider/karsten-larsen-feldmann
948,DOMÍNGUEZ José Alberto,CU,,27.0,https://www.procyclingstats.com/rider/jose-alberto-dominguez
949,HAUGSTED Conrad,DK,Team ColoQuick,27.0,https://www.procyclingstats.com/rider/conrad-haugsted
950,RASENBERG Martijn,NL,Parkhotel Valkenburg,27.0,https://www.procyclingstats.com/rider/martijn-rasenberg
951,VELIA Olsian,AL,May Stars,27.0,https://www.procyclingstats.com/rider/olsian-velia
952,LUCCA Riccardo,IT,Karcag Cycling ÉPKAR Team,27.0,https://www.procyclingstats.com/rider/riccardo-lucca
953,DUARTE Emanuel,PT,Credibom / LA Alumínios / Marcos Car,27.0,https://www.procyclingstats.com/rider/emanuel-duarte
954,FERNÁNDEZ Rubén,ES,Anicolor / Tien 21,26.0,https://www.procyclingstats.com/rider/ruben-fernandez-andujar
955,BULUT Samet,TR,Konya Büyükşehir Belediye Spor,26.0,https://www.procyclingstats.com/rider/samet-bulut
956,ALMUTAIWEI Mohammad,AE,UAE Team Emirates Gen Z,26.0,https://www.procyclingstats.com/rider/mohammad-almutaiwei
957,MUÑOZ Francisco,ES,Team Polti VisitMalta,26.0,https://www.procyclingstats.com/rider/francisco-munoz-llana
958,ANGULO Antonio,ES,Burgos Burpellet BH,26.0,https://www.procyclingstats.com/rider/antonio-angulo
959,VÁSQUEZ Juan Mardoqueo,GT,Hino-One-La red-Suzuki,26.0,https://www.procyclingstats.com/rider/juan-mardoqueo-vasquez-vasquez
960,ROSENLUND Stian,DK,AIRTOX - Carl Ras,26.0,https://www.procyclingstats.com/rider/stian-rosenlund
961,SERRY Pieter,BE,Soudal Quick-Step,25.0,https://www.procyclingstats.com/rider/pieter-serry
962,SCHELLING Ide,NL,XDS Astana Team,25.0,https://www.procyclingstats.com/rider/ide-schelling
963,MAHOUDO Nolann,FR,Cofidis,25.0,https://www.procyclingstats.com/rider/nolann-mahoudo
964,PAQUOT Tom,BE,Intermarché - Wanty,25.0,https://www.procyclingstats.com/rider/tom-paquot
965,KUYPERS Gerben,BE,Intermarché - Wanty,25.0,https://www.procyclingstats.com/rider/gerben-kuypers
966,MASENGESHO Vainqueur,RW,,25.0,https://www.procyclingstats.com/rider/vainqueur-masengesho
967,KOECH Silas,DE,Team Lotto Kern-Haus PSD Bank,25.0,https://www.procyclingstats.com/rider/silas-koech
968,VEISTROFFER Baptiste,FR,Lotto,25.0,https://www.procyclingstats.com/rider/baptiste-veistroffer
969,LAENGEN Vegard Stake,NO,UAE Team Emirates - XRG,25.0,https://www.procyclingstats.com/rider/vegard-stake-laengen
970,PEDERSEN Henrik,DK,Uno-X Mobility,25.0,https://www.procyclingstats.com/rider/henrik-pedersen
971,GONZALEZ Jyven,BZ,G-Flow Cycling Team,25.0,https://www.procyclingstats.com/rider/jyven-gonzalez
972,RAMÍREZ Donovan,CR,,25.0,https://www.procyclingstats.com/rider/donovan-ramirez
973,ROJAS Gabriel Francisco,CR,Manzaté La Selva Scott,25.0,https://www.procyclingstats.com/rider/gabriel-francisco-rojas
974,AZIZ Mohab Youssef,EG,SuezCanalDiscovery,25.0,https://www.procyclingstats.com/rider/mohab-aziz
975,MAROLT Jaka,SI,Factor Racing,25.0,https://www.procyclingstats.com/rider/jaka-marolt
976,JONKMANS Tom,NL,Wielerploeg Groot Amsterdam,25.0,https://www.procyclingstats.com/rider/tom-jonkmans
977,MASNADA Fausto,IT,XDS Astana Team,25.0,https://www.procyclingstats.com/rider/fausto-masnada
978,MANDIN MEDINA Yunior Brayan,CU,,25.0,https://www.procyclingstats.com/rider/yunior-brayan-mandin-medina
979,MAYER Alexandre,MU,Burgos Burpellet BH,25.0,https://www.procyclingstats.com/rider/alexandre-mayer
980,ÁLVAREZ Héctor,ES,Lidl - Trek Future Racing,25.0,https://www.procyclingstats.com/rider/hector-alvarez-martinez
981,MORALES Christopher,PR,Controlpack,25.0,https://www.procyclingstats.com/rider/christopher-morales
982,PELIKÁN János,HU,Team United Shipping,25.0,https://www.procyclingstats.com/rider/janos-pelikan
983,STOYNEV Emil,BG,,25.0,https://www.procyclingstats.com/rider/emil-stoynev
984,SKERL Daniel,IT,Bahrain - Victorious,24.0,https://www.procyclingstats.com/rider/daniel-skerl
985,TUCKWELL Luke,AU,Red Bull - BORA - hansgrohe Rookies,24.0,https://www.procyclingstats.com/rider/luke-tuckwell
986,BORGO Alessandro,IT,Bahrain Victorious Development Team,24.0,https://www.procyclingstats.com/rider/alessandro-borgo
987,KIM Euro,KR,LX Cycling Team,24.0,https://www.procyclingstats.com/rider/euro-kim
988,JAKOBSEN Fabio,NL,Team Picnic PostNL,24.0,https://www.procyclingstats.com/rider/fabio-jakobsen
989,MILAN Matteo,IT,Lidl - Trek Future Racing,24.0,https://www.procyclingstats.com/rider/matteo-milan
990,QUICK Blake,AU,Roojai Insurance,24.0,https://www.procyclingstats.com/rider/blake-quick
991,ISASA Xabier,ES,Euskaltel - Euskadi,24.0,https://www.procyclingstats.com/rider/xabier-isasa-larranaga
992,SWIRBUL Keegan,US,Efapel Cycling,24.0,https://www.procyclingstats.com/rider/keegan-swirbul
993,LAMBRECHT Michiel,BE,Wagner Bazin WB,24.0,https://www.procyclingstats.com/rider/michiel-lambrecht
994,BOMFIM DE ALMEIDA Luiz Fernando,BR,,24.0,https://www.procyclingstats.com/rider/luiz-fernando-bomfim-de-almeida
995,WIJFJE Tom,NL,Universe Cycling Team,24.0,https://www.procyclingstats.com/rider/tom-wijfje
996,KAMZONG Clovis,CM,SNH Vélo Club,24.0,https://www.procyclingstats.com/rider/clovis-kamzong-abessolo
997,RODRIGUEZ Juan Felipe,CO,Team Sistecredito,24.0,https://www.procyclingstats.com/rider/juan-felipe-rodriguez
998,PRINGLE Nate,NZ,Red Bull - BORA - hansgrohe Rookies,24.0,https://www.procyclingstats.com/rider/nate-pringle
999,REYES Yeison Sebastian,CO,Orgullo Paisa,24.0,https://www.procyclingstats.com/rider/yeison-reyes
1000,LOPES Lucas,PT,Rádio Popular - Paredes - Boavista,24.0,https://www.procyclingstats.com/rider/lucas-lopes1
1001,HAUGLAND Kasper,NO,Decathlon AG2R La Mondiale Development Team,24.0,https://www.procyclingstats.com/rider/kasper-haugland
1002,EL ALOUANI Driss,MA,Agadir Vélo Propulsion,23.0,https://www.procyclingstats.com/rider/driss-el-alouani
1003,BRUTTOMESSO Alberto,IT,Bahrain - Victorious,23.0,https://www.procyclingstats.com/rider/alberto-bruttomesso
1004,VAN DER MEULEN Max,NL,Bahrain - Victorious,23.0,https://www.procyclingstats.com/rider/max-van-der-meulen
1005,AUGÉ Ronan,FR,CIC - U - Nantes,23.0,https://www.procyclingstats.com/rider/ronan-auge
1006,CARSTENSEN Lucas,DE,Team Storck - Metropol Cycling,23.0,https://www.procyclingstats.com/rider/lucas-carstensen
1007,KAM Chin Pok,MO,China Anta - Mentech Cycling Team,23.0,https://www.procyclingstats.com/rider/chin-pok-kam
1008,PEACE Oliver,GB,Development Team Picnic PostNL,23.0,https://www.procyclingstats.com/rider/oliver-peace
1009,SÉNÉCHAL Florian,FR,Arkéa - B&B Hotels,23.0,https://www.procyclingstats.com/rider/florian-senechal
1010,GELDERS Gil,BE,Soudal Quick-Step,23.0,https://www.procyclingstats.com/rider/gil-gelders
1011,VERGAERDE Otto,BE,Lidl - Trek,23.0,https://www.procyclingstats.com/rider/otto-vergaerde
1012,BONIFACE Lucas,FR,Team TotalEnergies,23.0,https://www.procyclingstats.com/rider/lucas-boniface
1013,OYOLA Róbigzon Leandro,CO,Team Medellín - EPM,23.0,https://www.procyclingstats.com/rider/robigzon-leandro-oyola
1014,BORSTELMANN John,US,,23.0,https://www.procyclingstats.com/rider/john-borstelmann
1015,AGOSTINACCHIO Filippo,IT,Biesse - Carrera - Premac,23.0,https://www.procyclingstats.com/rider/filippo-agostinacchio
1016,AGNOLETTO Blake,AU,Equipe continentale Groupama-FDJ,23.0,https://www.procyclingstats.com/rider/blake-agnoletto
1017,BORTOLUZZI Giovanni,IT,General Store - Essegibi - F.Lli Curia,23.0,https://www.procyclingstats.com/rider/giovanni-bortoluzzi
1018,GONZELI Otavio Augusto,BR,Swift Pro Cycling,23.0,https://www.procyclingstats.com/rider/otavio-augusto-gonzeli
1019,OKA Atsushi,JP,Utsunomiya Blitzen,23.0,https://www.procyclingstats.com/rider/atsushi-oka
1020,BUDDING Martijn,NL,Unibet Tietema Rockets,23.0,https://www.procyclingstats.com/rider/martijn-budding
1021,DE FABRITIIS Gabriele,AL,Rime Drali,23.0,https://www.procyclingstats.com/rider/gabriele-de-fabritiis
1022,MEIN Thomas,GB,Mg.K Vis Costruzioni e Ambiente,23.0,https://www.procyclingstats.com/rider/thomas-mein
1023,ILIĆ Ognjen,RS,Borac Cacak,23.0,https://www.procyclingstats.com/rider/ognjen-ilic
1024,VAN TRICHT Stan,BE,Alpecin - Deceuninck,23.0,https://www.procyclingstats.com/rider/stan-van-tricht
1025,GROSU Eduard-Michael,RO,Huansheng - Vonoa - Taishan Sport Team,23.0,https://www.procyclingstats.com/rider/eduard-michael-grosu
1026,SU Haoyu,CN,XDS Astana Team,22.0,https://www.procyclingstats.com/rider/haoyu-su
1027,PAWLAK Tobiasz,PL,Voster ATS Team,22.0,https://www.procyclingstats.com/rider/tobiasz-pawlak
1028,BUDZIŃSKI Tomasz,PL,Voster ATS Team,22.0,https://www.procyclingstats.com/rider/tomasz-budzinski
1029,TEUGELS Lennert,BE,Tarteletto - Isorex,22.0,https://www.procyclingstats.com/rider/lennert-teugels
1030,RETAILLEAU Valentin,FR,Team TotalEnergies,22.0,https://www.procyclingstats.com/rider/valentin-retailleau
1031,IMAMURA Shunsuke,JP,Wanty - Nippo - ReUz,22.0,https://www.procyclingstats.com/rider/shunsuke-imamura
1032,GAJDULEWICZ Mateusz,PL,Mazowsze Serce Polski,22.0,https://www.procyclingstats.com/rider/mateusz-gajdulewicz
1033,KLOPPENBORG Lukas Sulaj,AL,Holbæk Cykelsport,22.0,https://www.procyclingstats.com/rider/lukas-sulaj-kloppenborg
1034,WHITE Conor,BM,Muc-Off-SRCT-Storck,22.0,https://www.procyclingstats.com/rider/conor-white
1035,YEO Boon Kiak,SG,,22.0,https://www.procyclingstats.com/rider/boon-kiak-yeo
1036,GONZÁLEZ Abner,PR,Caja Rural - Seguros RGA,22.0,https://www.procyclingstats.com/rider/abner-gonzalez-rivera
1037,EL ARBAOUI Adil,MA,,22.0,https://www.procyclingstats.com/rider/adil-el-arbaoui
1038,ABDURRAHMAN Muhammad,ID,Jakarta Pro Cycling Team,22.0,https://www.procyclingstats.com/rider/muhammad-abdurrahman
1039,TREPTE Liam,TT,,22.0,https://www.procyclingstats.com/rider/liam-trepte
1040,CAMPBELL Akill,TT,,22.0,https://www.procyclingstats.com/rider/akill-campbell
1041,NUNES Hugo,PT,Credibom / LA Alumínios / Marcos Car,22.0,https://www.procyclingstats.com/rider/hugo-nunes
1042,CHESINI Cesare,IT,MBH Bank Ballan CSB,22.0,https://www.procyclingstats.com/rider/cesare-chesini
1043,OLIVER Ben,NZ,MitoQ - NZ Cycling Project,21.0,https://www.procyclingstats.com/rider/ben-oliver
1044,CONFORTI Lorenzo,IT,VF Group - Bardiani CSF - Faizanè,21.0,https://www.procyclingstats.com/rider/lorenzo-conforti
1045,VANHOOF Ward,BE,Team Flanders - Baloise,21.0,https://www.procyclingstats.com/rider/ward-vanhoof
1046,PATTINSON Tomos,GB,Team Visma | Lease a Bike Development,21.0,https://www.procyclingstats.com/rider/tomos-pattinson
1047,EEFTING-BLOEM Roy,NL,FNIX - SCOM - Hengxiang Cycling Team,21.0,https://www.procyclingstats.com/rider/roy-eefting
1048,LEROUX Samuel,FR,Team TotalEnergies,21.0,https://www.procyclingstats.com/rider/samuel-leroux
1049,MARIS Elias,BE,Team Flanders - Baloise,21.0,https://www.procyclingstats.com/rider/elias-maris
1050,RIES Michel,LU,Arkéa - B&B Hotels,21.0,https://www.procyclingstats.com/rider/michel-ries
1051,ALUSTIZA Nicolás,ES,Euskaltel - Euskadi,21.0,https://www.procyclingstats.com/rider/nicolas-alustiza
1052,BRACALENTE Diego,IT,MBH Bank Ballan CSB,21.0,https://www.procyclingstats.com/rider/diego-bracalente
1053,MASCIARELLI Lorenzo,IT,MBH Bank Ballan CSB,21.0,https://www.procyclingstats.com/rider/lorenzo-masciarelli
1054,CLASSEN Caleb,US,Project Echelon Racing,21.0,https://www.procyclingstats.com/rider/caleb-classen
1055,CHRISTIAN Sean,US,Team Skyline,21.0,https://www.procyclingstats.com/rider/sean-christian
1056,VAN SINTMAARTENSDIJK Daan,NL,BEAT Cycling Club,21.0,https://www.procyclingstats.com/rider/daan-van-sintmaartensdijk
1057,MIENTKI Kacper,PL,Mazowsze Serce Polski,21.0,https://www.procyclingstats.com/rider/kacper-mientki
1058,RAWENDE Moucaila,BF,,21.0,https://www.procyclingstats.com/rider/moucaila-rawende
1059,ABREU Jorge,VE,Doglocy - Imca,20.0,https://www.procyclingstats.com/rider/jorge-abreu-soler
1060,BALMER Alexandre,CH,Team Solution Tech - Vini Fantini,20.0,https://www.procyclingstats.com/rider/alexandre-balmer
1061,JASIM AL-ALI Abdulla,AE,UAE Team Emirates Gen Z,20.0,https://www.procyclingstats.com/rider/abdulla-jasim-al-ali
1062,YILMAZ Ramazan,TR,Konya Büyükşehir Belediye Spor,20.0,https://www.procyclingstats.com/rider/ramazan-yilmaz
1063,NG Pak Hang,HK,HKSI Pro Cycling Team,20.0,https://www.procyclingstats.com/rider/pak-hang-ng
1064,WATANABE Ikki,JP,,20.0,https://www.procyclingstats.com/rider/ikki-watanabe
1065,WOUTERS Rutger,BE,Team Flanders,20.0,https://www.procyclingstats.com/rider/rutger-wouters
1066,CIMOLAI Davide,IT,Movistar Team,20.0,https://www.procyclingstats.com/rider/davide-cimolai
1067,TAILLIEU Aldo,BE,Lotto Development Team,20.0,https://www.procyclingstats.com/rider/aldo-taillieu
1068,STOCKMAN Abram,BE,Unibet Tietema Rockets,20.0,https://www.procyclingstats.com/rider/abram-stockman
1069,LE GAC Olivier,FR,Groupama - FDJ,20.0,https://www.procyclingstats.com/rider/olivier-le-gac
1070,RIESEBEEK Oscar,NL,Alpecin - Deceuninck,20.0,https://www.procyclingstats.com/rider/oscar-riesebeek
1071,DEMAN Brem,BE,Team Flanders - Baloise,20.0,https://www.procyclingstats.com/rider/brem-deman
1072,BOU Joan,ES,Caja Rural - Seguros RGA,20.0,https://www.procyclingstats.com/rider/joan-bou
1073,ARCAS Jorge,ES,Movistar Team,20.0,https://www.procyclingstats.com/rider/jorge-arcas
1074,GIAIMI Luca,IT,UAE Team Emirates Gen Z,20.0,https://www.procyclingstats.com/rider/luca-giaimi
1075,GUÉGAN Maël,FR,CIC - U - Nantes,20.0,https://www.procyclingstats.com/rider/mael-guegan
1076,DESAL Ceriel,BE,Wagner Bazin WB,20.0,https://www.procyclingstats.com/rider/ceriel-desal
1077,BOULAHOITE Rayan,FR,Team TotalEnergies,20.0,https://www.procyclingstats.com/rider/rayan-boulahoite
1078,ROOTKIN-GRAY Jack,GB,EF Education - EasyPost,20.0,https://www.procyclingstats.com/rider/jack-rootkin-gray
1079,GARCÍA PIERNA Carlos,ES,Burgos Burpellet BH,20.0,https://www.procyclingstats.com/rider/carlos-garcia-pierna
1080,HESSMANN Michel,DE,Movistar Team,20.0,https://www.procyclingstats.com/rider/michel-hessmann
1081,IVANOV Timofei,RU,Chengdu DYC Cycling Team,20.0,https://www.procyclingstats.com/rider/timofei-ivanov
1082,MUÑIZ José Ramón,MX,Olinka Specialized,20.0,https://www.procyclingstats.com/rider/jose-ramon-muniz-vazquez
1083,QUINTERO Juan Diego,CO,GW Erco Shimano,20.0,https://www.procyclingstats.com/rider/juan-diego-quintero-osorno
1084,TRILLAT Jose,CL,,20.0,https://www.procyclingstats.com/rider/jose-trillat
1085,FONSECA DA SILVA FREITAS Kacio,BR,Swift Pro Cycling,20.0,https://www.procyclingstats.com/rider/kacio-fonseca-da-silva-freitas
1086,DATI Tommaso,IT,Biesse - Carrera - Premac,20.0,https://www.procyclingstats.com/rider/tommaso-dati
1087,LOULERGUE Victor,FR,Bourg-en-Bresse Ain Cyclisme,20.0,https://www.procyclingstats.com/rider/victor-loulergue
1088,PAJUR Romet,EE,Red Bull - BORA - hansgrohe Rookies,20.0,https://www.procyclingstats.com/rider/romet-pajur
1089,TORRES Albert,ES,Movistar Team,20.0,https://www.procyclingstats.com/rider/albert-torres
1090,DEBEAUMARCHÉ Nicolas,FR,Cofidis,20.0,https://www.procyclingstats.com/rider/nicolas-debeaumarche
1091,BENNETT Stéfan,FR,Jeunesse Cycliste 231,20.0,https://www.procyclingstats.com/rider/stefan-bennett
1092,TVEDT Ulrik,NO,Lillehammer CK Continental Team,19.0,https://www.procyclingstats.com/rider/ulrik-tvedt
1093,DE CEUSTER Milan,BE,Lotto Development Team,19.0,https://www.procyclingstats.com/rider/milan-de-ceuster
1094,LEWIS Adam,GB,Team Skyline,19.0,https://www.procyclingstats.com/rider/adam-lewis
1095,SANTY Arne,BE,Tarteletto - Isorex,19.0,https://www.procyclingstats.com/rider/arne-santy
1096,GALIMBERTI Lorenzo,IT,Petrolike,19.0,https://www.procyclingstats.com/rider/lorenzo-galimberti
1097,DELGADO Ricardo,CU,,19.0,https://www.procyclingstats.com/rider/ricardo-delgado1
1098,SOLEN Keije,NL,Wanty - Nippo - ReUz,19.0,https://www.procyclingstats.com/rider/keije-solen
1099,MERLÖV Ville,SE,LRG - Cycling Team,19.0,https://www.procyclingstats.com/rider/ville-merlov1
1100,KUKRLE Michael,CZ,ATT Investments,19.0,https://www.procyclingstats.com/rider/michael-kukrle
1101,CHU Tsun Wai,HK,HKSI Pro Cycling Team,19.0,https://www.procyclingstats.com/rider/tsun-wai-chu
1102,DUNHAM Ethan,US,Team Skyline,19.0,https://www.procyclingstats.com/rider/ethan-dunham
1103,NOLDE Tobias,DE,Benotti Berthold,19.0,https://www.procyclingstats.com/rider/tobias-nolde
1104,PRIETO José Juan,MX,Petrolike,18.0,https://www.procyclingstats.com/rider/jose-juan-prieto
1105,GEORGE Alfred,GB,SCO Dijon - Team Matériel - Velo.com,18.0,https://www.procyclingstats.com/rider/alfred-george
1106,ÖRKEN Ahmet,TR,Spor Toto Cycling Team,18.0,https://www.procyclingstats.com/rider/ahmet-orken
1107,CANTONI Andrea,IT,Mg.K Vis Costruzioni e Ambiente,18.0,https://www.procyclingstats.com/rider/andrea-cantoni
1108,WIRTGEN Luc,LU,Tudor Pro Cycling Team,18.0,https://www.procyclingstats.com/rider/luc-wirtgen
1109,FRISON Frederik,BE,Q36.5 Pro Cycling Team,18.0,https://www.procyclingstats.com/rider/frederik-frison
1110,ZACHAR Sebastian Bruno,PY,,18.0,https://www.procyclingstats.com/rider/bruno-zachar
1111,BELLETTA Dario Igor,IT,Solme - Olmo,18.0,https://www.procyclingstats.com/rider/dario-igor-belletta
1112,ROUFFAER Lars,NL,Diftar Continental Cyclingteam,18.0,https://www.procyclingstats.com/rider/lars-rouffaer
1113,RAKAOTA Khotsofalang,LS,,17.0,https://www.procyclingstats.com/rider/khotsofalang-rakaota
1114,DEKKER David,NL,Euskaltel - Euskadi,17.0,https://www.procyclingstats.com/rider/david-dekker
1115,FREYER Martin,NA,,17.0,https://www.procyclingstats.com/rider/martin-freyer
1116,LEDESMA Gerard,ES,VC Fukuoka,17.0,https://www.procyclingstats.com/rider/gerard-ledesma
1117,BENETEAU Lucas,FR,St Michel - Preference Home - Auber93,17.0,https://www.procyclingstats.com/rider/lucas-beneteau
1118,MANSOURI Hamza,DZ,Madar Pro Cycling Team,17.0,https://www.procyclingstats.com/rider/hamza-mansouri
1119,VADIC Baptiste,FR,Team TotalEnergies,17.0,https://www.procyclingstats.com/rider/baptiste-vadic
1120,HEFFERNAN William,AU,CCACHE x BODYWRAP,17.0,https://www.procyclingstats.com/rider/william-heffernan
1121,CARDIS Romain,FR,St Michel - Preference Home - Auber93,17.0,https://www.procyclingstats.com/rider/romain-cardis
1122,RENARD-HAQUIN Henri-François,FR,Wagner Bazin WB,17.0,https://www.procyclingstats.com/rider/henri-francois-renard-haquin
1123,BELOHVOŠČIKS Kristiāns,LV,Monzon - Incolor - Gub,17.0,https://www.procyclingstats.com/rider/kristians-belohvosciks
1124,PRONSKIY Vadim,KZ,Terengganu Cycling Team,17.0,https://www.procyclingstats.com/rider/vadim-pronskiy
1125,RODAS Manuel,GT,Decorabaños,17.0,https://www.procyclingstats.com/rider/manuel-rodas
1126,REMIJN Senna,NL,Alpecin-Deceuninck Development Team,17.0,https://www.procyclingstats.com/rider/senna-remijn
1127,MAHLANGU Thokozani,ZA,,17.0,https://www.procyclingstats.com/rider/thokozani-mahlangu
1128,NIELSEN Sebastian,DK,Unibet Tietema Rockets,17.0,https://www.procyclingstats.com/rider/sebastian-nielsen
1129,TOSCANO Bill Janz,PE,,17.0,https://www.procyclingstats.com/rider/bill-janz-toscano
1130,DYBALL Benjamin,AU,Victoire Hiroshima,17.0,https://www.procyclingstats.com/rider/benjamin-dyball
1131,MOHD ZARIFF Muhammad Nur Aiman,MY,Terengganu Cycling Team,17.0,https://www.procyclingstats.com/rider/muhammad-nur-aiman-mohd-zariff
1132,VANHUFFEL Matteo,BE,Development Team Picnic PostNL,17.0,https://www.procyclingstats.com/rider/matteo-vanhuffel
1133,MIAO Chengshuo,CN,Camp Cycling Team,17.0,https://www.procyclingstats.com/rider/chengshuo-miao
1134,SVRČEK Martin,SK,Soudal Quick-Step,17.0,https://www.procyclingstats.com/rider/martin-svrcek
1135,MEMEDI Memet,MK,,17.0,https://www.procyclingstats.com/rider/memet-memedi
1136,PHONASA Thavone,LA,,17.0,https://www.procyclingstats.com/rider/thavone-phonasa
1137,SMITH Calvin,VG,,17.0,https://www.procyclingstats.com/rider/calvin-smith
1138,JONES Barry,VG,,17.0,https://www.procyclingstats.com/rider/barry-jones
1139,FORSSELL Hugo,SE,CK Hymer,17.0,https://www.procyclingstats.com/rider/hugo-forssell
1140,GARCÍA José María,ES,Illes Balears Arabay,17.0,https://www.procyclingstats.com/rider/jose-maria-garcia
1141,PETTITI Nicolò,IT,Swatt Club,17.0,https://www.procyclingstats.com/rider/nicolo-pettiti
1142,BUSTAMANTE Adrián,CO,GI Group Holding - Simoldes - UDO,17.0,https://www.procyclingstats.com/rider/adrian-bustamante
1143,PERSICO Davide,IT,Wagner Bazin WB,16.0,https://www.procyclingstats.com/rider/davide-persico
1144,STEWART Campbell,NZ,Team Jayco AlUla,16.0,https://www.procyclingstats.com/rider/campbell-stewart
1145,MARTIN David,ES,Burgos Burpellet BH,16.0,https://www.procyclingstats.com/rider/david-martin-romero
1146,SAENTA Tanawat,TH,Roojai Insurance,16.0,https://www.procyclingstats.com/rider/tanawat-saenta
1147,TISSIÈRES Arnaud,CH,Team Solution Tech - Vini Fantini,16.0,https://www.procyclingstats.com/rider/arnaud-tissieres
1148,KERCKHAERT Jochem,NL,BEAT Cycling Club,16.0,https://www.procyclingstats.com/rider/jochem-kerckhaert
1149,NESPOLI Lorenzo,IT,MBH Bank Ballan CSB,16.0,https://www.procyclingstats.com/rider/lorenzo-nespoli
1150,ROTA Raúl,ES,Rádio Popular - Paredes - Boavista,16.0,https://www.procyclingstats.com/rider/raul-rota-rus
1151,ARRIOLA-BENGOA Julen,ES,Caja Rural - Seguros RGA,16.0,https://www.procyclingstats.com/rider/julen-arriola-bengoa-beitia
1152,BONILLA Daniel Andres,CR,,16.0,https://www.procyclingstats.com/rider/daniel-bonilla
1153,LÓPEZ Luis Fernando Enrique,HN,,16.0,https://www.procyclingstats.com/rider/luis-fernando-enrique-lopez-nolasco
1154,SHUMBA Rodrick,ZW,,16.0,https://www.procyclingstats.com/rider/rodrick-shumba
1155,CHOFOR Fabrice,CM,SNH Vélo Club,16.0,https://www.procyclingstats.com/rider/fabrice-chofor
1156,HOFBAUER Philipp,AT,WSA KTM Graz,16.0,https://www.procyclingstats.com/rider/philipp-hofbauer
1157,SVARRE Tobias,DK,Team ColoQuick,16.0,https://www.procyclingstats.com/rider/tobias-svarre
1158,BUCK JONES Huw,GB,Bourg-en-Bresse Ain Cyclisme,16.0,https://www.procyclingstats.com/rider/huw-buck-jones
1159,RETEGI Mikel,ES,Equipo Kern Pharma,16.0,https://www.procyclingstats.com/rider/mikel-retegi
1160,REEMEIJER Niels,NL,Wielerploeg Groot Amsterdam,16.0,https://www.procyclingstats.com/rider/niels-reemeijer
1161,SZÓSTKA Paweł,PL,Monogo Lubelskie Perła Polski,16.0,https://www.procyclingstats.com/rider/pawel-szostka
1162,ŠTAJNAR Mihael,SI,Pogi Team Gusto Ljubljana,16.0,https://www.procyclingstats.com/rider/mihael-stajnar
1163,EL KOURAJI Mohcine,MA,,16.0,https://www.procyclingstats.com/rider/mohcine-el-kouraji
1164,NSENGIYUMVA Shemu,RW,Java - Inovotec Pro Team,16.0,https://www.procyclingstats.com/rider/shemu-nsengiyumva
1165,DRAKOS Nikolaos Michail,GR,Roojai Insurance,16.0,https://www.procyclingstats.com/rider/nikolas-drakos
1166,CALZONI Walter,IT,Q36.5 Pro Cycling Team,16.0,https://www.procyclingstats.com/rider/walter-calzoni
1167,FAYOLLE Jean-Loup,FR,Arkéa - B&B Hôtels Continentale,16.0,https://www.procyclingstats.com/rider/jean-loup-fayolle
1168,TAILLANDIER Axel,FR,Team Madras Capesterre Belle-Eau,16.0,https://www.procyclingstats.com/rider/axel-taillandier
1169,BANASZEK Alan,PL,ATT Investments,16.0,https://www.procyclingstats.com/rider/alan-banaszek
1170,VAN HERK Bram,NL,GRC Jan van Arckel,15.0,https://www.procyclingstats.com/rider/bram-van-herk
1171,HERREGODTS Rune,BE,UAE Team Emirates - XRG,15.0,https://www.procyclingstats.com/rider/rune-herregodts
1172,MOW Ching Yin,HK,HKSI Pro Cycling Team,15.0,https://www.procyclingstats.com/rider/ching-yin-mow
1173,MATTHEWS Daniyal,ZA,7Eleven Cliqq Roadbike Philippines,15.0,https://www.procyclingstats.com/rider/daniyal-matthews
1174,SBARAGLI Kristian,IT,Team Solution Tech - Vini Fantini,15.0,https://www.procyclingstats.com/rider/kristian-sbaragli
1175,LIM Nash,PH,Factor Racing,15.0,https://www.procyclingstats.com/rider/nash-lim
1176,DECLERCQ Tim,BE,Lidl - Trek,15.0,https://www.procyclingstats.com/rider/tim-declercq
1177,VANDENSTORME Dylan,BE,Team Flanders - Baloise,15.0,https://www.procyclingstats.com/rider/dylan-vandenstorme
1178,LAZKANO Oier,ES,Red Bull - BORA - hansgrohe,15.0,https://www.procyclingstats.com/rider/oier-lazkano
1179,FROIDEVAUX Robin,CH,Tudor Pro Cycling Team,15.0,https://www.procyclingstats.com/rider/robin-froidevaux
1180,ZUKOWSKY Nickolas,CA,Q36.5 Pro Cycling Team,15.0,https://www.procyclingstats.com/rider/nickolas-zukowsky
1181,ERIKSSON Jacob,SE,Tudor Pro Cycling Team,15.0,https://www.procyclingstats.com/rider/jacob-eriksson
1182,GAZE Samuel,NZ,Alpecin - Deceuninck,15.0,https://www.procyclingstats.com/rider/samuel-gaze
1183,SMIRNOV Ivan,RU,XDS Astana Development Team,15.0,https://www.procyclingstats.com/rider/ivan-smirnov
1184,ROJAS Vicente,CL,VF Group - Bardiani CSF - Faizanè,15.0,https://www.procyclingstats.com/rider/vicente-rojas
1185,RUDYK Bartosz,PL,Monogo Lubelskie Perła Polski,15.0,https://www.procyclingstats.com/rider/bartosz-rudyk
1186,SCHWARZMANN Michael,DE,Israel - Premier Tech,15.0,https://www.procyclingstats.com/rider/michael-schwarzmann
1187,PETIT Adrien,FR,Intermarché - Wanty,15.0,https://www.procyclingstats.com/rider/adrien-petit
1188,HOLLMANN Juri,DE,Alpecin - Deceuninck,15.0,https://www.procyclingstats.com/rider/juri-hollmann
1189,BLAISE Arthur,FR,Decathlon AG2R La Mondiale Development Team,15.0,https://www.procyclingstats.com/rider/arthur-blaise
1190,KINGSTON Matthew,GB,Mg.K Vis Costruzioni e Ambiente,15.0,https://www.procyclingstats.com/rider/matthew-kingston
1191,FRAILE Omar,ES,INEOS Grenadiers,15.0,https://www.procyclingstats.com/rider/omar-fraile
1192,DE MARCHI Alessandro,IT,Team Jayco AlUla,15.0,https://www.procyclingstats.com/rider/alessandro-de-marchi
1193,ZAPATA CORDOBA Gregory Santiago,CA,Team Winston Salem - Flow,15.0,https://www.procyclingstats.com/rider/gregory-santiago-zapata-cordoba
1194,SISIMITH Eli Alejandro,GT,RedHook Guatemala,15.0,https://www.procyclingstats.com/rider/eli-alejandro-sisimith
1195,ROOSEN Timo,NL,Team Picnic PostNL,15.0,https://www.procyclingstats.com/rider/timo-roosen
1196,BERNAS Paweł,PL,Mazowsze Serce Polski,15.0,https://www.procyclingstats.com/rider/pawel-bernas
1197,ALSABBAGH Mohammad,AE,Abu Dhabi Cycling Club,15.0,https://www.procyclingstats.com/rider/mohammad-alsabbagh
1198,AVILA Freddy Alejandro,CO,GW Erco Shimano,15.0,https://www.procyclingstats.com/rider/freddy-avila
1199,RAUF Abdul Rauf Ahmed Abdul,EG,,15.0,https://www.procyclingstats.com/rider/abdul-rauf-ahmed-abdul-rauf
1200,DENSLOW Matthew,ZW,,15.0,https://www.procyclingstats.com/rider/matthew-denslow
1201,STAMPE Daniel,DK,BHS - PL Beton Bornholm,15.0,https://www.procyclingstats.com/rider/daniel-stampe
1202,SAVEKIN Ilya,RU,PC Baix Ebre,15.0,https://www.procyclingstats.com/rider/ilya-savekin
1203,BAKSAAS Morthen Wang,NO,Team Ringerikskraft,15.0,https://www.procyclingstats.com/rider/morthen-wang-baksaas
1204,RUIZ Robinson Steven,PE,Sindicato de Empleados Públicos of San Juan,15.0,https://www.procyclingstats.com/rider/robinson-steven-ruiz
1205,HOOGENDOORN Roy,NL,Metec - SOLARWATT p/b Mantel,15.0,https://www.procyclingstats.com/rider/roy-hoogendoorn
1206,PARRAVANO Francesco,IT,Mg.K Vis Costruzioni e Ambiente,15.0,https://www.procyclingstats.com/rider/francesco-parravano
1207,RIVEROS Francisco Daniel,PY,,15.0,https://www.procyclingstats.com/rider/francisco-daniel-riveros
1208,KANEKO Sohei,JP,,15.0,https://www.procyclingstats.com/rider/sohei-kaneko
1209,MACLEOD Callum,GB,,15.0,https://www.procyclingstats.com/rider/callum-macleod
1210,ARIYAN Behnam,IR,Tommi's Radltankstelle Team,15.0,https://www.procyclingstats.com/rider/behnam-ariyan
1211,WINKLER Oskar Ulrik,DK,Team Give Steel - 2M Cycling Elite,15.0,https://www.procyclingstats.com/rider/oskar-ulrik-winkler
1212,SIERRA Juan David,IT,Tudor Pro Cycling Team U23,15.0,https://www.procyclingstats.com/rider/juan-david-sierra
1213,SCHMITZ Campo,DE,Team Storck - Metropol Cycling,15.0,https://www.procyclingstats.com/rider/campo-schmitz
1214,LARSEN Trond,FI,,15.0,https://www.procyclingstats.com/rider/trond-larsen
1215,MAKOGON Vladyslav,FI,Valhöll Cycling,15.0,https://www.procyclingstats.com/rider/vladyslav-makogon
1216,BARON Kohath,DM,,15.0,https://www.procyclingstats.com/rider/kohath-baron
1217,DIMA Emil,RO,,15.0,https://www.procyclingstats.com/rider/emil-dima
1218,LIM Zhen Yu Darren,SG,,15.0,https://www.procyclingstats.com/rider/zhen-yu-darren-lim
1219,GONZALES Freddy,BO,,15.0,https://www.procyclingstats.com/rider/freddy-gonzales-soto
1220,MOLDANSKY Gerhard-Cristin,RO,MENtoRISE Teem CCN,15.0,https://www.procyclingstats.com/rider/gerhard-cristin-moldansky
1221,STOJNIĆ Veljko,RS,Team United Shipping,15.0,https://www.procyclingstats.com/rider/veljko-stojnic
1222,CELESTIN Torea,MU,,15.0,https://www.procyclingstats.com/rider/torea-celestin
1223,KOBAYASHI Marino,JP,,15.0,https://www.procyclingstats.com/rider/marino-kobayashi
1224,SOULAMA Daouda,BF,,15.0,https://www.procyclingstats.com/rider/daouda-soulama
1225,XUE Ming,CN,,15.0,https://www.procyclingstats.com/rider/ming-xue
1226,MOYATA Eduardo,BO,Pío Rico Cycling Team,15.0,https://www.procyclingstats.com/rider/eduardo-moyata
1227,ABREHA Negasi Haylu,ET,Sam - Vitalcare - Dynatek,15.0,https://www.procyclingstats.com/rider/negasi-abreha
1228,GARCIA Erlin Antonio,DO,Foundation Cycling New York,15.0,https://www.procyclingstats.com/rider/erlin-antonio-garcia-sanchez
1229,TAKHIROV Diyor,UZ,OU7 Cycling Team,15.0,https://www.procyclingstats.com/rider/diyor-takhirov
1230,CHOE Hyeong Min,KR,Geumsan Insam Cello,15.0,https://www.procyclingstats.com/rider/hyeong-min-choe
1231,ÓMARSSON Ingvar,IS,,15.0,https://www.procyclingstats.com/rider/ingvar-omarsson
1232,NASTEVSKI Slobodan,MK,,15.0,https://www.procyclingstats.com/rider/slobodan-nastevski
1233,HORVAT Robert,HR,,15.0,https://www.procyclingstats.com/rider/robert-sangulin
1234,JELE Kwanele,SZ,,15.0,https://www.procyclingstats.com/rider/kwanele-jele
1235,BODDEN Christopher,KY,,15.0,https://www.procyclingstats.com/rider/christopher-bodden
1236,CONCA Filippo,IT,Team Jayco AlUla,15.0,https://www.procyclingstats.com/rider/filippo-conca
1237,WAFLER Tim,AT,Tirol KTM Cycling Team,15.0,https://www.procyclingstats.com/rider/tim-wafler
1238,ANTONENKO Heorhii,UA,ARBÖ Kärnten Sport Feld am See,15.0,https://www.procyclingstats.com/rider/heorhii-antonenko
1239,GOJKOVIĆ Nicolas,HR,Pogi Team Gusto Ljubljana,15.0,https://www.procyclingstats.com/rider/nicolas-gojkovic
1240,NKUNDABERA Eric,RW,,15.0,https://www.procyclingstats.com/rider/eric-nkundabera
1241,TORRES Edgar Geovanny,GT,Hino-One-La red-Suzuki,15.0,https://www.procyclingstats.com/rider/edgar-torres
1242,PALASHEV Borislav,BG,PSKK Vassil-Levski,15.0,https://www.procyclingstats.com/rider/borislav-palashev
1243,ALEMAYO Tekle,ET,,15.0,https://www.procyclingstats.com/rider/tekle-alemayo
1244,PETROVSKI Stefan,MK,,15.0,https://www.procyclingstats.com/rider/stefan-petrovski
1245,MARTE Jesus Roniel,DO,Doglocy - Imca,15.0,https://www.procyclingstats.com/rider/jesus-roniel-marte
1246,BRIDGES Jyme,AG,,15.0,https://www.procyclingstats.com/rider/jyme-bridges
1247,TESTORI Michael,KY,,15.0,https://www.procyclingstats.com/rider/michael-testori
1248,CHRISTOPHER Darel,VG,,15.0,https://www.procyclingstats.com/rider/darel-christopher
1249,ROSSI João Pedro,BR,Swift Pro Cycling,15.0,https://www.procyclingstats.com/rider/joao-pedro-rossi
1250,SHAPILOV Artem,KG,Art Cycling Team,15.0,https://www.procyclingstats.com/rider/artem-shapilov
1251,RAMSAY Andrew,JM,AVR Racing,15.0,https://www.procyclingstats.com/rider/andrew-ramsay
1252,VANDEPUTTE Niels,BE,Alpecin-Deceuninck Development Team,15.0,https://www.procyclingstats.com/rider/niels-vandeputte
1253,MARSH Robert,AG,,15.0,https://www.procyclingstats.com/rider/robert-marsh
1254,VANDEBOSCH Toon,BE,Alpecin-Deceuninck Development Team,15.0,https://www.procyclingstats.com/rider/toon-vandebosch
1255,ALARCON José,VE,,14.0,https://www.procyclingstats.com/rider/jose-alarcon
1256,ALIYEV Ruslan,KZ,Almaty,14.0,https://www.procyclingstats.com/rider/ruslan-aliyev
1257,CAHYADI Aiman,ID,Terengganu Cycling Team,14.0,https://www.procyclingstats.com/rider/aiman-cahyadi
1258,DEWEIRDT Siebe,BE,Team Flanders - Baloise,14.0,https://www.procyclingstats.com/rider/siebe-deweirdt
1259,RAUGEL Antoine,FR,Vélo Club Villefranche Beaujolais,14.0,https://www.procyclingstats.com/rider/antoine-raugel
1260,VANDENBRANDEN Noah,BE,Team Flanders - Baloise,14.0,https://www.procyclingstats.com/rider/noah-vandenbranden
1261,BASEGGIO Matteo,IT,S.C. Padovani Polo Cherry Bank,14.0,https://www.procyclingstats.com/rider/matteo-baseggio
1262,MEIJERS Jeroen,NL,Victoria Sports Pro Cycling,14.0,https://www.procyclingstats.com/rider/jeroen-meijers
1263,LAUK Karl Patrick,EE,Quick Pro Team,14.0,https://www.procyclingstats.com/rider/karl-patrick-lauk
1264,MARTINELLI Alessio,IT,VF Group - Bardiani CSF - Faizanè,14.0,https://www.procyclingstats.com/rider/alessio-martinelli
1265,PHONARJTHAN Patompob,TH,Roojai Insurance,14.0,https://www.procyclingstats.com/rider/patompob-phonarjthan
1266,RODRÍGUEZ Diego Leonel,UY,,14.0,https://www.procyclingstats.com/rider/diego-leonel-rodriguez
1267,SAVINO Federico,IT,Soudal Quick-Step Devo Team,14.0,https://www.procyclingstats.com/rider/federico-savino
1268,ALBA Juan Diego,CO,Nu Colombia,14.0,https://www.procyclingstats.com/rider/juan-diego-alba
1269,ACUÑA Carlos Sebastian,PY,,14.0,https://www.procyclingstats.com/rider/carlos-acuna
1270,LARSSON David,SE,Motala AIF Continental,14.0,https://www.procyclingstats.com/rider/david-larsson
1271,UZUN Emir,TR,Istanbul Büyükșehir Belediye Spor Türkiye,14.0,https://www.procyclingstats.com/rider/emir-uzun
1272,YMERI Albion,XK,,14.0,https://www.procyclingstats.com/rider/albion-ymeri
1273,ÄRM Rait,EE,Van Rysel Roubaix,14.0,https://www.procyclingstats.com/rider/rait-arm
1274,ROMERO Jorge,SV,,14.0,https://www.procyclingstats.com/rider/jorge-romero
1275,GIANNOUTSOS Miltiadis,GR,,14.0,https://www.procyclingstats.com/rider/miltiadis-giannoutsos
1276,ŽUMER Matic,SI,Adria Mobil,14.0,https://www.procyclingstats.com/rider/matic-zumer
1277,AL MAYYAS Mohammad,JO,,14.0,https://www.procyclingstats.com/rider/mohammad-al-mayyas
1278,DOLJANIN Roko,HR,,14.0,https://www.procyclingstats.com/rider/roko-doljanin
1279,MUHOZA Eric,RW,Team Amani,14.0,https://www.procyclingstats.com/rider/eric-muhoza
1280,LOROT Lawrence,UG,Team Amani,14.0,https://www.procyclingstats.com/rider/lawrence-lorot
1281,TALIĆ Kadija,BA,,14.0,https://www.procyclingstats.com/rider/kadija-talic
1282,LAZAREVIĆ Miloš,ME,BK Pljevlja,14.0,https://www.procyclingstats.com/rider/milos-lazarevic
1283,GONÇALVES Diogo,PT,FEIRENSE - BEECELER,14.0,https://www.procyclingstats.com/rider/diogo-goncalves
1284,CARR Simon,GB,Cofidis,14.0,https://www.procyclingstats.com/rider/simon-carr
1285,VILORIA Enmanuel David,VE,,13.0,https://www.procyclingstats.com/rider/enmanuel-viloria
1286,EUGENIO Yonathan Miguel,VE,Team Trululu,13.0,https://www.procyclingstats.com/rider/yonathan-miguel-eugenio
1287,CAMPOS Roniel,VE,Chengdu DYC Cycling Team,13.0,https://www.procyclingstats.com/rider/roniel-campos
1288,JU Jinyang,CN,,13.0,https://www.procyclingstats.com/rider/jinyang-ju
1289,BOCHAROV Dmitriy,UZ,7Eleven Cliqq Roadbike Philippines,13.0,https://www.procyclingstats.com/rider/dmitriy-bocharov
1290,WU Chun Yin,HK,HKSI Pro Cycling Team,13.0,https://www.procyclingstats.com/rider/chun-yin-wu
1291,GIBBONS Ryan,ZA,Lidl - Trek,13.0,https://www.procyclingstats.com/rider/ryan-gibbons
1292,RAFFERTY Adam,IE,Hagens Berman Jayco,13.0,https://www.procyclingstats.com/rider/adam-rafferty
1293,AVONDTS Mathis,BE,Parkhotel Valkenburg,13.0,https://www.procyclingstats.com/rider/mathis-avondts
1294,CHAVARRIA Derrick,BZ,G-Flow Cycling Team,13.0,https://www.procyclingstats.com/rider/derrick-chavarria
1295,SÁNCHEZ Brayan,CO,Team Medellín - EPM,13.0,https://www.procyclingstats.com/rider/brayan-sanchez
1296,MATTIO Pietro,IT,Team Visma | Lease a Bike Development,13.0,https://www.procyclingstats.com/rider/pietro-mattio
1297,CAPRON Rémi,FR,Van Rysel Roubaix,13.0,https://www.procyclingstats.com/rider/remi-capron
1298,WRIGHT Owen,US,Canel's - Java,13.0,https://www.procyclingstats.com/rider/owen-wright
1299,GINESTRA Lorenzo,IT,Swatt Club,13.0,https://www.procyclingstats.com/rider/lorenzo-ginestra
1300,TOUDAL Emil,DK,Team ColoQuick,13.0,https://www.procyclingstats.com/rider/emil-touda
1301,NGUEGUIM Steve Auriol,CM,SNH Vélo Club,13.0,https://www.procyclingstats.com/rider/steve-auriol-ngueguim
1302,SILVA Joaquim,PT,Efapel Cycling,13.0,https://www.procyclingstats.com/rider/joaquim-silva
1303,BERHANE Natnael,ER,Istanbul Büyükșehir Belediye Spor Türkiye,13.0,https://www.procyclingstats.com/rider/natnael-berhane
1304,DABSKI Patryk,PL,LUKS Trójka Piaseczno,13.0,https://www.procyclingstats.com/rider/patryk-dabski
1305,CASTAÑO Sebastián Alexander,CO,Team Sistecredito,13.0,https://www.procyclingstats.com/rider/sebastian-alexander-castano-munoz
1306,CONTTE Tomas,AR,Aviludo - Louletano - Loulé,13.0,https://www.procyclingstats.com/rider/tomas-contte
1307,CAMPOS Francisco,PT,APHotels & Resorts / Tavira / SC Farense,13.0,https://www.procyclingstats.com/rider/francisco-campos
1308,THALMANN Roland,CH,Tudor Pro Cycling Team,12.0,https://www.procyclingstats.com/rider/roland-thalmann
1309,BEULKER Justus,NA,,12.0,https://www.procyclingstats.com/rider/justus-beulker
1310,KONIJN Alexander,NL,Nice Métropole Côte d'Azur,12.0,https://www.procyclingstats.com/rider/alexander-konijn
1311,TABELLION Valentin,FR,Van Rysel Roubaix,12.0,https://www.procyclingstats.com/rider/valentin-tabellion
1312,FUENTES Ángel,ES,Burgos Burpellet BH,12.0,https://www.procyclingstats.com/rider/paniego-fuentes
1313,FAROOQ Umar,PK,,12.0,https://www.procyclingstats.com/rider/umar-farooq
1314,MANIZABAYO Eric,RW,,12.0,https://www.procyclingstats.com/rider/eric-manizabayo
1315,SMITHSON Jed,GB,Team Visma | Lease a Bike Development,12.0,https://www.procyclingstats.com/rider/jed-smithson
1316,LANDBO Mads,DK,Team Give Steel - 2M Cycling Elite,12.0,https://www.procyclingstats.com/rider/mads-landbo
1317,FANTINI Christian,IT,Solme - Olmo,12.0,https://www.procyclingstats.com/rider/christian-fantini
1318,VANGHELUWE Warre,BE,Soudal Quick-Step,12.0,https://www.procyclingstats.com/rider/warre-vangheluwe
1319,SALEH Mohd Harrif,MY,Terengganu Cycling Team,12.0,https://www.procyclingstats.com/rider/mohd-harrif-saleh
1320,MARCHAND Gianni,BE,Tarteletto - Isorex,12.0,https://www.procyclingstats.com/rider/gianni-marchand
1321,VALJAVEC Erazem,SI,Soudal Quick-Step Devo Team,12.0,https://www.procyclingstats.com/rider/erazem-valjavec
1322,MATUTE Fredd,HN,,12.0,https://www.procyclingstats.com/rider/fredd-matute
1323,PALOMBA Marco,IT,S.C. Padovani Polo Cherry Bank,12.0,https://www.procyclingstats.com/rider/marco-palomba
1324,DUNWOODY Seth,IE,Bahrain Victorious Development Team,12.0,https://www.procyclingstats.com/rider/seth-dunwoody
1325,CATTANI Alessandro,IT,Team Technipes #inEmiliaRomagna,12.0,https://www.procyclingstats.com/rider/alessandro-cattani
1326,LÓPEZ Robinson Fabián,CO,GW Erco Shimano,12.0,https://www.procyclingstats.com/rider/robinson-fabian-lopez
1327,TAKÁCS Zsombor Tamás,HU,MBH Bank Ballan CSB,12.0,https://www.procyclingstats.com/rider/zsombor-tamas-takacs
1328,VARGAS Dixon,PR,BKR Cycling Team,12.0,https://www.procyclingstats.com/rider/dixon-vargas
1329,KUERE NOUNAWE Rodrigue Eric,CM,SNH Vélo Club,12.0,https://www.procyclingstats.com/rider/rodrigue-eric-kuere-nounawe
1330,AMBROSINI Matteo,IT,MBH Bank Ballan CSB,12.0,https://www.procyclingstats.com/rider/matteo-ambrosini
1331,MONGES Jonathan Daniel,PY,,12.0,https://www.procyclingstats.com/rider/jonathan-daniel-monges-gonzalez
1332,HÄNNINEN Jaakko,FI,Nice Métropole Côte d'Azur,12.0,https://www.procyclingstats.com/rider/jaakko-hanninen
1333,DIVNIĆ Jovan,RS,,12.0,https://www.procyclingstats.com/rider/jovan-divnic
1334,TENDON Arnaud,CH,Elite Fondations Cycling Team,12.0,https://www.procyclingstats.com/rider/arnaud-tendon
1335,PLAMONDON Joel,CA,Team Marni-N'side,12.0,https://www.procyclingstats.com/rider/joel-plamondon
1336,YAMEOGO Saturnin,BF,,12.0,https://www.procyclingstats.com/rider/saturnin-yameogo
1337,KASTRATI Albion,XK,,12.0,https://www.procyclingstats.com/rider/albion-kastrati
1338,DONAIRE Alexander Jhunior,BO,Pío Rico Cycling Team,12.0,https://www.procyclingstats.com/rider/alexander-jhunior-donaire
1339,MAŁECKI Kamil,PL,Q36.5 Pro Cycling Team,12.0,https://www.procyclingstats.com/rider/kamil-malecki
1340,ZABELINSKIY Bogdan,CY,Atom 6 Bikes - Decca Continental Team,12.0,https://www.procyclingstats.com/rider/bogdan-zabelinskiy
1341,ALREJJAL Mo'men,JO,,12.0,https://www.procyclingstats.com/rider/mo-men-alrejjal
1342,CEROVIĆ Goran,ME,,12.0,https://www.procyclingstats.com/rider/goran-cerovic
1343,LOPES Rúben,CV,,12.0,https://www.procyclingstats.com/rider/ruben-lopes
1344,ROJAS Brandon Alejandro,CO,GW Erco Shimano,11.0,https://www.procyclingstats.com/rider/brandon-alejandro-rojas-vega
1345,PINZÓN Edgar Andrés,CO,GW Erco Shimano,11.0,https://www.procyclingstats.com/rider/edgar-andres-pinzon-villalba
1346,PHODINGAM Sakchai,TH,Grant Thornton Cycling Team,11.0,https://www.procyclingstats.com/rider/sakchai-phodingam
1347,MANCEBO Francisco,ES,Matrix Powertag,11.0,https://www.procyclingstats.com/rider/francisco-mancebo
1348,RAHIL Zouhair,MA,Sidi Ali - Unlock Team,11.0,https://www.procyclingstats.com/rider/zouhair-rahil
1349,MARUKHIN Daniil,KZ,XDS Astana Development Team,11.0,https://www.procyclingstats.com/rider/daniil-marukhin
1350,ĐURIĆ Đorđe,RS,Team Solution Tech - Vini Fantini,11.0,https://www.procyclingstats.com/rider/dorde-duric
1351,KLARIS Magnus Bak,DK,AIRTOX - Carl Ras,11.0,https://www.procyclingstats.com/rider/magnus-bak-klaris
1352,SUTTON Louis,GB,Euskaltel - Euskadi,11.0,https://www.procyclingstats.com/rider/louis-sutton
1353,MEO Felix James,NZ,Team Solution Tech - Vini Fantini,11.0,https://www.procyclingstats.com/rider/felix-james-meo
1354,WOOD Harrison,GB,Anicolor / Tien 21,11.0,https://www.procyclingstats.com/rider/harrison-wood
1355,HEMING Miká,DE,Tudor Pro Cycling Team,11.0,https://www.procyclingstats.com/rider/mika-heming
1356,KYFFIN Zeb,GB,Unibet Tietema Rockets,11.0,https://www.procyclingstats.com/rider/zeb-kyffin
1357,GUDNITZ Joshua,DK,Team ColoQuick,11.0,https://www.procyclingstats.com/rider/joshua-gudnitz
1358,FERNÁNDEZ Sinuhé,ES,Burgos Burpellet BH,11.0,https://www.procyclingstats.com/rider/sinuhe-fernandez-rodriguez
1359,MONTERROSO Dorian,GT,Hino-One-La red-Suzuki,11.0,https://www.procyclingstats.com/rider/dorian-monterroso
1360,MÄEUIBO Markus,EE,Charvieu Chavagneux Isère Cyclisme,11.0,https://www.procyclingstats.com/rider/markus-maeuibo
1361,ØXENBERG Peter,DK,INEOS Grenadiers,11.0,https://www.procyclingstats.com/rider/peter-oxenberg-hansen
1362,ROWE Elliot,GB,Team Visma | Lease a Bike Development,11.0,https://www.procyclingstats.com/rider/elliot-rowe
1363,PRIETO José Antonio,MX,Petrolike,11.0,https://www.procyclingstats.com/rider/jose-antonio-prieto
1364,NEAVES Jadian,TT,,11.0,https://www.procyclingstats.com/rider/jadian-neaves
1365,AUTRAN José Eduardo,CL,Sindicato de Empleados Públicos of San Juan,11.0,https://www.procyclingstats.com/rider/jose-eduardo-autran-carrillo
1366,LEAL Tiago,PT,Rádio Popular - Paredes - Boavista,11.0,https://www.procyclingstats.com/rider/tiago-leal
1367,STITES Tyler,US,Caja Rural - Seguros RGA,11.0,https://www.procyclingstats.com/rider/tyler-stites
1368,VAN DEN BOER Seppe,BE,Baloise Glowi Lions,11.0,https://www.procyclingstats.com/rider/seppe-van-den-boer
1369,FISCHER Robin,DE,Team Storck - Metropol Cycling,11.0,https://www.procyclingstats.com/rider/robin-fischer
1370,RABOUDE Jeremy,MU,,11.0,https://www.procyclingstats.com/rider/jeremy-raboude
1371,MENSAH Ezer,BJ,Team Baobab World Cola,11.0,https://www.procyclingstats.com/rider/ezer-mensah
1372,AGROTIS Alexandros,CY,Matrix Powertag,11.0,https://www.procyclingstats.com/rider/alexandros-agrotis
1373,BATMUNKH Maral-Erdene,MN,Roojai Insurance,11.0,https://www.procyclingstats.com/rider/maral-erdene-batmunkh
1374,WILLIAMS Stephen,GB,Israel - Premier Tech,10.0,https://www.procyclingstats.com/rider/stephen-williams
1375,BLEDDYN Oliver,AU,Atom 6 Bikes - Decca Continental Team,10.0,https://www.procyclingstats.com/rider/oliver-bleddyn
1376,STELLA Davide,IT,UAE Team Emirates Gen Z,10.0,https://www.procyclingstats.com/rider/davide-stella
1377,CASTILLO Kevin David,CO,Team Sistecredito,10.0,https://www.procyclingstats.com/rider/kevin-david-castillo-miranda
1378,KRUGER Casper,ZA,Team Honeycomb 226ers,10.0,https://www.procyclingstats.com/rider/casper-kruger
1379,REMKHE Andrey,KZ,Tianyoude Hotel Cycling Team,10.0,https://www.procyclingstats.com/rider/andrey-remkhe
1380,FRANCISCO Jude Gabriel,PH,Victoria Sports Pro Cycling,10.0,https://www.procyclingstats.com/rider/jude-gabriel-francisco
1381,LI Yuheng,CN,China Anta - Mentech Cycling Team,10.0,https://www.procyclingstats.com/rider/yuheng-li
1382,PALZER Anton,DE,Red Bull - BORA - hansgrohe,10.0,https://www.procyclingstats.com/rider/anton-palzer
1383,CARTHY Hugh,GB,EF Education - EasyPost,10.0,https://www.procyclingstats.com/rider/hugh-carthy
1384,NOVAK Domen,SI,UAE Team Emirates - XRG,10.0,https://www.procyclingstats.com/rider/domen-novak
1385,POLLEFLIET Gianluca,BE,Decathlon AG2R La Mondiale Team,10.0,https://www.procyclingstats.com/rider/gianluca-pollefliet
1386,LUCERO Jericho,PH,Go For Gold Philippines,10.0,https://www.procyclingstats.com/rider/jericho-lucero
1387,VAN GESTEL Dries,BE,Soudal Quick-Step,10.0,https://www.procyclingstats.com/rider/dries-van-gestel
1388,HVIDEBERG Jonas Hem,NO,Uno-X Mobility,10.0,https://www.procyclingstats.com/rider/jonas-hem-hvideberg
1389,GELEIJN Owen,NL,Unibet Tietema Rockets,10.0,https://www.procyclingstats.com/rider/owen-geleijn
1390,KELEMEN Petr,CZ,Tudor Pro Cycling Team,10.0,https://www.procyclingstats.com/rider/petr-kelemen
1391,GOEMAN Jonas,BE,Tarteletto - Isorex,10.0,https://www.procyclingstats.com/rider/jonas-goeman
1392,MENGHINI Alessio,IT,General Store - Essegibi - F.Lli Curia,10.0,https://www.procyclingstats.com/rider/alessio-menghini
1393,VAN BELLE Loe,NL,Team Visma | Lease a Bike,10.0,https://www.procyclingstats.com/rider/loe-van-belle
1394,GERITS Vince,BE,Team Flanders - Baloise,10.0,https://www.procyclingstats.com/rider/vince-gerits
1395,SOUPE Geoffrey,FR,Team TotalEnergies,10.0,https://www.procyclingstats.com/rider/geoffrey-soupe
1396,BLOEM Joren,NL,Unibet Tietema Rockets,10.0,https://www.procyclingstats.com/rider/joren-bloem2
1397,WELTEN Bram,NL,Team Picnic PostNL,10.0,https://www.procyclingstats.com/rider/bram-welten
1398,OTTEMA Rick,NL,Diftar Continental Cyclingteam,10.0,https://www.procyclingstats.com/rider/rick-ottema
1399,KIM Jinwoong,KR,KSPO Professional,10.0,https://www.procyclingstats.com/rider/jinwoong-kim
1400,VAN BEKKUM Darren,NL,XDS Astana Team,10.0,https://www.procyclingstats.com/rider/darren-van-bekkum
1401,FAURE PROST Alexy,FR,Intermarché - Wanty,10.0,https://www.procyclingstats.com/rider/alexy-faure-prost
1402,DHONDT Robbe,BE,Team Picnic PostNL,10.0,https://www.procyclingstats.com/rider/robbe-dhondt
1403,GRELLIER Fabien,FR,Team TotalEnergies,10.0,https://www.procyclingstats.com/rider/fabien-grellier
1404,JULAJUJ Alex Rony,GT,RedHook Guatemala,10.0,https://www.procyclingstats.com/rider/rony-julajuj
1405,PERON Andrea,IT,Team Novo Nordisk,10.0,https://www.procyclingstats.com/rider/andrea-peron
1406,ALSABBAGH Ali,AE,,10.0,https://www.procyclingstats.com/rider/ali-alsabbagh
1407,NAVAS Kevin,EC,Petrolike,10.0,https://www.procyclingstats.com/rider/kevin-navas-paredes
1408,ASCOTT George,ZW,,10.0,https://www.procyclingstats.com/rider/george-ascott
1409,NOVOA Leonidas Sebastián,EC,,10.0,https://www.procyclingstats.com/rider/leonidas-sebastian-novoa
1410,MEDWAY Jackson,AU,Tudor Pro Cycling Team U23,10.0,https://www.procyclingstats.com/rider/jackson-medway
1411,CHAVES Jhonatan Stiven,CO,Nu Colombia,10.0,https://www.procyclingstats.com/rider/jhonatan-stiven-chaves
1412,BIAGINI Federico,IT,VF Group - Bardiani CSF - Faizanè,10.0,https://www.procyclingstats.com/rider/federico-biagini
1413,JØLVING Otto Schultz,DK,Team ColoQuick,10.0,https://www.procyclingstats.com/rider/otto-schultz-jolving
1414,FARFAN Sergio,PE,,10.0,https://www.procyclingstats.com/rider/sergio-farfan
1415,GARCIA Estiven,CO,Team Sistecredito,10.0,https://www.procyclingstats.com/rider/estiven-garcia
1416,HUYET Baptiste,FR,Unibet Tietema Rockets,10.0,https://www.procyclingstats.com/rider/baptiste-huyet
1417,BOYLE Evan,US,Hagens Berman Jayco,10.0,https://www.procyclingstats.com/rider/evan-boyle
1418,VATAN Amir Hossein,IR,Vride,10.0,https://www.procyclingstats.com/rider/amir-hossein-vatan
1419,FIETZKE Paul,DE,Red Bull - BORA - hansgrohe Rookies,10.0,https://www.procyclingstats.com/rider/paul-fietzke
1420,CISSÉ Isiaka,CI,,10.0,https://www.procyclingstats.com/rider/isiaka-cisse
1421,MÜNZER Jan,DE,Team Storck - Metropol Cycling,10.0,https://www.procyclingstats.com/rider/jan-munzer
1422,RODRÍGUEZ Óscar,ES,INEOS Grenadiers,10.0,https://www.procyclingstats.com/rider/oscar-rodriguez
1423,ROSTOVTSEV Sergey,RU,Shenzhen Kung Cycling Team,10.0,https://www.procyclingstats.com/rider/sergey-rostovtsev
1424,SILLANKORVA Jaakko,FI,UN Cycling Team x Pyörävarikko,10.0,https://www.procyclingstats.com/rider/jaakko-sillankorva
1425,GREEN Essiel,DM,,10.0,https://www.procyclingstats.com/rider/essiel-green
1426,HYSA Henri,AL,Cyklotym Havířov - Tirana,10.0,https://www.procyclingstats.com/rider/henri-hysa
1427,DELGADO David,ES,Burgos Burpellet BH,10.0,https://www.procyclingstats.com/rider/david-delgado
1428,SOWOU Rémi,BJ,,10.0,https://www.procyclingstats.com/rider/remi-sowou
1429,FROOME Chris,GB,Israel - Premier Tech,10.0,https://www.procyclingstats.com/rider/christopher-froome
1430,VILLALOBOS Rodolfo,CR,,10.0,https://www.procyclingstats.com/rider/rodolfo-villalobos
1431,BUTA Catalin,RO,MENtoRISE Teem CCN,10.0,https://www.procyclingstats.com/rider/catalin-buta
1432,TONG Khoon Fung Thomas,SG,,10.0,https://www.procyclingstats.com/rider/khoon-fung-thomas-tong
1433,MAHER Habouriya,TN,,10.0,https://www.procyclingstats.com/rider/habouriya-maher
1434,YAMAMOTO Genki,JP,Kinan Racing Team,10.0,https://www.procyclingstats.com/rider/genki-yamamoto
1435,CHEANG Shing Hei,MO,,10.0,https://www.procyclingstats.com/rider/shing-hei-cheang
1436,KAMOLOV Avazbek,UZ,,10.0,https://www.procyclingstats.com/rider/avazbek-kamolov
1437,LIM Jongwon,KR,LX Cycling Team,10.0,https://www.procyclingstats.com/rider/jongwon-lim
1438,MUZI Shabangu,SZ,,10.0,https://www.procyclingstats.com/rider/shabangu-muzi
1439,HOVORUN Mykola,UA,Ukraine Cycling Team,10.0,https://www.procyclingstats.com/rider/mykola-hovorun
1440,TESHOME HAGOS Meron,ER,,10.0,https://www.procyclingstats.com/rider/meron-teshome
1441,PINTO Luis,VE,,10.0,https://www.procyclingstats.com/rider/luis-pinto
1442,NGENDAHAYO Jeremie,RW,May Stars,10.0,https://www.procyclingstats.com/rider/jeremie-ngendahayo
1443,GUDIŠKIS Eimantas,LT,,10.0,https://www.procyclingstats.com/rider/eimantas-gudiskis
1444,VASQUEZ Adolfo,GT,Muni Fraijanes,10.0,https://www.procyclingstats.com/rider/adolfo-vasquez
1445,SSEKANWAGI Jordan Schleck,UG,Team Amani,10.0,https://www.procyclingstats.com/rider/jordan-schleck-ssekanwagi
1446,MAHMUTOVIĆ Amir,BA,,10.0,https://www.procyclingstats.com/rider/amir-mahmutovic
1447,BOLOR-ERDENE Enkhtaivan,MN,Huansheng - Vonoa - Taishan Sport Team,10.0,https://www.procyclingstats.com/rider/enkhtaivan-bolor-erdene
1448,REDAE Bizay Tesfu,ET,,10.0,https://www.procyclingstats.com/rider/bizay-redae
1449,POLANCO Steven,DO,Team La Romana,10.0,https://www.procyclingstats.com/rider/steven-polanco
1450,CARCAMO Diego,SV,,10.0,https://www.procyclingstats.com/rider/diego-carcamo
1451,WHITTAKER Alexander,AG,,10.0,https://www.procyclingstats.com/rider/alexander-whittaker1
1452,GOFF Sharney,KY,,10.0,https://www.procyclingstats.com/rider/sharney-goff
1453,SCHEMBRI Jacob,MT,,10.0,https://www.procyclingstats.com/rider/jacob-schembri
1454,DE OLIVEIRA Cainã Guimarães,BR,,10.0,https://www.procyclingstats.com/rider/caina-guimaraes-de-oliveira
1455,WYSEURE Joran,BE,Alpecin-Deceuninck Development Team,10.0,https://www.procyclingstats.com/rider/joran-wyseure
1456,LITLERE Sverre,NO,,10.0,https://www.procyclingstats.com/rider/sverre-litlere
1457,SMITH William,GB,Team Visma | Lease a Bike Development,10.0,https://www.procyclingstats.com/rider/william-smith
1458,MEDEIROS João,PT,Credibom / LA Alumínios / Marcos Car,10.0,https://www.procyclingstats.com/rider/joao-medeiros
1459,DAUMONT Paul,BF,Guidon Sprinter Canalien Cycling Team,10.0,https://www.procyclingstats.com/rider/paul-daumont
1460,DODD Matthew,GB,Tirol KTM Cycling Team,10.0,https://www.procyclingstats.com/rider/matthew-dodd
1461,PINTO Pedro,PT,Efapel Cycling,10.0,https://www.procyclingstats.com/rider/pedro-pinto2
1462,LEMPE Motlatsi,LS,,9.0,https://www.procyclingstats.com/rider/motlatsi-lempe
1463,MAHROUG Kamal,MA,Agadir Vélo Propulsion,9.0,https://www.procyclingstats.com/rider/kamal-mahroug
1464,VERBURG Luke,NL,Parkhotel Valkenburg,9.0,https://www.procyclingstats.com/rider/luke-verburg
1465,ESPINOZA Bolivar,PA,,9.0,https://www.procyclingstats.com/rider/bolivar-espinoza-serrano
1466,HEIDEMANN Miguel,DE,REMBE | rad-net,9.0,https://www.procyclingstats.com/rider/miguel-heidemann
1467,MALMBERG Matias,DK,AIRTOX - Carl Ras,9.0,https://www.procyclingstats.com/rider/matias-malmberg
1468,GRYGOWSKI Hubert,PL,Mazowsze Serce Polski,9.0,https://www.procyclingstats.com/rider/hubert-grygowski
1469,ROTTMANN Jonathan Malte,DE,REMBE | rad-net,9.0,https://www.procyclingstats.com/rider/jonathan-malte-rottmann
1470,CLYNHENS Toon,BE,Team Flanders - Baloise,9.0,https://www.procyclingstats.com/rider/toon-clynhens
1471,SANCHO José Pablo,CR,Colono Bikestation Kölbi,9.0,https://www.procyclingstats.com/rider/jose-sancho
1472,GOLLIKER Joshua,GB,EF Education - Aevolo,9.0,https://www.procyclingstats.com/rider/joshua-golliker
1473,CARVALHO Rui,PT,GI Group Holding - Simoldes - UDO,9.0,https://www.procyclingstats.com/rider/rui-carvalho
1474,DARBELLAY Valentin,CH,Elite Fondations Cycling Team,9.0,https://www.procyclingstats.com/rider/valentin-darbellay
1475,PRONSKIY Daniil,KZ,Team Vino - North Qazaqstan Region,9.0,https://www.procyclingstats.com/rider/daniil-pronskiy
1476,GORM ALBRECHTSEN Christian,DK,CeramicSpeed Aros Forsikring Herning CK Elite,9.0,https://www.procyclingstats.com/rider/christian-gorm-albrechtsen
1477,ATTAI Corneil Kokou,BJ,,9.0,https://www.procyclingstats.com/rider/corneil-kokou-attai
1478,WALTERS Sydney,GD,,9.0,https://www.procyclingstats.com/rider/sydney-walters
1479,VIVIANI Attilio,IT,Team Solution Tech - Vini Fantini,9.0,https://www.procyclingstats.com/rider/attilio-viviani
1480,NENCINI Tommaso,IT,Team Solution Tech - Vini Fantini,9.0,https://www.procyclingstats.com/rider/tommaso-nencini
1481,HAILEMARYAM Gereziher Geremedhin,ET,,9.0,https://www.procyclingstats.com/rider/gereziher-geremedhin-hailemaryam
1482,JOO Daeyeong,KR,Gapyeong Cycling Team,9.0,https://www.procyclingstats.com/rider/daeyeong-joo
1483,PETROV Yordan,BG,Hemus Troyan,9.0,https://www.procyclingstats.com/rider/yordan-petrov1
1484,JERVIS Amory,VG,,9.0,https://www.procyclingstats.com/rider/amory-jervis
1485,AHLSSON Jonathan,SE,Motala AIF Continental,9.0,https://www.procyclingstats.com/rider/jonathan-ahlsson
1486,CAMILLERI John,MT,,9.0,https://www.procyclingstats.com/rider/john-camilleri
1487,SILVA Afonso,PT,APHotels & Resorts / Tavira / SC Farense,9.0,https://www.procyclingstats.com/rider/afonso-silva
1488,SEQUERA Pedro,VE,,8.0,https://www.procyclingstats.com/rider/pedro-sequera
1489,STRAVERS Jarri,NL,Universe Cycling Team,8.0,https://www.procyclingstats.com/rider/jarri-stravers
1490,GESBERT Élie,FR,Arkéa - B&B Hotels,8.0,https://www.procyclingstats.com/rider/elie-gesbert
1491,ÁLVAREZ Rodrigo,ES,Burgos Burpellet BH,8.0,https://www.procyclingstats.com/rider/rodrigo-alvarez-rogriguez
1492,PASCUAL Joshua,PH,7Eleven Cliqq Roadbike Philippines,8.0,https://www.procyclingstats.com/rider/joshua-pascual
1493,VAN DER TUUK Danny,PL,Euskaltel - Euskadi,8.0,https://www.procyclingstats.com/rider/danny-van-der-tuuk
1494,VAN KERCKHOVE Matisse,BE,Team Visma | Lease a Bike Development,8.0,https://www.procyclingstats.com/rider/matisse-van-kerckhove
1495,FORSTER Lars,CH,Thömus | WindowMaster by Wyss Training,8.0,https://www.procyclingstats.com/rider/lars-forster
1496,CAPRA Thomas,IT,Bahrain Victorious Development Team,8.0,https://www.procyclingstats.com/rider/thomas-capra
1497,VAN ROOY Kenneth,BE,Wagner Bazin WB,8.0,https://www.procyclingstats.com/rider/kenneth-van-rooy
1498,CATALDO Lorenzo,IT,Gragnano Sporting Club,8.0,https://www.procyclingstats.com/rider/lorenzo-cataldo
1499,PUTZ Sebastian,AT,Red Bull - BORA - hansgrohe Rookies,8.0,https://www.procyclingstats.com/rider/sebastian-putz
1500,MERIS Sergio,IT,Unibet Tietema Rockets,8.0,https://www.procyclingstats.com/rider/sergio-meris
1501,GUZZO Federico,IT,S.C. Padovani Polo Cherry Bank,8.0,https://www.procyclingstats.com/rider/federico-guzzo
1502,BONILLO Iker,ES,Euskaltel - Euskadi,8.0,https://www.procyclingstats.com/rider/iker-bonillo-martin
1503,MOYANO Tomás,AR,Bialini Team Global,8.0,https://www.procyclingstats.com/rider/tomas-moyano
1504,CARDONA Julián,CO,Team Medellín - EPM,8.0,https://www.procyclingstats.com/rider/julian-cardona-tabares
1505,EMİŞCİ Ferhat,TR,Spor Toto Cycling Team,8.0,https://www.procyclingstats.com/rider/ferhat-emisci
1506,KOSTAŃSKI Mateusz,PL,Voster ATS Team,8.0,https://www.procyclingstats.com/rider/mateusz-kostanski
1507,KLISMETS Kārlis,LV,Energus Cycling Team,8.0,https://www.procyclingstats.com/rider/karlis-klismets
1508,BOCK Max,DE,Equipe continentale Groupama-FDJ,8.0,https://www.procyclingstats.com/rider/max-bock
1509,BIEHL Kevin,DK,General Store - Essegibi - F.Lli Curia,8.0,https://www.procyclingstats.com/rider/kevin-biehl
1510,TIENTCHEU Michel Boris,CM,,8.0,https://www.procyclingstats.com/rider/michel-boris-tientcheu
1511,HILLEN Michiel,BE,Baloise Glowi Lions,8.0,https://www.procyclingstats.com/rider/michiel-hillen
1512,SCALA JR Hugo,US,Project Echelon Racing,8.0,https://www.procyclingstats.com/rider/hugo-scala-jr
1513,CABRAL Helker,CV,,8.0,https://www.procyclingstats.com/rider/helker-cabral
1514,BOROŠ Michael,CZ,Elkov - Kasper,8.0,https://www.procyclingstats.com/rider/michael-boros
1515,ZAHÁLKA Štěpán,CZ,Elkov - Kasper,8.0,https://www.procyclingstats.com/rider/stepan-zahalka
1516,AZANZA Ibai,ES,Equipo Kern Pharma,8.0,https://www.procyclingstats.com/rider/ibai-azanza
1517,LAGNET Gari,FR,AC Bisontine,8.0,https://www.procyclingstats.com/rider/gari-lagnet
1518,HENAO Sebastián,CO,Nu Colombia,8.0,https://www.procyclingstats.com/rider/sebastian-henao
1519,LEAÇA Gonçalo,PT,Credibom / LA Alumínios / Marcos Car,8.0,https://www.procyclingstats.com/rider/goncalo-leaca
1520,DEL PINO Jesus,ES,Aviludo - Louletano - Loulé,8.0,https://www.procyclingstats.com/rider/jesus-del-pino
1521,TORRES Edwin Yair,VE,Lasal Cocinas - Craega,7.0,https://www.procyclingstats.com/rider/edwin-torres
1522,LADNGERN Peerapong,TH,Roojai Insurance,7.0,https://www.procyclingstats.com/rider/peerapong-ladngern
1523,QUINTEROS Alexis Benjamin,EC,,7.0,https://www.procyclingstats.com/rider/alexis-benjamin-quinteros
1524,DE KLEIJN Arvid,NL,Tudor Pro Cycling Team,7.0,https://www.procyclingstats.com/rider/arvid-de-kleijn
1525,KAPLAN Emre,TR,CNC Cycling Team,7.0,https://www.procyclingstats.com/rider/emre-kaplan
1526,LI Zhen,CN,China Anta - Mentech Cycling Team,7.0,https://www.procyclingstats.com/rider/zhen-li
1527,ASCONEGUY Roderyck,UY,,7.0,https://www.procyclingstats.com/rider/roderyck-asconeguy
1528,LOUBSER Daniel,ZA,,7.0,https://www.procyclingstats.com/rider/daniel-loubser
1529,MIMOUNI Oussama Abdellah,DZ,Madar Pro Cycling Team,7.0,https://www.procyclingstats.com/rider/oussama-abdellah-mimouni
1530,MUHAMMAD Shan,PK,,7.0,https://www.procyclingstats.com/rider/shan-muhammad
1531,ANWAR Muhammad Ismail,PK,,7.0,https://www.procyclingstats.com/rider/muhammad-ismail-anwar
1532,PAREJA Nichol Blanca,PH,Victoria Sports Pro Cycling,7.0,https://www.procyclingstats.com/rider/nichol-blanca-pareja
1533,SAMBINELLO Enea,IT,UAE Team Emirates Gen Z,7.0,https://www.procyclingstats.com/rider/enea-sambinello
1534,LIZARDO Jeremy,PH,Standard Insurance PHI,7.0,https://www.procyclingstats.com/rider/jeremy-lizardo
1535,MUGISHA Moise,RW,,7.0,https://www.procyclingstats.com/rider/moise-mugisha
1536,STENSBY Anton,NO,Team Coop - Repsol,7.0,https://www.procyclingstats.com/rider/anton-stensby
1537,GRISEL Matys,FR,Lotto Development Team,7.0,https://www.procyclingstats.com/rider/matys-grisel
1538,VAN BYLEN Liam,BE,Lotto Development Team,7.0,https://www.procyclingstats.com/rider/liam-van-bylen
1539,SHAKOTKO Aleksandr,RU,FNIX - SCOM - Hengxiang Cycling Team,7.0,https://www.procyclingstats.com/rider/aleksandr-shakotko
1540,RAMSAY Noah,CA,Alpecin-Deceuninck Development Team,7.0,https://www.procyclingstats.com/rider/noah-ramsay
1541,RABINAL Darío Emmanuel,GT,Asociacion de Chimaltenango,7.0,https://www.procyclingstats.com/rider/dario-emmanuel-rabinal
1542,ALHAMMADI Sultan Hassan,AE,,7.0,https://www.procyclingstats.com/rider/sultan-hassan-alhammadi
1543,ARIAS Facundo,CL,,7.0,https://www.procyclingstats.com/rider/facundo-arias-chavez
1544,SHOKO Prince,ZW,,7.0,https://www.procyclingstats.com/rider/prince-shoko
1545,BRUNO Andrea Alfio,IT,Team Hopplà,7.0,https://www.procyclingstats.com/rider/andrea-alfio-bruno
1546,ELSENFAWI Ahmed,EG,,7.0,https://www.procyclingstats.com/rider/ahmed-elsenfawi
1547,BAKR Mahmoud,EG,,7.0,https://www.procyclingstats.com/rider/mahmoud-bakr
1548,CHIKWAKA Andrew,ZW,,7.0,https://www.procyclingstats.com/rider/andrew-chikwaka
1549,HICKS Dylan,GB,Raptor Factory Racing,7.0,https://www.procyclingstats.com/rider/dylan-hicks
1550,ARRIAGADA Cristian,CL,,7.0,https://www.procyclingstats.com/rider/cristian-arriagada
1551,DOCKX Aaron,BE,Alpecin-Deceuninck Development Team,7.0,https://www.procyclingstats.com/rider/aaron-dockx
1552,PIRA Yesid Albeiro,CO,Inteja Imca,7.0,https://www.procyclingstats.com/rider/yesid-albeiro-pira
1553,THIRÉ Jonathan,FR,,7.0,https://www.procyclingstats.com/rider/jonathan-thire
1554,DOLVEN Halvor,NO,Wanty - Nippo - ReUz,7.0,https://www.procyclingstats.com/rider/halvor-dolven
1555,GÓMEZ Fausto Agustin,AR,Sindicato de Empleados Públicos of San Juan,7.0,https://www.procyclingstats.com/rider/fausto-agustin-gomez
1556,ZAMPERINI Edoardo,IT,Arkéa - B&B Hôtels Continentale,7.0,https://www.procyclingstats.com/rider/edoardo-zamperini
1557,QUISPE Alaín Rossbel,PE,,7.0,https://www.procyclingstats.com/rider/alain-quispe
1558,AZZEM Omar,AR,,7.0,https://www.procyclingstats.com/rider/omar-azzem
1559,GONZÁLES Charles,PE,Municipalidad de Pocito,7.0,https://www.procyclingstats.com/rider/charle-gonzales
1560,JOHNSON Anders,US,,7.0,https://www.procyclingstats.com/rider/anders-johnson
1561,KAMBERAJ Valentino,AL,Beltrami TSA Tre Colli,7.0,https://www.procyclingstats.com/rider/valentino-kamberaj
1562,HLADY Gavin,US,EF Education - Aevolo,7.0,https://www.procyclingstats.com/rider/gavin-hlady
1563,RAVBAR Anže,SI,UAE Team Emirates Gen Z,7.0,https://www.procyclingstats.com/rider/anze-ravbar
1564,SKRAPCIS Olivers Jēkabs,LV,Energus Cycling Team,7.0,https://www.procyclingstats.com/rider/olivers-jekabs-skrapcis
1565,RIZQI Dimas Nur Fadhil,ID,Jakarta Pro Cycling Team,7.0,https://www.procyclingstats.com/rider/dimas-nur-fadhil-rizqi
1566,AHMAD Muhammad Ameer,MY,,7.0,https://www.procyclingstats.com/rider/muhammad-ameer-ahmad
1567,GAUTHIER Jérôme,CA,Team Marni-N'side,7.0,https://www.procyclingstats.com/rider/jerome-gauthier
1568,UTKIN Mikhail,RU,,7.0,https://www.procyclingstats.com/rider/mikhail-utkin
1569,BÄCKMAN Anders,FI,,7.0,https://www.procyclingstats.com/rider/anders-backman
1570,BARON Levi,DM,,7.0,https://www.procyclingstats.com/rider/levi-baron
1571,JIMÉNEZ Dylan Roberto,CR,7C - Economy,7.0,https://www.procyclingstats.com/rider/dylan-jimenez-arias
1572,VARGAS Leonis,BO,,7.0,https://www.procyclingstats.com/rider/leonis-vargas
1573,MOHAMED ALI Thabet,TN,,7.0,https://www.procyclingstats.com/rider/thabet-mohamed-ali
1574,KMIELIAUSKAS Rokas,LT,Energus Cycling Team,7.0,https://www.procyclingstats.com/rider/rokas-kmieliauskas
1575,CÂMPEAN Cătălin-Luca,RO,Team United Shipping,7.0,https://www.procyclingstats.com/rider/catalin-luca-campean
1576,LIANG King Hung,HK,HKSI Pro Cycling Team,7.0,https://www.procyclingstats.com/rider/king-hung-liang
1577,KOH Dalvin,SG,,7.0,https://www.procyclingstats.com/rider/dalvin-koh
1578,MATOMBÉ Hanson,MU,,7.0,https://www.procyclingstats.com/rider/hanson-matombe
1579,BEN AMOR Nadhem,TN,,7.0,https://www.procyclingstats.com/rider/nadhem-benamor
1580,KONE Souleymane,BF,,7.0,https://www.procyclingstats.com/rider/souleymane-kone
1581,REYES Elvys Noel,PR,Prestige Cycling - Puerto Rico,7.0,https://www.procyclingstats.com/rider/elvis-reyes
1582,HOYOS Angel Jesus,BO,Pío Rico Cycling Team,7.0,https://www.procyclingstats.com/rider/angel-hoyos
1583,CHOI Heng Wa,MO,,7.0,https://www.procyclingstats.com/rider/heng-wa-choi
1584,SIMON Semen,UA,Ukraine Cycling Team,7.0,https://www.procyclingstats.com/rider/semen-simon
1585,AMANIEL Desta,ET,Team Amani,7.0,https://www.procyclingstats.com/rider/desta-amaniel
1586,PEDEN George,IE,Team PB Performance,7.0,https://www.procyclingstats.com/rider/george-peden
1587,DEL ROSARIO Juan Carlos,DO,,7.0,https://www.procyclingstats.com/rider/juan-carlos-del-rosario-felix
1588,JANIKULOV Samandar,UZ,OU7 Cycling Team,7.0,https://www.procyclingstats.com/rider/samandar-janikulov
1589,HONG Youngtaek,KR,,7.0,https://www.procyclingstats.com/rider/youngtaek-hong
1590,JÓNSSON Davíð,IS,,7.0,https://www.procyclingstats.com/rider/david-jonsson
1591,ERKAN Muhammed,TR,Konya Büyükşehir Belediye Spor,7.0,https://www.procyclingstats.com/rider/muhammed-erkan
1592,FAKUDZE Calvin,SZ,,7.0,https://www.procyclingstats.com/rider/calvin-fakudze
1593,BERMOSKY Greg,ZA,,7.0,https://www.procyclingstats.com/rider/greg-bermosky
1594,CASEY Patrick,IE,Israel Premier Tech Academy,7.0,https://www.procyclingstats.com/rider/patrick-casey1
1595,SIVOK Tomáš,SK,Pierre Baguette Cycling,7.0,https://www.procyclingstats.com/rider/tomas-sivok
1596,HOVORUN Bogdan,UA,Ukraine Cycling Team,7.0,https://www.procyclingstats.com/rider/bogdan-hovorun
1597,AUS Aaron,EE,Quick Pro Team,7.0,https://www.procyclingstats.com/rider/aaron-aus
1598,KLIMAVIČIUS Nikolas,LT,VZW WP de Molenspurters Meulebeke,7.0,https://www.procyclingstats.com/rider/nikolas-klimavicius
1599,FILUTÁS Viktor,HU,Karcag Cycling ÉPKAR Team,7.0,https://www.procyclingstats.com/rider/viktor-filutas
1600,GROZEV Gabriel,BG,MaxSolar Cycling Team,7.0,https://www.procyclingstats.com/rider/gabriel-grozev
1601,DOUANG-APHAY Khone,LA,,7.0,https://www.procyclingstats.com/rider/khone-douang-aphay
1602,PETROVSKI Andrej,MK,,7.0,https://www.procyclingstats.com/rider/andrej-petrovski
1603,COSME Leonardo,CV,,7.0,https://www.procyclingstats.com/rider/leonardo-cosme
1604,RODRIGUEZ Frankel,DO,Inteja Imca,7.0,https://www.procyclingstats.com/rider/frankel-rodriguez
1605,ACHAS Christodoulos,CY,Bialini Team Global,7.0,https://www.procyclingstats.com/rider/christodoulos-achas
1606,MACK Newell,AG,,7.0,https://www.procyclingstats.com/rider/newell-mack
1607,PAVÓN Rubén Sebastián,HN,,7.0,https://www.procyclingstats.com/rider/ruben-pavon
1608,MAGALHAES Victor,KY,,7.0,https://www.procyclingstats.com/rider/victor-magalhaes
1609,LORELLO Riccardo,IT,Team Hopplà,7.0,https://www.procyclingstats.com/rider/riccardo-lorello
1610,METZGER Gabriel,BR,,7.0,https://www.procyclingstats.com/rider/gabriel-metzger
1611,GOHR Andre  Eduardo,BR,,7.0,https://www.procyclingstats.com/rider/andre-eduardo-gohr
1612,MATKARIMOV Mukhammed Ali,KG,Art Cycling Team,7.0,https://www.procyclingstats.com/rider/mukhammed-ali-matkarimov
1613,SMALL Russell,JM,Cornwall Cycling Club,7.0,https://www.procyclingstats.com/rider/russell-small
1614,DORENBOS Yanne,NL,Parkhotel Valkenburg,7.0,https://www.procyclingstats.com/rider/yanne-dorenbos
1615,BORG Luke,MT,,7.0,https://www.procyclingstats.com/rider/luke-borg
1616,BRAVO Henrique,BR,Soudal Quick-Step Devo Team,7.0,https://www.procyclingstats.com/rider/henrique-bravo1
1617,SCHOOFS Jasper,BE,Soudal Quick-Step Devo Team,7.0,https://www.procyclingstats.com/rider/jasper-schoofs
1618,TELEMAQUE Jaheim,AG,,7.0,https://www.procyclingstats.com/rider/jaheim-telemaque
1619,SOHRABI Mehdi,IR,Tommi's Radltankstelle Team,7.0,https://www.procyclingstats.com/rider/mehdi-sohrabi
1620,VERBRUGGHE Jens,BE,Israel Premier Tech Academy,7.0,https://www.procyclingstats.com/rider/jens-verbrugghe
1621,ARAUJO Jhonny Alexander,VE,,6.0,https://www.procyclingstats.com/rider/jhonny-alexander-araujo-bastidas
1622,MÉNDEZ Arlex José,VE,Club Ciclista Padronés - Cortizo,6.0,https://www.procyclingstats.com/rider/arlex-jose-rueda
1623,RAMIREZ Yilber,VE,,6.0,https://www.procyclingstats.com/rider/yilber-ramirez
1624,GANZABAL Ander,ES,Euskaltel - Euskadi,6.0,https://www.procyclingstats.com/rider/ander-ganzabal-bilbao
1625,HARO Wilson Steven,EC,Liv / Gaint Toscana Mitsubishi Team,6.0,https://www.procyclingstats.com/rider/wilson-haro
1626,DUCKERT Roman,DE,Team Storck - Metropol Cycling,6.0,https://www.procyclingstats.com/rider/roman-duckert
1627,WANG Gustav,DK,XDS Astana Development Team,6.0,https://www.procyclingstats.com/rider/gustav-wang
1628,CAROLLO Francesco,IT,Swatt Club,6.0,https://www.procyclingstats.com/rider/francesco-carollo
1629,HOLSTAD Ludvik,NO,Lillehammer CK Continental Team,6.0,https://www.procyclingstats.com/rider/ludvik-holstad
1630,HALTER Nicolas,CH,Thömus | WindowMaster by Wyss Training,6.0,https://www.procyclingstats.com/rider/nicolas-halter
1631,FABRIES Ugo,FR,UAE Team Emirates Gen Z,6.0,https://www.procyclingstats.com/rider/ugo-fabries
1632,JURADO Christofer Robín,PA,,6.0,https://www.procyclingstats.com/rider/christofer-robin-jurado
1633,CLARK Boris,NZ,St George Continental Cycling Team,6.0,https://www.procyclingstats.com/rider/boris-clark
1634,JOHNSTON Calum,GB,Caja Rural - Seguros RGA,6.0,https://www.procyclingstats.com/rider/calum-johnston
1635,VOLTR Martin,CZ,ATT Investments,6.0,https://www.procyclingstats.com/rider/martin-voltr
1636,ORTEGA Juan Pablo,CO,Nu Colombia,6.0,https://www.procyclingstats.com/rider/juan-pablo-ortega
1637,WALTON Jonas,CA,Project Echelon Racing,6.0,https://www.procyclingstats.com/rider/jonas-walton
1638,URIAN Jose Misael,CO,Team Sistecredito,6.0,https://www.procyclingstats.com/rider/jose-misael-urian
1639,LECROQ Jérémy,FR,St Michel - Preference Home - Auber93,6.0,https://www.procyclingstats.com/rider/jeremy-lecroq
1640,QUINTERO Leonel,VE,Victoire Hiroshima,6.0,https://www.procyclingstats.com/rider/leonel-quintero
1641,HUTCHINGS Oscar,GB,Schils - Doltcini,6.0,https://www.procyclingstats.com/rider/oscar-hutchings
1642,PAYDAR SHIRVANEHDEH Sajjad,IR,Sahand Pump Tabriz Crown,6.0,https://www.procyclingstats.com/rider/sajjad-paydar-shirvanehdeh
1643,GODFROID Olivier,BE,Baloise Glowi Lions,6.0,https://www.procyclingstats.com/rider/olivier-godfroid
1644,DE LEÓN Yariel,CU,,6.0,https://www.procyclingstats.com/rider/yariel-de-leon
1645,SAIZONOU J. Glorad,BJ,,6.0,https://www.procyclingstats.com/rider/j.-glorad-saizonou
1646,JOYA José Dagoberto,SV,Pegasus Premier Texas,6.0,https://www.procyclingstats.com/rider/jose-dagoberto-joya
1647,GRUSZCZYNSKI Filip,PL,Biesse - Carrera - Premac,6.0,https://www.procyclingstats.com/rider/filip-gruszczynski
1648,TASEVSKI Marjan,MK,,6.0,https://www.procyclingstats.com/rider/marjan-tasevski
1649,WOODS Tariq,TT,,6.0,https://www.procyclingstats.com/rider/tariq-woods
1650,JAIME Álex,ES,CT GIANT Store Assen - NWVG,6.0,https://www.procyclingstats.com/rider/alex-jaime-fernandez
1651,BROUGH Jack,GB,AVC Aix Provence Dole,6.0,https://www.procyclingstats.com/rider/jack-brough
1652,SWENNE Delano,NL,GRC Jan van Arckel,6.0,https://www.procyclingstats.com/rider/delano-swenne
1653,POTUCHA Maciej,PL,Power of Science Roka Doors,6.0,https://www.procyclingstats.com/rider/maciej-potucha
1654,VEDEL Gabin,FR,Guidon Sprinter Canalien Cycling Team,6.0,https://www.procyclingstats.com/rider/gabin-vedel
1655,MENDOZA Gabriel José,VE,,5.0,https://www.procyclingstats.com/rider/gabriel-jose-mendoza
1656,RIVAS Angel,VE,Team Trululu,5.0,https://www.procyclingstats.com/rider/angel-rivas-molina
1657,GOMEZ Camilo Andres,CO,GW Erco Shimano,5.0,https://www.procyclingstats.com/rider/camilo-andres-gomez-gomez
1658,BROWNING Fergus,AU,Hagens Berman Jayco,5.0,https://www.procyclingstats.com/rider/fergus-browning
1659,BOVEN Lars,NL,Alpecin - Deceuninck,5.0,https://www.procyclingstats.com/rider/lars-boven
1660,ARNDT Nikias,DE,Bahrain - Victorious,5.0,https://www.procyclingstats.com/rider/nikias-arndt
1661,TODOME Yuhi,JP,EF Education - EasyPost,5.0,https://www.procyclingstats.com/rider/yuhi-todome
1662,GRONDIN Donavan,FR,Arkéa - B&B Hotels,5.0,https://www.procyclingstats.com/rider/donavan-grondin
1663,BEZZA Quentin,FR,Wagner Bazin WB,5.0,https://www.procyclingstats.com/rider/quentin-bezza
1664,MIFSUD Andrea,MT,Nice Métropole Côte d'Azur,5.0,https://www.procyclingstats.com/rider/andrea-mifsud
1665,NASER Ahmed,BH,Bahrain Victorious Development Team,5.0,https://www.procyclingstats.com/rider/ahmed-naser
1666,TSEN Ren Bao,MY,St George Continental Cycling Team,5.0,https://www.procyclingstats.com/rider/ren-tsen
1667,ULLAH Sana,PK,,5.0,https://www.procyclingstats.com/rider/sana-ullah
1668,HIRT Jan,CZ,Israel - Premier Tech,5.0,https://www.procyclingstats.com/rider/jan-hirt
1669,PINAZZI Mattia,IT,VF Group - Bardiani CSF - Faizanè,5.0,https://www.procyclingstats.com/rider/mattia-pinazzi
1670,JANSEN Amund Grøndahl,NO,Uno-X Mobility,5.0,https://www.procyclingstats.com/rider/amund-grondahl-jansen
1671,URIANSTAD BUGGE Martin,NO,Uno-X Mobility,5.0,https://www.procyclingstats.com/rider/martin-urianstad
1672,VANDEN HEEDE Lars,BE,Soudal Quick-Step Devo Team,5.0,https://www.procyclingstats.com/rider/lars-vanden-heede
1673,FETTER Erik,HU,Team United Shipping,5.0,https://www.procyclingstats.com/rider/erik-fetter
1674,LEBAS Thomas,FR,Kinan Racing Team,5.0,https://www.procyclingstats.com/rider/thomas-lebas
1675,MARCEROU Nicola,FR,Team TotalEnergies,5.0,https://www.procyclingstats.com/rider/nicola-marcerou
1676,DENS Tuur,BE,Team Flanders - Baloise,5.0,https://www.procyclingstats.com/rider/tuur-dens
1677,LARSEN Mathias Alexander Erik,DK,AIRTOX - Carl Ras,5.0,https://www.procyclingstats.com/rider/mathias-alexander-erik-larsen
1678,GUARDEÑO Jaume,ES,Caja Rural - Seguros RGA,5.0,https://www.procyclingstats.com/rider/jaume-guardeno
1679,TOUMIRE Hugo,FR,Cofidis,5.0,https://www.procyclingstats.com/rider/hugo-toumire
1680,ZANINI Simone,IT,XDS Astana Development Team,5.0,https://www.procyclingstats.com/rider/simone-zanini
1681,VLIEGEN Loïc,BE,Wagner Bazin WB,5.0,https://www.procyclingstats.com/rider/loic-vliegen
1682,CLAEYS Robbe,BE,Tarteletto - Isorex,5.0,https://www.procyclingstats.com/rider/robbe-claeys
1683,CHZHAN Igor,KZ,China Anta - Mentech Cycling Team,5.0,https://www.procyclingstats.com/rider/igor-chzhan
1684,VANG AAS Eirik,NO,Team Coop - Repsol,5.0,https://www.procyclingstats.com/rider/eirik-vang-aas
1685,CABALLERO Michael,PA,,5.0,https://www.procyclingstats.com/rider/michael-caballero
1686,ELOSEGUI Iñigo,ES,Equipo Kern Pharma,5.0,https://www.procyclingstats.com/rider/inigo-elosegui
1687,PICCINI Mattia,IT,Gragnano Sporting Club,5.0,https://www.procyclingstats.com/rider/mattia-piccini
1688,MARECZKO Jakub,PL,Mazowsze Serce Polski,5.0,https://www.procyclingstats.com/rider/jakub-mareczko
1689,MUÑOZ Hodei,ES,Soudal Quick-Step Devo Team,5.0,https://www.procyclingstats.com/rider/hodei-munoz
1690,VERMOOTE Jelle,BE,Wagner Bazin WB,5.0,https://www.procyclingstats.com/rider/jelle-vermoote
1691,GOYO Jesus Miguel,VE,,5.0,https://www.procyclingstats.com/rider/jesus-miguel-goyo
1692,ESPARZA Fausto,MX,Olinka Specialized,5.0,https://www.procyclingstats.com/rider/fausto-esparza-martinez
1693,LARMET Ilan,FR,Veloce Club Rouen 76,5.0,https://www.procyclingstats.com/rider/ilan-larmet
1694,BOULET Eliott,FR,Equipe continentale Groupama-FDJ,5.0,https://www.procyclingstats.com/rider/eliott-boulet
1695,ELGHARYSY Youssef,MA,Agadir Vélo Propulsion,5.0,https://www.procyclingstats.com/rider/youssef-elgharysy
1696,LUGTU Mike Piolo,PH,7Eleven Cliqq Roadbike Philippines,5.0,https://www.procyclingstats.com/rider/mike-piolo-lugtu
1697,UDAGAWA Rui,JP,Aisan Racing Team,5.0,https://www.procyclingstats.com/rider/rui-udagawa
1698,THEILER Ole,DE,REMBE | rad-net,5.0,https://www.procyclingstats.com/rider/ole-theiler
1699,ADAMIETZ Johannes,DE,REMBE | rad-net,5.0,https://www.procyclingstats.com/rider/johannes-adamietz
1700,JEAN Victor,FR,CC Étupes,5.0,https://www.procyclingstats.com/rider/victor-jean
1701,MOORE Viggo,US,Israel Premier Tech Academy,5.0,https://www.procyclingstats.com/rider/viggo-moore
1702,PEZZO ROSOLA Kevin,IT,General Store - Essegibi - F.Lli Curia,5.0,https://www.procyclingstats.com/rider/kevin-pezzo-rosola
1703,DE LUCA Teodor,SE,,5.0,https://www.procyclingstats.com/rider/teodor-de-luca
1704,DE BRUYCKERE Kay,BE,Pauwels Sauzen - Cibel Clementines,5.0,https://www.procyclingstats.com/rider/kay-de-bruyckere
1705,MENGEL Nikolaj,DK,AIRTOX - Carl Ras,5.0,https://www.procyclingstats.com/rider/nikolaj-mengel
1706,MCDUNPHY Conn,IE,Team Skyline,5.0,https://www.procyclingstats.com/rider/conn-mcdunphy
1707,JACOB Philippe,CA,Cannondale Echelon p/b 4iiii,5.0,https://www.procyclingstats.com/rider/philippe-jacob
1708,GOGL Michael,AT,Alpecin - Deceuninck,5.0,https://www.procyclingstats.com/rider/michael-gogl
1709,VANDEVELDE Yentl,BE,Team Flanders - Baloise,5.0,https://www.procyclingstats.com/rider/yentl-vandevelde
1710,STOCKWELL Oliver,GB,Bahrain - Victorious,5.0,https://www.procyclingstats.com/rider/oliver-stockwell
1711,PAIGE Charles,GB,Unibet Tietema Rockets,5.0,https://www.procyclingstats.com/rider/charles-paige
1712,IBÁÑEZ Javier,ES,Caja Rural - Seguros RGA,5.0,https://www.procyclingstats.com/rider/javier-ibanez-beltran-de-salazar
1713,LÓPEZ Joseba,ES,Caja Rural - Seguros RGA,5.0,https://www.procyclingstats.com/rider/joseba-lopez-cuesta
1714,VERRANDO Luca,IT,Team Solution Tech - Vini Fantini,5.0,https://www.procyclingstats.com/rider/luca-verrando
1715,INKELAAR Kevin,NL,Unibet Tietema Rockets,5.0,https://www.procyclingstats.com/rider/kevin-inkelaar
1716,LÓPEZ DE ABETXUKO Andoni,ES,Euskaltel - Euskadi,5.0,https://www.procyclingstats.com/rider/andoni-lopez-de-abetxuko-jimenez
1717,BABOR Daniel,CZ,Caja Rural - Seguros RGA,5.0,https://www.procyclingstats.com/rider/daniel-babor
1718,KMÍNEK Vojtěch,CZ,Burgos Burpellet BH,5.0,https://www.procyclingstats.com/rider/vojtech-kminek
1719,VAN DE WYNKELE Lorenz,BE,Lotto,5.0,https://www.procyclingstats.com/rider/lorenz-van-de-wynkele
1720,JACKSON George,NZ,Burgos Burpellet BH,5.0,https://www.procyclingstats.com/rider/george-jackson
1721,ROLANDO Joann,FR,Team Solution Tech - Vini Fantini,5.0,https://www.procyclingstats.com/rider/joann-rolando
1722,BEHRENS Niklas,DE,Team Visma | Lease a Bike,5.0,https://www.procyclingstats.com/rider/niklas-behrens
1723,BÁRTA Tomáš,CZ,Epronex - Hungary Cycling Team,5.0,https://www.procyclingstats.com/rider/tomas-barta
1724,JANSSEN Lucas,NL,Arkéa - B&B Hôtels Continentale,5.0,https://www.procyclingstats.com/rider/lucas-janssen
1725,LELANDAIS Rémi,FR,Arkéa - B&B Hôtels Continentale,5.0,https://www.procyclingstats.com/rider/remi-lelandais
1726,GUILLEMETTE Mathias,CA,Tudor Pro Cycling Team U23,5.0,https://www.procyclingstats.com/rider/mathias-guillemette
1727,LE NY Jean-Louis,FR,Veloce Club Rouen 76,5.0,https://www.procyclingstats.com/rider/jean-louis-le
1728,FREYER Philipp,DE,Embrace The World,5.0,https://www.procyclingstats.com/rider/philipp-freyer
1729,CHANE-FOC Julien,FR,Team Madras Capesterre Belle-Eau,5.0,https://www.procyclingstats.com/rider/julien-chane-foc
1730,DIAS Daniel,PT,Rádio Popular - Paredes - Boavista,5.0,https://www.procyclingstats.com/rider/daniel-dias
1731,LEWANDOWSKI Dawid,PL,Mazowsze Serce Polski,5.0,https://www.procyclingstats.com/rider/dawid-lewandowski
1732,SZABO Norbert,RO,,5.0,https://www.procyclingstats.com/rider/szabo-norbert
1733,DONZÉ Robin,CH,Tudor Pro Cycling Team U23,5.0,https://www.procyclingstats.com/rider/robin-donze
1734,CRAPS Lars,BE,Lotto,5.0,https://www.procyclingstats.com/rider/lars-craps
1735,AGUIRRE Hernán Ricardo,CO,Tianyoude Hotel Cycling Team,5.0,https://www.procyclingstats.com/rider/hernan-aguirre
1736,LAPORTE Christophe,FR,Team Visma | Lease a Bike,5.0,https://www.procyclingstats.com/rider/christophe-laporte
1737,PUCCIO Salvatore,IT,INEOS Grenadiers,5.0,https://www.procyclingstats.com/rider/salvatore-puccio
1738,MONESE Phetetso,LS,,4.0,https://www.procyclingstats.com/rider/phetetso-monese
1739,KLAHAN Noppachai,TH,Thailand Continental Cycling Team,4.0,https://www.procyclingstats.com/rider/noppachai-klahan
1740,QUAEDVLIEG Lars,NL,Universe Cycling Team,4.0,https://www.procyclingstats.com/rider/lars-quaedvlieg
1741,OBANDO Bryan Raul,EC,Movistar Best PC,4.0,https://www.procyclingstats.com/rider/bryan-raul-obando-rosas
1742,RIOU Alan,FR,St Michel - Preference Home - Auber93,4.0,https://www.procyclingstats.com/rider/alan-riou
1743,KEY Adrian,NA,,4.0,https://www.procyclingstats.com/rider/adrian-key
1744,BOLOGNESI Thomas,IT,Team Technipes #inEmiliaRomagna,4.0,https://www.procyclingstats.com/rider/thomas-bolognesi
1745,GIRARD Damien,FR,Nice Métropole Côte d'Azur,4.0,https://www.procyclingstats.com/rider/damien-girard
1746,MALDONADO Anderson Samuel,UY,,4.0,https://www.procyclingstats.com/rider/anderson-samuel-maldonado-sanchez
1747,MOOLMAN Warren,ZA,Madar Pro Cycling Team,4.0,https://www.procyclingstats.com/rider/warren-moolman
1748,PLAATJIES Brandon,NA,,4.0,https://www.procyclingstats.com/rider/brandon-plaatjies
1749,IWAMURA Genji,JP,Team Eurasia - iRC TIRE,4.0,https://www.procyclingstats.com/rider/genji-iwamura
1750,IDERBOLD Bold,MN,Huansheng - Vonoa - Taishan Sport Team,4.0,https://www.procyclingstats.com/rider/bold-iderbold
1751,LEMAIRE Grégoire,BE,Brussels Cycling Club,4.0,https://www.procyclingstats.com/rider/gregoire-lemaire
1752,MOHSIN Khan,PK,,4.0,https://www.procyclingstats.com/rider/khan-mohsin
1753,TUGAWIN Ryan,PH,,4.0,https://www.procyclingstats.com/rider/ryan-tugawin
1754,BERLIN Antoine,MC,BIKE AID,4.0,https://www.procyclingstats.com/rider/antoine-berlin
1755,MOREY Drew,AU,Kinan Racing Team,4.0,https://www.procyclingstats.com/rider/drew-morey
1756,SALAS Josué,CR,,4.0,https://www.procyclingstats.com/rider/josue-salas
1757,RAMIREZ Joseph Gerardo,CR,Pz Cycling Team,4.0,https://www.procyclingstats.com/rider/joseph-gerardo-ramirez
1758,MARTINEZ Diler,HN,,4.0,https://www.procyclingstats.com/rider/diler-martinez
1759,ALNAQBI Waleed,AE,,4.0,https://www.procyclingstats.com/rider/waleed-alnaqbi
1760,VAN DEN EIJNDEN Guus,NL,Alpecin-Deceuninck Development Team,4.0,https://www.procyclingstats.com/rider/guus-van-den-eijnden
1761,ALMASHGHOUNI Omar,AE,,4.0,https://www.procyclingstats.com/rider/omar-almashghouni
1762,QUIROZ Heriberto,MX,,4.0,https://www.procyclingstats.com/rider/heriberto-quiroz-gutierrez
1763,AYAD Eslam,EG,,4.0,https://www.procyclingstats.com/rider/eslam-ayad
1764,CHAKAZA Amos,ZW,,4.0,https://www.procyclingstats.com/rider/amos-chakaza
1765,SHELTON Marcis,US,Team California,4.0,https://www.procyclingstats.com/rider/marcis-shelton
1766,DÍAZ Alex,ES,Caja Rural - Seguros RGA,4.0,https://www.procyclingstats.com/rider/alex-diaz-alvarez
1767,LOCK Dennis,DK,General Store - Essegibi - F.Lli Curia,4.0,https://www.procyclingstats.com/rider/dennis-lock
1768,MORGAN Edward,GB,Muc-Off-SRCT-Storck,4.0,https://www.procyclingstats.com/rider/edward-morgan
1769,VAN ZANDEN Otto,NL,Parkhotel Valkenburg,4.0,https://www.procyclingstats.com/rider/otto-van-zanden
1770,BONNEFOIX Edouard,FR,7Eleven Cliqq Roadbike Philippines,4.0,https://www.procyclingstats.com/rider/edouard-bonnefoix
1771,SAUNDERS Tristan,AU,7Eleven Cliqq Roadbike Philippines,4.0,https://www.procyclingstats.com/rider/tristan-saunders
1772,VOLKAERT Jonas,BE,VDM-Trawobo Cycling Team,4.0,https://www.procyclingstats.com/rider/jonas-volkaert
1773,SCHURAN Michal,CZ,Team United Shipping,4.0,https://www.procyclingstats.com/rider/michal-schuran
1774,FERNÁNDEZ GONZÁLEZ Óscar Hernán,CO,Team Medellín - EPM,4.0,https://www.procyclingstats.com/rider/oscar-hernan-fernandez-gonzalez
1775,VIDAURRE Martín,CL,,4.0,https://www.procyclingstats.com/rider/martin-vidaurre-kossman
1776,HARDING Will,GB,Zappi Racing Team,4.0,https://www.procyclingstats.com/rider/will-harding
1777,GILLET Baptiste,FR,Arkéa - B&B Hôtels Continentale,4.0,https://www.procyclingstats.com/rider/baptiste-gillet
1778,CIPOLLINI Edoardo,IT,MBH Bank Ballan CSB,4.0,https://www.procyclingstats.com/rider/edoardo-cipollini
1779,FLANAGAN Liam,US,Team Skyline,4.0,https://www.procyclingstats.com/rider/liam-flanagan
1780,ATENCIO Arquimides,PE,,4.0,https://www.procyclingstats.com/rider/arquimides-atencio
1781,FERREIRA Fernando Andres,PY,,4.0,https://www.procyclingstats.com/rider/fernando-andres-ferreira-pacheco
1782,DEN OTTER Jesse,NL,Wielerploeg Groot Amsterdam,4.0,https://www.procyclingstats.com/rider/jesse-den-otter
1783,STANKOVIĆ Marko,RS,Novapor Theseus SportsClub,4.0,https://www.procyclingstats.com/rider/marko-stankovic
1784,LAURANS Théo,FR,Vélo Club Villefranche Beaujolais,4.0,https://www.procyclingstats.com/rider/theo-laurans
1785,LIMA Daniel,PT,Israel Premier Tech Academy,4.0,https://www.procyclingstats.com/rider/daniel-lima
1786,WALLENBORN Arno,LU,Tudor Pro Cycling Team U23,4.0,https://www.procyclingstats.com/rider/arno-wallenborn
1787,TRAVELLA Nicholas,IT,Velo Club Mendrisio,4.0,https://www.procyclingstats.com/rider/nicholas-travella
1788,AWANG ILAH Ahmad Syazrin,MY,Malaysia Pro Cycling,4.0,https://www.procyclingstats.com/rider/ahmad-syazrin-awang-ilah
1789,VAN DER WERFF Thom,NL,Development Team Picnic PostNL,4.0,https://www.procyclingstats.com/rider/thom-van-der-werff
1790,DE MOYER Kenay,BE,Pauwels Sauzen - Cibel Clementines,4.0,https://www.procyclingstats.com/rider/kenay-de-moyer
1791,KÄLLBERG Axel,FI,Lucky Sport Cycling Team,4.0,https://www.procyclingstats.com/rider/axel-kallberg
1792,STEPHAN Carbon,DM,,4.0,https://www.procyclingstats.com/rider/carbon-stephan
1793,KELMENDI Agron,XK,,4.0,https://www.procyclingstats.com/rider/agron-kelmendi
1794,PIAT William,MU,,4.0,https://www.procyclingstats.com/rider/william-piat
1795,MUDARRA Pablo,CR,Colono Bikestation Kölbi,4.0,https://www.procyclingstats.com/rider/pablo-mudarra
1796,QUARTERLY Thomas,BM,,4.0,https://www.procyclingstats.com/rider/thomas-quarterly
1797,PRECUP Horea-Stefan,RO,MENtoRISE Teem CCN,4.0,https://www.procyclingstats.com/rider/horea-stefan-precup
1798,LIM BING YI Eamon,SG,,4.0,https://www.procyclingstats.com/rider/eamon-lim-bing-yi
1799,BEN AMEUR Hatem,TN,,4.0,https://www.procyclingstats.com/rider/hatem-ben-ameur
1800,TANI Junsei,JP,Utsunomiya Blitzen,4.0,https://www.procyclingstats.com/rider/junsei-tani
1801,RIVERA Loyd Yuan,PR,Prestige Cycling - Puerto Rico,4.0,https://www.procyclingstats.com/rider/loyd-rivera
1802,ZURITA Gilver,BO,,4.0,https://www.procyclingstats.com/rider/gilver-zurita
1803,LEI Kwok Hung,MO,,4.0,https://www.procyclingstats.com/rider/kwok-hung-lei
1804,LI Shidong,CN,,4.0,https://www.procyclingstats.com/rider/shidong-li
1805,JAMOLDINOV Alimardon,UZ,,4.0,https://www.procyclingstats.com/rider/alimardon-jamoldinov
1806,ED DOGHMY Achraf,MA,,4.0,https://www.procyclingstats.com/rider/ed-doghmy-achraf
1807,JUMA Yousef,JO,,4.0,https://www.procyclingstats.com/rider/yousef-juma
1808,HERBST Greg,SZ,,4.0,https://www.procyclingstats.com/rider/greg-herbst
1809,VALVASORI Larry,LU,AC Bisontine,4.0,https://www.procyclingstats.com/rider/larry-valvasori
1810,ŠTOČEK Matúš,SK,Elkov - Kasper,4.0,https://www.procyclingstats.com/rider/matus-stocek
1811,SYDOR Serhii,UA,Gallina Ecotek Lucchini,4.0,https://www.procyclingstats.com/rider/serhii-sydor
1812,PERAN Ian,HR,Pogi Team Gusto Ljubljana,4.0,https://www.procyclingstats.com/rider/ian-peran
1813,PAJUR Markus,EE,Charvieu Chavagneux Isère Cyclisme,4.0,https://www.procyclingstats.com/rider/markus-pajur
1814,MORA Luis Guillermo,VE,,4.0,https://www.procyclingstats.com/rider/luis-mora2
1815,LAŠINIS Venantas,LT,,4.0,https://www.procyclingstats.com/rider/venantas-lasinis
1816,ECHAHED Ahmed,MA,Sidi Ali - Unlock Team,4.0,https://www.procyclingstats.com/rider/ahmed-echahed
1817,SAM Henry Alberto,GT,Decorabaños,4.0,https://www.procyclingstats.com/rider/henry-sam
1818,VALENT Márk,HU,MBH Bank Ballan CSB,4.0,https://www.procyclingstats.com/rider/mark-valent
1819,LUBEGA Abdbulnoor,UG,,4.0,https://www.procyclingstats.com/rider/abdbulnoor-lubega
1820,PIHLJAK Tarik,BA,,4.0,https://www.procyclingstats.com/rider/tarik-piljak
1821,MARINOV Martin,BG,Martigues Sport Cyclisme Payden-Rygel,4.0,https://www.procyclingstats.com/rider/martin-marinov
1822,MILAKONG Ananxay,LA,,4.0,https://www.procyclingstats.com/rider/ananxay-milakong
1823,DAŠIĆ Milić,ME,,4.0,https://www.procyclingstats.com/rider/milic-dasic
1824,DEBAY Filimon Zerabruk,ET,,4.0,https://www.procyclingstats.com/rider/filimon-zerabruk-debay
1825,LOPES LEITAO João Baptista,CV,,4.0,https://www.procyclingstats.com/rider/joao-baptista-lopes-leitao
1826,GERMOSO Rudy,DO,Verrazano - Santiago,4.0,https://www.procyclingstats.com/rider/rudy-germoso
1827,WEATHERED Sean,AG,,4.0,https://www.procyclingstats.com/rider/sean-weathered
1828,PETERS Delvin,AG,,4.0,https://www.procyclingstats.com/rider/delvin-peters
1829,BRICENO Jaylen,BZ,,4.0,https://www.procyclingstats.com/rider/jaylen-briceno
1830,LODIGIANI Valerio,IT,,4.0,https://www.procyclingstats.com/rider/valerio-lodigiani
1831,ALPHONSO Von,VG,,4.0,https://www.procyclingstats.com/rider/von-alphonso
1832,CARUANA Andrew,MT,,4.0,https://www.procyclingstats.com/rider/andrew-caruana
1833,SOWIŃSKI Artur,PL,Run & Race - Wibatech,4.0,https://www.procyclingstats.com/rider/artur-sowinski
1834,CHAMAN Lauro Cesar,BR,Soul Cycles - Santos,4.0,https://www.procyclingstats.com/rider/lauro-cesar-chaman
1835,CLEMMENSEN Theodor August,DK,Red Bull - BORA - hansgrohe Rookies,4.0,https://www.procyclingstats.com/rider/theodor-august-clemmensen
1836,BRUN Nils,CH,MYVELO Pro Cycling Team,4.0,https://www.procyclingstats.com/rider/nils-brun
1837,SAWADA Toki,JP,Utsunomiya Blitzen,4.0,https://www.procyclingstats.com/rider/toki-sawada
1838,ARSAC Rémi,FR,Bourg-en-Bresse Ain Cyclisme,4.0,https://www.procyclingstats.com/rider/remi-arsac
1839,CLAUSS Marc,DE,Team Kern-Haus,4.0,https://www.procyclingstats.com/rider/marc-clauss
1840,MACÉ Marius,FR,SCO Dijon - Team Matériel - Velo.com,4.0,https://www.procyclingstats.com/rider/marius-mace
1841,MILLET Hugo,FR,Mayenne-V and B-Monbana,4.0,https://www.procyclingstats.com/rider/hugo-millet
1842,CZABOK Konrad,PL,Mazowsze Serce Polski,4.0,https://www.procyclingstats.com/rider/konrad-czabok
1843,MCKENZIE Finn,NZ,,4.0,https://www.procyclingstats.com/rider/finn-mckenzie
1844,URCEL Damien,FR,Team Madras Capesterre Belle-Eau,4.0,https://www.procyclingstats.com/rider/damien-urcel
1845,DOMÍNGUEZ David,ES,Aviludo - Louletano - Loulé,4.0,https://www.procyclingstats.com/rider/david-dominguez-vilchez
1846,RUIZ Juan José,VE,,3.0,https://www.procyclingstats.com/rider/juan-jose-ruiz-cabrera
1847,BENYOUCEF Abdallah,DZ,Madar Pro Cycling Team,3.0,https://www.procyclingstats.com/rider/abdellah-ben-youcef
1848,KIM Jongseok,KR,Korea Business Cycling,3.0,https://www.procyclingstats.com/rider/jongseok-kim
1849,MOONEN Zeno,BE,Wanty - Nippo - ReUz,3.0,https://www.procyclingstats.com/rider/zeno-moonen
1850,NAVARRA Junrey Janjan,PH,Standard Insurance PHI,3.0,https://www.procyclingstats.com/rider/junrey-janjan-navarra
1851,ŠUMPÍK Pavel,CZ,Development Team Picnic PostNL,3.0,https://www.procyclingstats.com/rider/pavel-sumpik
1852,CAÑELLAS Xavier,ES,Anicolor / Tien 21,3.0,https://www.procyclingstats.com/rider/sanchez-canellas
1853,SCHULTING Peter,NL,Diftar Continental Cyclingteam,3.0,https://www.procyclingstats.com/rider/peter-schulting
1854,ABI MANYU Julian,ID,ASC Monsters Indonesia,3.0,https://www.procyclingstats.com/rider/julian-abi-manyu
1855,PERRACCHIONE Alessandro,IT,Team Novo Nordisk,3.0,https://www.procyclingstats.com/rider/alessandro-perracchione
1856,KELLEY Garin,US,,3.0,https://www.procyclingstats.com/rider/garin-kelley
1857,DIAZ Christopher Jahir,HN,Grupo Intxausti,3.0,https://www.procyclingstats.com/rider/christopher-diaz
1858,MENGS Petros,ER,Istanbul Büyükșehir Belediye Spor Türkiye,3.0,https://www.procyclingstats.com/rider/petros-mengs
1859,MAESTRE Winston,VE,,3.0,https://www.procyclingstats.com/rider/winston-maestre
1860,RUIZ Hugo Nestor Emiliano,PE,Sindicato de Empleados Públicos of San Juan,3.0,https://www.procyclingstats.com/rider/hugo-nestor-emiliano-ruiz-calle
1861,MONTENEGRO Santiago,EC,Movistar Best PC,3.0,https://www.procyclingstats.com/rider/santiago-montenegro
1862,NIJSSEN Kenny,NL,Universe Cycling Team,3.0,https://www.procyclingstats.com/rider/kenny-nijssen
1863,VAN DE MIEROOP Sam,BE,Universe Cycling Team,3.0,https://www.procyclingstats.com/rider/sam-van-de-mieroop
1864,DUIJVESTEIJN Roy,NL,Universe Cycling Team,3.0,https://www.procyclingstats.com/rider/roy-duijvesteijn
1865,HANDGRAAF Sjors,NL,Universe Cycling Team,3.0,https://www.procyclingstats.com/rider/sjors-handgraaf
1866,KOSSOKO Sadikou Jérémie,CM,SNH Vélo Club,3.0,https://www.procyclingstats.com/rider/sadikou-jeremie-kossoko
1867,KARMAZHAKOV Sergey,KZ,,3.0,https://www.procyclingstats.com/rider/sergey-karmazhakov
1868,JAMAICA Javier Ernesto,CO,Nu Colombia,3.0,https://www.procyclingstats.com/rider/javier-ernesto-jamaica
1869,MUÑOZ Cristian Camilo,CO,Nu Colombia,3.0,https://www.procyclingstats.com/rider/cristian-munoz
1870,KOCKELMANN Mathieu,LU,Lotto Development Team,3.0,https://www.procyclingstats.com/rider/mathieu-kockelmann
1871,ALFONSO Antonio,PY,,3.0,https://www.procyclingstats.com/rider/antonio-alfonso
1872,LIGHTFOOT Mark,GB,AVC Aix Provence Dole,3.0,https://www.procyclingstats.com/rider/mark-lightfoot
1873,SAVIOZ Colin,FR,Charvieu Chavagneux Isère Cyclisme,3.0,https://www.procyclingstats.com/rider/colin-savioz
1874,VALENTI Luke,CA,Israel Premier Tech Academy,3.0,https://www.procyclingstats.com/rider/luke-valenti
1875,KRAMER Jesse,NL,Hagens Berman Jayco,3.0,https://www.procyclingstats.com/rider/jesse-kramer
1876,HELLERUP Malte,DK,Team ColoQuick,3.0,https://www.procyclingstats.com/rider/malte-hellerup
1877,BLUHM Oscar,DK,Team Give Steel - 2M Cycling Elite,3.0,https://www.procyclingstats.com/rider/oscar-bluhm
1878,ZANGERLE Emanuel,AT,Team Vorarlberg,3.0,https://www.procyclingstats.com/rider/emanuel-zangerle
1879,MERSEBURG Dominik,DE,Team Storck - Metropol Cycling,3.0,https://www.procyclingstats.com/rider/dominik-merseburg
1880,MILES Carson,CA,Team Marni-N'side,3.0,https://www.procyclingstats.com/rider/carson-miles
1881,HAMEL Félix,CA,Cannondale Echelon p/b 4iiii,3.0,https://www.procyclingstats.com/rider/felix-hamel
1882,VAN NIEKERK Morné,ZA,St Michel - Preference Home - Auber93,3.0,https://www.procyclingstats.com/rider/morne-van-niekerk
1883,TOSSAVI Ted,BJ,,3.0,https://www.procyclingstats.com/rider/ted-tossavi
1884,NEFZI Yassine,TN,,3.0,https://www.procyclingstats.com/rider/yassine-nefzi
1885,VONGDEUANE Thanakone,LA,,3.0,https://www.procyclingstats.com/rider/thanakone-vongdeuane
1886,SOMMER Jan,CH,MYVELO Pro Cycling Team,3.0,https://www.procyclingstats.com/rider/jan-sommer
1887,WANG Kuicheng,CN,Bodywrap LTwoo Cycling Team,3.0,https://www.procyclingstats.com/rider/kuicheng-wang
1888,PERNSTEINER Hermann,AT,ARBÖ Kärnten Sport Feld am See,3.0,https://www.procyclingstats.com/rider/hermann-pernsteiner
1889,VAN STRIJTHEM Matijs,BE,Soudal Quick-Step Devo Team,3.0,https://www.procyclingstats.com/rider/matijs-van-strijthem
1890,MAINGUENAUD Lucas,FR,Vendée U Pays de la Loire,3.0,https://www.procyclingstats.com/rider/lucas-mainguenaud
1891,SALGUEIRO Carlos Miguel,PT,APHotels & Resorts / Tavira / SC Farense,3.0,https://www.procyclingstats.com/rider/carlos-salgueiro
1892,GAILLARD Baptiste,FR,Excelsior,3.0,https://www.procyclingstats.com/rider/baptiste-gaillard
1893,DELLE VEDOVE Alessio,IT,XDS Astana Development Team,3.0,https://www.procyclingstats.com/rider/alessio-delle-vedove
1894,CABEDO Marc,ES,Team UKYO,3.0,https://www.procyclingstats.com/rider/marc-cabedo
1895,TLOUOE Thato,LS,,2.0,https://www.procyclingstats.com/rider/thato-tlouoe
1896,CAMARGO Breinner Smaichel,VE,Club Politachira,2.0,https://www.procyclingstats.com/rider/breinner-camargo
1897,LÓPEZ Alan Moises,VE,,2.0,https://www.procyclingstats.com/rider/alan-moises-lopez
1898,ARROYAVE Daniel,CO,GW Erco Shimano,2.0,https://www.procyclingstats.com/rider/daniel-arroyave-canas
1899,RUIZ Jeferson Armando,CO,GW Erco Shimano,2.0,https://www.procyclingstats.com/rider/jeferson-armando-ruiz-acuna
1900,JUMCHAT Nattapol,TH,Thailand Continental Cycling Team,2.0,https://www.procyclingstats.com/rider/nattapol-jumchat
1901,CHAOUFI Tarik,MA,Sidi Ali - Unlock Team,2.0,https://www.procyclingstats.com/rider/tarik-chaoufi
1902,SEKKINY Elyass,MA,Sidi Ali - Unlock Team,2.0,https://www.procyclingstats.com/rider/elyass-sekkiny
1903,CAICEDO David Sebastian,EC,Team COAC San Gabriel Cine Cable Internet,2.0,https://www.procyclingstats.com/rider/david-caicedo
1904,ALONSO Agustín,UY,,2.0,https://www.procyclingstats.com/rider/agustin-alonso1
1905,DOWNES Brandon,ZA,Melon Mobile RealPay Pro Cycling,2.0,https://www.procyclingstats.com/rider/brandon-downes
1906,DE KOE Denzel,NA,,2.0,https://www.procyclingstats.com/rider/denzel-de-koe
1907,MÜLLER Jonas,CH,CLN,2.0,https://www.procyclingstats.com/rider/jonas-muller
1908,HORNBLOW Keegan,NZ,MitoQ - NZ Cycling Project,2.0,https://www.procyclingstats.com/rider/keegan-hornblow
1909,MALDONADO Ignacio Raúl,UY,,2.0,https://www.procyclingstats.com/rider/ignacio-maldonado
1910,BASSON Gustav,ZA,CR4C Roanne,2.0,https://www.procyclingstats.com/rider/gustav-basson
1911,XU Shi Ru,TW,,2.0,https://www.procyclingstats.com/rider/shi-ru-xu
1912,DENS Stan,BE,Hubo - Scott CT,2.0,https://www.procyclingstats.com/rider/stan-dens
1913,ASIF Asif,PK,,2.0,https://www.procyclingstats.com/rider/asif-asif
1914,BERHE Welay Hagos,ET,Team Jayco AlUla,2.0,https://www.procyclingstats.com/rider/welay-hagos-berhe
1915,YOUSAF Yousaf,PK,,2.0,https://www.procyclingstats.com/rider/yousaf-yousaf
1916,CUYLITS Mauro,BE,Lotto Development Team,2.0,https://www.procyclingstats.com/rider/mauro-cuylits
1917,CAMINGAO John Mark,PH,Standard Insurance PHI,2.0,https://www.procyclingstats.com/rider/john-mark-camingao
1918,PAGARA Alexis,PH,Victoria Sports Pro Cycling,2.0,https://www.procyclingstats.com/rider/alexis-pagara
1919,BYUKUSENGE Patrick,RW,,2.0,https://www.procyclingstats.com/rider/patrick-byukusenge
1920,VERGOUW Julian,NL,Metec - SOLARWATT p/b Mantel,2.0,https://www.procyclingstats.com/rider/julian-vergouw
1921,PRIVITERA Samuele,IT,Hagens Berman Jayco,2.0,https://www.procyclingstats.com/rider/samuele-privitera
1922,LORENZO Randish Abdul,PA,,2.0,https://www.procyclingstats.com/rider/abdul-lorenzo
1923,ÖZGÜR Batuhan,TR,Konya Büyükşehir Belediye Spor,2.0,https://www.procyclingstats.com/rider/batuhan-ozgur
1924,LIPHONGYU Navuti,TH,Thailand Continental Cycling Team,2.0,https://www.procyclingstats.com/rider/navuti-liphongyu
1925,PEDERSEN Martin,DK,Lidl - Trek Future Racing,2.0,https://www.procyclingstats.com/rider/martin-pedersen1
1926,ŤOUPALÍK Adam,CZ,Unibet Tietema Rockets,2.0,https://www.procyclingstats.com/rider/adam-toupalik
1927,MONTI Alberto,CZ,ATT Investments,2.0,https://www.procyclingstats.com/rider/alberto-monti
1928,MASON James Brock,US,,2.0,https://www.procyclingstats.com/rider/james-brock-mason
1929,RASCH Jesper,NL,Parkhotel Valkenburg,2.0,https://www.procyclingstats.com/rider/jesper-rasch
1930,PACHECO Gabriel,CR,Manzaté La Selva Scott,2.0,https://www.procyclingstats.com/rider/gabriel-pacheco
1931,SAM Edwin,GT,Decorabaños,2.0,https://www.procyclingstats.com/rider/edwin-sam
1932,BESSEGA Tommaso,IT,Biesse - Carrera - Premac,2.0,https://www.procyclingstats.com/rider/tommaso-bessega
1933,BASARABA Mykhailo,UA,UC Monaco,2.0,https://www.procyclingstats.com/rider/mykhailo-basaraba
1934,HARDOUIN Louis,FR,Guidon Chalettois,2.0,https://www.procyclingstats.com/rider/louis-hardouin
1935,SANLAVILLE Mathias,FR,Team Atria - Montluçon Cyclisme,2.0,https://www.procyclingstats.com/rider/mathias-sanlaville
1936,RODRIGUES SILVA Luan Carlos,BR,,2.0,https://www.procyclingstats.com/rider/luan-carlos-rodrigues-silva
1937,MUSAMBA Elias,ZW,,2.0,https://www.procyclingstats.com/rider/elias-musamba
1938,ELSAIFY Hassan,EG,SuezCanalDiscovery,2.0,https://www.procyclingstats.com/rider/hassan-elsaify
1939,ŘÍMAN Jakub,CZ,ATT Investments,2.0,https://www.procyclingstats.com/rider/jakub-riman
1940,PITA Sebastián Alexander,EC,Espectro Cycling Team,2.0,https://www.procyclingstats.com/rider/sebastian-alexander-pita-bolanos
1941,METAWEA Mahmoud,EG,SuezCanalDiscovery,2.0,https://www.procyclingstats.com/rider/mahmoud-metawea
1942,SIBANDA Mthokozisi,ZW,,2.0,https://www.procyclingstats.com/rider/mthokozisi-sibanda
1943,KELLY Adam,IE,Mg.K Vis Costruzioni e Ambiente,2.0,https://www.procyclingstats.com/rider/adam-kelly
1944,KLOPPER Christiaan,ZA,,2.0,https://www.procyclingstats.com/rider/christiaan-klopper
1945,MASEMOLA Rodney,ZA,,2.0,https://www.procyclingstats.com/rider/rodney-masemola
1946,TYAPA Ongeziwe,ZA,,2.0,https://www.procyclingstats.com/rider/ongeziwe-tyapa
1947,SIYANDA Gumede,ZA,,2.0,https://www.procyclingstats.com/rider/gumede-siyanda
1948,ACHIETKUEYINYI Aurélien,CM,SNH Vélo Club,2.0,https://www.procyclingstats.com/rider/aurelien-achietkueyinyi
1949,PLUTO Mārtiņš,LV,BEAT Cycling Club,2.0,https://www.procyclingstats.com/rider/martins-pluto
1950,LIRA Juan Cristobal,CL,STAMINA Racing,2.0,https://www.procyclingstats.com/rider/juan-cristobal-lira-eguiguren
1951,DJIRE Daouda,ML,,2.0,https://www.procyclingstats.com/rider/daouda-djire
1952,MACHHOLDT Magnus,DK,Team Give Steel - 2M Cycling Elite,2.0,https://www.procyclingstats.com/rider/magnus-machholdt
1953,COLEMAN Zak,GB,Voster ATS Team,2.0,https://www.procyclingstats.com/rider/zak-coleman
1954,ALVARADO Adrian,CL,,2.0,https://www.procyclingstats.com/rider/adrian-alvarado
1955,ODA Hijiri,JP,Matrix Powertag,2.0,https://www.procyclingstats.com/rider/hijiri-oda
1956,MARTINI Marco,IT,Team Technipes #inEmiliaRomagna,2.0,https://www.procyclingstats.com/rider/marco-martini
1957,DURÁN Alejandro,AR,,2.0,https://www.procyclingstats.com/rider/alejandro-duran
1958,HERTZ Benjamin,DK,Team Give Steel - 2M Cycling Elite,2.0,https://www.procyclingstats.com/rider/benjamin-hertz
1959,GOSZCZURNY Patryk,PL,Team Visma | Lease a Bike Development,2.0,https://www.procyclingstats.com/rider/patryk-goszczurny
1960,MICHELS Jente,BE,Alpecin-Deceuninck Development Team,2.0,https://www.procyclingstats.com/rider/jente-michels
1961,VUERINCKX Thomas,BE,Lotto Development Team,2.0,https://www.procyclingstats.com/rider/thomas-vuerinckx
1962,VAREA José Daniel,PE,,2.0,https://www.procyclingstats.com/rider/jose-varea
1963,KNOLLE Jon,DE,REMBE | rad-net,2.0,https://www.procyclingstats.com/rider/jon-knolle
1964,LEBO Joshua,US,Jamison Racing Team,2.0,https://www.procyclingstats.com/rider/joshua-lebo
1965,GUERINEL Manu,FR,Paris Cycliste Olympique,2.0,https://www.procyclingstats.com/rider/manu-guerinel
1966,PLACE Maxence,BE,Wanty - Nippo - ReUz,2.0,https://www.procyclingstats.com/rider/maxence-place
1967,MORIN Yoan,FR,Bourg-en-Bresse Ain Cyclisme,2.0,https://www.procyclingstats.com/rider/yoan-morin
1968,FERRARO Santiago,IT,VF Group - Bardiani CSF - Faizanè,2.0,https://www.procyclingstats.com/rider/santiago-ferraro
1969,AYYORKUN Mustafa,TR,Spor Toto Cycling Team,2.0,https://www.procyclingstats.com/rider/mustafa-ayyorkun
1970,BOONSTRA Jelle,NL,Wielerploeg Groot Amsterdam,2.0,https://www.procyclingstats.com/rider/jelle-boonstra
1971,GASPARINI Alessio,IT,May Stars,2.0,https://www.procyclingstats.com/rider/alessio-gasparini
1972,VESLUM Sebastian,NO,Asker CK,2.0,https://www.procyclingstats.com/rider/sebastian-veslum
1973,LUMPAROV Georgi,BG,Hemus Troyan,2.0,https://www.procyclingstats.com/rider/georgi-lumparov
1974,WAHHI Muhammad Zahin,MY,Malaysia Pro Cycling,2.0,https://www.procyclingstats.com/rider/muhammad-zahin-wahhi
1975,RIDOLFO Filippo,IT,Team Novo Nordisk,2.0,https://www.procyclingstats.com/rider/filippo-ridolfo
1976,PETIT Clément,FR,Veloce Club Rouen 76,2.0,https://www.procyclingstats.com/rider/clement-petit
1977,BOUVIER Léo,FR,BIKE AID,2.0,https://www.procyclingstats.com/rider/leo-bouvier
1978,DARZI RAMANDI Mohammad,IR,Vride,2.0,https://www.procyclingstats.com/rider/mohammad-darzi-ramandi
1979,OMAR Muhammad Faiz Fakhri,MY,Malaysia Pro Cycling,2.0,https://www.procyclingstats.com/rider/muhammad-faiz-fakhri-omar
1980,SØNDERGAARD Oliver,DK,AIRTOX - Carl Ras,2.0,https://www.procyclingstats.com/rider/oliver-sondergaard
1981,BETTENDORFF Loïc,LU,Hrinkow Advarics,2.0,https://www.procyclingstats.com/rider/loic-bettendorf
1982,BADLIS Slimane,DZ,Mouloudia Club d'Alger,2.0,https://www.procyclingstats.com/rider/slimane-badlis
1983,COLE Owen,US,Team Winston Salem - Flow,2.0,https://www.procyclingstats.com/rider/owen-cole
1984,MALINEN Sampo,FI,Monzon - Incolor - Gub,2.0,https://www.procyclingstats.com/rider/sampo-malinen
1985,ILBOUDO Soumaila,BF,,2.0,https://www.procyclingstats.com/rider/soumaila-ilboudo
1986,DÍAZ Miguel,MX,Olinka Specialized,2.0,https://www.procyclingstats.com/rider/miguel-diaz4
1987,TEPPO Petja,FI,Lasal Cocinas - Craega,2.0,https://www.procyclingstats.com/rider/petja-teppo
1988,PIEDRA CUELLAR Joselin,CU,,2.0,https://www.procyclingstats.com/rider/joselin-piedra-cuellar
1989,BALAJ Mateo,AL,Cyklotym Havířov - Tirana,2.0,https://www.procyclingstats.com/rider/mateo-balaj
1990,FERNANDEZ Kendall,CR,,2.0,https://www.procyclingstats.com/rider/kendall-fernandez
1991,AGUILAR Luis,CR,7C - Economy,2.0,https://www.procyclingstats.com/rider/luis-aguilar
1992,OVIDIU Dorcu,RO,Monzon - Incolor - Gub,2.0,https://www.procyclingstats.com/rider/dorcu-ovidiu
1993,MUN Yong Liang,SG,,2.0,https://www.procyclingstats.com/rider/yong-liang-mun
1994,BINAKAJ Valon,XK,,2.0,https://www.procyclingstats.com/rider/valon-binakaj
1995,NG Sum Lui,HK,HKSI Pro Cycling Team,2.0,https://www.procyclingstats.com/rider/sum-lui-ng
1996,TALAČKA Lukas,LT,Top Team,2.0,https://www.procyclingstats.com/rider/lukas-talacka
1997,CHARLES Karega,GD,,2.0,https://www.procyclingstats.com/rider/karega-charles
1998,RICHARDSON Che'Quan,BM,,2.0,https://www.procyclingstats.com/rider/che-quan-richardson
1999,HARASIM Mihnea-Alexandru,RO,Team Skyline,2.0,https://www.procyclingstats.com/rider/mihnea-alexandru-harasim
2000,BIN FAISAL Arfan,SG,,2.0,https://www.procyclingstats.com/rider/arfan-bin-faisal
2001,HOUETO Emile,BJ,,2.0,https://www.procyclingstats.com/rider/emile-houeto
2002,MED YASSINE Chehibi,TN,,2.0,https://www.procyclingstats.com/rider/chehibi-med-yassine
2003,ISPACHE Julio Amilcar,GT,Decorabaños,2.0,https://www.procyclingstats.com/rider/julio-amilcar-ispache
2004,FUENTES Jose,PR,,2.0,https://www.procyclingstats.com/rider/jose-fuentes1
2005,LAO Long San,MO,,2.0,https://www.procyclingstats.com/rider/long-san-lao
2006,GRYNIV Vitaliy,UA,,2.0,https://www.procyclingstats.com/rider/vitaliy-gryniv
2007,PEÁK Barnabás,HU,ATT Investments,2.0,https://www.procyclingstats.com/rider/barnabas-peak
2008,LUO Pengpeng,CN,,2.0,https://www.procyclingstats.com/rider/pengpeng-luo
2009,EGIN Ali,TR,Konya Büyükşehir Belediye Spor,2.0,https://www.procyclingstats.com/rider/ali-egin
2010,JIANG Yipei,CN,,2.0,https://www.procyclingstats.com/rider/yipei-jiang
2011,BRITO Maicol,DO,Inteja Imca,2.0,https://www.procyclingstats.com/rider/maicol-brito-arias
2012,MOVLONBERDIYEV Mustafo,UZ,,2.0,https://www.procyclingstats.com/rider/mustafo-movlonberdiyev
2013,BERDEMPES Konstantinos,GR,,2.0,https://www.procyclingstats.com/rider/konstantinos-berdempes
2014,BAVEC Timotej,SI,KK Ribno Alpine Resort Bled,2.0,https://www.procyclingstats.com/rider/timotej-bavec
2015,GIRMAY Mewael,ER,Wanty - Nippo - ReUz,2.0,https://www.procyclingstats.com/rider/meweal-girmay
2016,BÁRÐARSON Þorsteinn,IS,,2.0,https://www.procyclingstats.com/rider/thorsteinn-bardarson
2017,MAULIDAN Muhammad,ID,,2.0,https://www.procyclingstats.com/rider/muhammad-maulidan
2018,JANG Kyung-Gu,KR,Geumsan Insam Cello,2.0,https://www.procyclingstats.com/rider/kyung-gu-jang
2019,POPOV Martin,BG,,2.0,https://www.procyclingstats.com/rider/martin-popov
2020,AL REJJAL Mohammad,JO,,2.0,https://www.procyclingstats.com/rider/mohammad-al-rejjal
2021,MARENZI Lorenzo,HR,Club Ciclista Vigués,2.0,https://www.procyclingstats.com/rider/lorenzo-marenzi
2022,NIYONSABA David,RW,,2.0,https://www.procyclingstats.com/rider/david-niyonsaba
2023,RIAHI Anes,DZ,Madar Pro Cycling Team,2.0,https://www.procyclingstats.com/rider/anes-riahi
2024,MUGALU Shafik,UG,Java - Inovotec Pro Team,2.0,https://www.procyclingstats.com/rider/shafik-mugalu
2025,MOTSA Thabiso,SZ,,2.0,https://www.procyclingstats.com/rider/thabiso-motsa
2026,ĆELIĆ Stanko,BA,,2.0,https://www.procyclingstats.com/rider/stanko-celic
2027,FRASER Caelan,ZA,,2.0,https://www.procyclingstats.com/rider/caelan-fraser
2028,TZORTZAKIS Polychronis,GR,Roojai Insurance,2.0,https://www.procyclingstats.com/rider/polychronis-tzortzakis
2029,TESTSOV Yevhen,UA,Velo Club Avezzano LineaOro Bike,2.0,https://www.procyclingstats.com/rider/yevhen-testsov
2030,BLAZEVIC Jonathan,HR,Istra Team,2.0,https://www.procyclingstats.com/rider/jonathan-blazevic
2031,TAMM Lauri,EE,CC Villeneuve Saint Germain,2.0,https://www.procyclingstats.com/rider/lauri-tamm
2032,NIYONKURU Samuel,RW,Team Amani,2.0,https://www.procyclingstats.com/rider/samuel-niyonkuru
2033,ADOMAITIS Rokas,LT,Urbano-Vulsteke-Bumaco Cycling Team,2.0,https://www.procyclingstats.com/rider/rokas-adomaitis
2034,MORALES Pedro Pablo,GT,Asociacion de Chimaltenango,2.0,https://www.procyclingstats.com/rider/pedro-pablo-morales
2035,MAKRAI Bálint,HU,MBH Bank Ballan CSB,2.0,https://www.procyclingstats.com/rider/balint-makrai
2036,KASULE Fred,UG,,2.0,https://www.procyclingstats.com/rider/fred-kasule
2037,SAVIĆ Živko,BA,,2.0,https://www.procyclingstats.com/rider/zivko-savic
2038,ALTANGEREL Davaajargal,MN,Chengdu DYC Cycling Team,2.0,https://www.procyclingstats.com/rider/davaajargal-altangerel
2039,MENVILAY Sonsoulisack,LA,,2.0,https://www.procyclingstats.com/rider/sonsoulisack-menvilay
2040,HADŽIABLAHOVIĆ Hasan,ME,,2.0,https://www.procyclingstats.com/rider/hasan-hadziablahovic
2041,BURU Temesgen,ET,,2.0,https://www.procyclingstats.com/rider/temesgen-buru
2042,VANCHEVSKI Viktor,MK,Cyklotym Havířov - Tirana,2.0,https://www.procyclingstats.com/rider/viktor-vanchevski
2043,MONTEIRO DIAS Gilberto,CV,,2.0,https://www.procyclingstats.com/rider/gilberto-monteiro-dias
2044,DE LOS SANTOS GUZMAN Hector,DO,Fenix,2.0,https://www.procyclingstats.com/rider/hector-de-los-santos-guzman
2045,HURTADO Josué Oswaldo,SV,,2.0,https://www.procyclingstats.com/rider/josue-hurtado
2046,VÁZQUEZ Óscar A.,PR,,2.0,https://www.procyclingstats.com/rider/oscar-a.-vazquez
2047,PAVLIDES Konstantinos,CY,Novapor Theseus SportsClub,2.0,https://www.procyclingstats.com/rider/konstantinos-pavlides
2048,GEORGE Kirtson,TT,,2.0,https://www.procyclingstats.com/rider/kirtson-george
2049,MAULANA Astnan,ID,Nusantara - BYC,2.0,https://www.procyclingstats.com/rider/astnan-maulana
2050,CODD Shawn,BZ,,2.0,https://www.procyclingstats.com/rider/shawn-codd
2051,MORGAN Carl,KY,,2.0,https://www.procyclingstats.com/rider/carl-morgan
2052,BONNICI Mark,MT,,2.0,https://www.procyclingstats.com/rider/mark-bonnici
2053,BITTMAN Adam,CZ,Elkov - Kasper,2.0,https://www.procyclingstats.com/rider/adam-bittman
2054,MACEDO Paulo Raphael Cliver,BR,,2.0,https://www.procyclingstats.com/rider/paulo-raphael-cliver-macedo
2055,NORVIN Andrey,KG,,2.0,https://www.procyclingstats.com/rider/andrey-norvin
2056,BAILEY Barrington,JM,Elevation Cycling Club,2.0,https://www.procyclingstats.com/rider/barrington-bailey
2057,VILA Emiliano,GR,ASPTT Nancy,2.0,https://www.procyclingstats.com/rider/emiliano-vila
2058,SESSLER Nícolas,BR,Victoria Sports Pro Cycling,2.0,https://www.procyclingstats.com/rider/nicolas-sessler
2059,MESSNER Martin,AT,WSA KTM Graz,2.0,https://www.procyclingstats.com/rider/martin-messner
2060,IRIBE Shotaro,JP,Shimano Racing,2.0,https://www.procyclingstats.com/rider/shotaro-iribe
2061,KUDUS Merhawi,ER,Burgos Burpellet BH,2.0,https://www.procyclingstats.com/rider/merhawi-kudus
2062,HUITING Eskil,NL,Metec - SOLARWATT p/b Mantel,2.0,https://www.procyclingstats.com/rider/eskil-huiting
2063,GHAVAMI Ramyar,IR,Vride,2.0,https://www.procyclingstats.com/rider/ramyar-ghavami
2064,GLADEK Marcel,SI,Factor Racing,2.0,https://www.procyclingstats.com/rider/marcel-gladek
2065,ROBERTS Reef,NZ,Equipe continentale Groupama-FDJ,2.0,https://www.procyclingstats.com/rider/reef-roberts
2066,GUAY Mathis,FR,AVC Aix Provence Dole,2.0,https://www.procyclingstats.com/rider/mathis-guay
2067,GRIECO Lucas,FR,AVC Aix Provence Dole,2.0,https://www.procyclingstats.com/rider/lucas-grieco
2068,LE CUNFF Kévin,FR,Team Madras Capesterre Belle-Eau,2.0,https://www.procyclingstats.com/rider/kevin-le-cunff
2069,LE NY Benjamin,FR,Team Cama CCD,2.0,https://www.procyclingstats.com/rider/benjamin-le-ny
2070,GERAN Ronald,FR,Team Cama CCD,2.0,https://www.procyclingstats.com/rider/ronald-geran
2071,ARAMAYO Jose Manuel,BO,Pío Rico Cycling Team,2.0,https://www.procyclingstats.com/rider/jose-manuel-aramayo-villena
2072,MARCHUK Dzianis,BY,Shenzhen Kung Cycling Team,2.0,https://www.procyclingstats.com/rider/dzianis-marchuk
2073,WĄSOWICZ Kajetan,PL,Mostostal Puławy,2.0,https://www.procyclingstats.com/rider/kajetan-wasowicz
2074,ZAPATA Mauricio,CO,GW Erco Shimano,2.0,https://www.procyclingstats.com/rider/mauricio-zapata
2075,WEMMERS Thijs,NL,GRC Jan van Arckel,2.0,https://www.procyclingstats.com/rider/thijs-wemmers
2076,MAŚLAK Piotr,PL,Voster ATS Team,2.0,https://www.procyclingstats.com/rider/piotr-maslak
2077,SKIVILD Robin Juel,DK,STARK - Peter Ellegaard Track Team powered by SANA,2.0,https://www.procyclingstats.com/rider/robin-juel-skivild
2078,JIMENEZ Neftali Josue,VE,,1.0,https://www.procyclingstats.com/rider/neftali-jimenez
2079,ROA Kevin,VE,,1.0,https://www.procyclingstats.com/rider/kevin-roa
2080,CHARROIS Leo,DE,Embrace The World,1.0,https://www.procyclingstats.com/rider/leo-charrois
2081,ROSERO Nixon Efrain,EC,Movistar Best PC,1.0,https://www.procyclingstats.com/rider/nixon-efrain-rosero
2082,HANGA Petrus,NA,,1.0,https://www.procyclingstats.com/rider/petrus-hanga
2083,OSIPOV Daniil,RU,CNC Cycling Team,1.0,https://www.procyclingstats.com/rider/daniil-osipov
2084,DE GRAEF Noah,BE,Team Flanders,1.0,https://www.procyclingstats.com/rider/noah-de-graef
2085,ZENG Yi Wei,TW,,1.0,https://www.procyclingstats.com/rider/yi-wei-zeng
2086,KAITA Simon,NA,,1.0,https://www.procyclingstats.com/rider/simon-kaita
2087,GABELLONI Matteo,IT,Team Technipes #inEmiliaRomagna,1.0,https://www.procyclingstats.com/rider/matteo-gabelloni
2088,ULLAH Sadiq,PK,,1.0,https://www.procyclingstats.com/rider/sadiq-ullah
2089,FAQEER Bilal,PK,,1.0,https://www.procyclingstats.com/rider/bilal-faqeer
2090,GORDGE Kieran,ZA,Óbidos Cycling Team,1.0,https://www.procyclingstats.com/rider/kieran-gordge
2091,ORANZA Ronald,PH,Standard Insurance PHI,1.0,https://www.procyclingstats.com/rider/ronald-oranza
2092,KUBROM Awet,ER,As.Be.Co Cycling Club,1.0,https://www.procyclingstats.com/rider/awet-kubrom
2093,STORM Theodor,DK,Team Lotto Kern-Haus PSD Bank,1.0,https://www.procyclingstats.com/rider/theodor-storm
2094,TANFIELD Harry,GB,Ribble Outliers,1.0,https://www.procyclingstats.com/rider/harry-tanfield
2095,BICKMORE Cade,US,Project Echelon Racing,1.0,https://www.procyclingstats.com/rider/cade-bickmore
2096,AVANCINI Henrique da Silva,BR,Factor Racing,1.0,https://www.procyclingstats.com/rider/henrique-da-silva-avancini
2097,BESSEGA Gabriele,IT,Biesse - Carrera - Premac,1.0,https://www.procyclingstats.com/rider/gabriele-bessega
2098,OKAMOTO Hayato,JP,Aisan Racing Team,1.0,https://www.procyclingstats.com/rider/hayato-okamoto
2099,KUROEDA Shiki,JP,Sparkle Oita Racing Team,1.0,https://www.procyclingstats.com/rider/shiki-kuroeda
2100,MALTSEV Daniil,RU,,1.0,https://www.procyclingstats.com/rider/daniil-maltsev
2101,OBHOLZER Theodor,GB,Óbidos Cycling Team,1.0,https://www.procyclingstats.com/rider/theodor-obholzer
2102,BAK Simon,DK,BIKE AID,1.0,https://www.procyclingstats.com/rider/simon-bak
2103,CHANDI Edwin,EC,,1.0,https://www.procyclingstats.com/rider/edwin-chandi-chafuelan
2104,MIYAZAKI Taishi,JP,Kinan Racing Team,1.0,https://www.procyclingstats.com/rider/taishi-miyazaki
2105,DISSEL Bram,NL,BEAT Cycling Club,1.0,https://www.procyclingstats.com/rider/bram-dissel
2106,LOPEZ Bryant Rafael,NI,,1.0,https://www.procyclingstats.com/rider/bryant-rafael-lopez
2107,STRAH Alex Antonio,PA,,1.0,https://www.procyclingstats.com/rider/alex-strah
2108,MALDONADO Carlos Mauri,HN,,1.0,https://www.procyclingstats.com/rider/carlos-maldonado
2109,TAGLIANI Filippo,IT,Monzon - Incolor - Gub,1.0,https://www.procyclingstats.com/rider/filippo-tagliani
2110,HABERT Axel,FR,Team Atria - Montluçon Cyclisme,1.0,https://www.procyclingstats.com/rider/axel-habert
2111,ALZAABI Ismael Humaid,AE,,1.0,https://www.procyclingstats.com/rider/ismael-humaid-alzaabi
2112,CÁRDENAS Vicente,CL,,1.0,https://www.procyclingstats.com/rider/vicente-cardenas-vasquez
2113,ABT Cedric,DE,Team Lotto Kern-Haus PSD Bank,1.0,https://www.procyclingstats.com/rider/cedric-abt
2114,LEALI Stefano,IT,ASD GC Sissio Team,1.0,https://www.procyclingstats.com/rider/stefano-leali
2115,TRUEBA Sergio,ES,Illes Balears Arabay,1.0,https://www.procyclingstats.com/rider/sergio-trueba-cagigas
2116,HUE Antoine,FR,CIC - U - Nantes,1.0,https://www.procyclingstats.com/rider/antoine-hue
2117,OMRAN Abdelrahman,EG,,1.0,https://www.procyclingstats.com/rider/abdelrahman-omran
2118,ARNOPOL Richard,US,Project Echelon Racing,1.0,https://www.procyclingstats.com/rider/richard-arnopol
2119,OIOLI Manuel,IT,MBH Bank Ballan CSB,1.0,https://www.procyclingstats.com/rider/manuel-oioli
2120,NAVARRETE Maximiliano Ezequiel,AR,,1.0,https://www.procyclingstats.com/rider/maximiliano-ezequiel-navarrete
2121,THÉOT Killian,FR,Van Rysel Roubaix,1.0,https://www.procyclingstats.com/rider/killian-theot
2122,DOCKX Gilles,BE,Wanty - Nippo - ReUz,1.0,https://www.procyclingstats.com/rider/gilles-dockx
2123,PASQUIER Jean,FR,Team Born'Heures,1.0,https://www.procyclingstats.com/rider/jean-pasquier
2124,DIAMOUTENE Tiemoko,ML,,1.0,https://www.procyclingstats.com/rider/tiemoko-diamoutene
2125,VANGSØ NIELSEN Thor,DK,Team Aalborg - Sparekassen Danmark,1.0,https://www.procyclingstats.com/rider/thor-vangso-nielsen
2126,DECAR Jacob Thomas,CL,STAMINA Racing,1.0,https://www.procyclingstats.com/rider/jacob-thomas-decar
2127,HASHIKAWA Jo,JP,Aisan Racing Team,1.0,https://www.procyclingstats.com/rider/jo-hashikawa
2128,TROELSEN Tore,DK,Team ColoQuick,1.0,https://www.procyclingstats.com/rider/tore-troelsen
2129,REX Tim,BE,Team Visma | Lease a Bike Development,1.0,https://www.procyclingstats.com/rider/tim-rex
2130,DE VYLDER Lindsay,BE,Team Flanders - Baloise,1.0,https://www.procyclingstats.com/rider/lindsay-de-vylder
2131,BIONDANI Riccardo,IT,General Store - Essegibi - F.Lli Curia,1.0,https://www.procyclingstats.com/rider/riccardo-biondani
2132,HUPPERTZ Joshua,DE,Team Lotto Kern-Haus PSD Bank,1.0,https://www.procyclingstats.com/rider/joshua-huppertz
2133,URBINA Alexander,PE,,1.0,https://www.procyclingstats.com/rider/alexander-urbina
2134,DRIESEN Niels,BE,Lotto Development Team,1.0,https://www.procyclingstats.com/rider/niels-driesen
2135,LEIDERT Louis,DE,Lidl - Trek Future Racing,1.0,https://www.procyclingstats.com/rider/louis-leidert
2136,BICELLI Michele,IT,Biesse - Carrera - Premac,1.0,https://www.procyclingstats.com/rider/michele-bicelli1
2137,CORREA Pablo,PY,,1.0,https://www.procyclingstats.com/rider/pablo-correa
2138,SANCHEZ Clément,FR,Vendée U Pays de la Loire,1.0,https://www.procyclingstats.com/rider/clement-sanchez
2139,SEKSE Jørgen,NO,CC Étupes,1.0,https://www.procyclingstats.com/rider/jorgen-sekse
2140,MORRIS Richard,US,Team California,1.0,https://www.procyclingstats.com/rider/richard-morris
2141,ČERNE Gregor Matija,SI,CCN Metalac,1.0,https://www.procyclingstats.com/rider/gregor-matija-cerne
2142,JACOBS Mees,NL,Wielerploeg Groot Amsterdam,1.0,https://www.procyclingstats.com/rider/mees-jacobs
2143,VAN KESSEL Corné,NL,Deschacht - Hens - FSP,1.0,https://www.procyclingstats.com/rider/corne-van-kessel
2144,MELLBY Joel,SE,Mölndals CK,1.0,https://www.procyclingstats.com/rider/joel-mellby
2145,MOHAMMED Abdulwahhab,IQ,,1.0,https://www.procyclingstats.com/rider/abdulwahhab-mohammed
2146,DAUMAS Rémi,FR,Equipe continentale Groupama-FDJ,1.0,https://www.procyclingstats.com/rider/remi-daumas
2147,MARTINSEN Toralf Rydningen,NO,Lillehammer CK Continental Team,1.0,https://www.procyclingstats.com/rider/toralf-rydningen-martinsen
2148,STIEGER Adrian,AT,Cycling Team Schwingshandl,1.0,https://www.procyclingstats.com/rider/adrian-stieger
2149,NOOR ROSEIDI Ariff Danial,MY,Malaysia Pro Cycling,1.0,https://www.procyclingstats.com/rider/ariff-danial-noor-roseidi
2150,NAKKEN Tobias Risan,NO,,1.0,https://www.procyclingstats.com/rider/tobias-risan-nakken
2151,VAN WEELE Jannes,NL,,1.0,https://www.procyclingstats.com/rider/jannes-van-weele
2152,KJELDSAND Karl Emil,NO,Asker CK,1.0,https://www.procyclingstats.com/rider/karl-emil-kjeldsand
2153,KUSABA Keigo,JP,Aisan Racing Team,1.0,https://www.procyclingstats.com/rider/keigo-kusaba
2154,ESKEDAL Vetle Torin,NO,Sandnes Sykleklubb,1.0,https://www.procyclingstats.com/rider/vetle-torin-eskedal
2155,BRINKMAN David,NL,Global Cycling Team,1.0,https://www.procyclingstats.com/rider/david-brinkman
2156,ANDE Kouadio Emmanuel Adebayor,CI,,1.0,https://www.procyclingstats.com/rider/kouadio-emmanuel-adebayor-ande
2157,GERVAIS Laurent,CA,Project Echelon Racing,1.0,https://www.procyclingstats.com/rider/laurent-gervais
2158,PUHAKKA Juuso,FI,,1.0,https://www.procyclingstats.com/rider/juuso-puhakka
2159,PONTES Bairon,CU,,1.0,https://www.procyclingstats.com/rider/bairon-pontes
2160,BOZZOLA Mirko,IT,S.C. Padovani Polo Cherry Bank,1.0,https://www.procyclingstats.com/rider/mirko-bozzola
2161,REXHA Betim,XK,,1.0,https://www.procyclingstats.com/rider/betim-rexha
2162,RINGER Daniel,BM,,1.0,https://www.procyclingstats.com/rider/daniel-ringer
2163,ARON Victor-Alexandru,RO,Monzon - Incolor - Gub,1.0,https://www.procyclingstats.com/rider/victor-alexandru-aron
2164,RAJOVIC Pavle,RS,CCN Metalac,1.0,https://www.procyclingstats.com/rider/pavle-rajovic
2165,NG Wing Chung,HK,,1.0,https://www.procyclingstats.com/rider/wing-chung-ng
2166,AIRUDIN Muhammad Raihan Bin Mohd,SG,,1.0,https://www.procyclingstats.com/rider/muhammad-raihan-bin-mohd-airudin1
2167,MAROT Jérémy,MU,,1.0,https://www.procyclingstats.com/rider/jeremy-marot
2168,MAGOSAKI Daiki,JP,Victoire Hiroshima,1.0,https://www.procyclingstats.com/rider/daiki-magosaki
2169,ORTIZ Orlando,PR,,1.0,https://www.procyclingstats.com/rider/orlando-ortiz
2170,HO Kai Fong,MO,,1.0,https://www.procyclingstats.com/rider/kai-fong-ho
2171,FABBRO Matteo,IT,Team Solution Tech - Vini Fantini,1.0,https://www.procyclingstats.com/rider/matteo-fabbro
2172,HARKINS Ģirts,LV,Energus Cycling Team,1.0,https://www.procyclingstats.com/rider/girts-harkins
2173,ZHENG Zhang,CN,,1.0,https://www.procyclingstats.com/rider/zhang-zheng3
2174,NIU Gaoshang,CN,Bodywrap LTwoo Cycling Team,1.0,https://www.procyclingstats.com/rider/gaoshang-niu
2175,NEMATOV Abdurahmon,UZ,OU7 Cycling Team,1.0,https://www.procyclingstats.com/rider/abdurahmon-nematov
2176,KIM Sunjae,KR,Korea Business Cycling,1.0,https://www.procyclingstats.com/rider/sunjae-kim
2177,LESWI Mohammad,JO,,1.0,https://www.procyclingstats.com/rider/mohammad-leswi
2178,SAHIRI Ali Zakaria,DZ,,1.0,https://www.procyclingstats.com/rider/ali-zakaria-sahiri
2179,AKPINAR Ahmet,TR,Konya Büyükşehir Belediye Spor,1.0,https://www.procyclingstats.com/rider/ahmet-akpinar
2180,MAVUSO Nkosingiphile,SZ,,1.0,https://www.procyclingstats.com/rider/nkosingiphile-mavuso
2181,KIRIAKIDIS Ioannis,GR,,1.0,https://www.procyclingstats.com/rider/ioannis-kiriakidis
2182,BLUM Elia,CH,Elite Fondations Cycling Team,1.0,https://www.procyclingstats.com/rider/elia-blum
2183,SILVA Bruno,PT,Tavfer-Ovos Matinados-Mortágua,1.0,https://www.procyclingstats.com/rider/bruno-duarte-ferreira-silva
2184,ROVDER Pavol,SK,Pierre Baguette Cycling,1.0,https://www.procyclingstats.com/rider/pavol-rovder
2185,PIDHAINYI Andrii,UA,Ukraine Cycling Team,1.0,https://www.procyclingstats.com/rider/andrii-pidhainyi
2186,LEGOVIĆ Martin,HR,Istra Team,1.0,https://www.procyclingstats.com/rider/martin-legovic
2187,VINDECS Agris,LV,,1.0,https://www.procyclingstats.com/rider/agris-vindecs
2188,RAGILO Frank Aron,EE,Atom 6 Bikes - Decca Continental Team,1.0,https://www.procyclingstats.com/rider/frank-aron-ragilo
2189,LYCHOU Viktor,SE,Lucky Sport Cycling Team,1.0,https://www.procyclingstats.com/rider/viktor-lychou
2190,JANUŠKEVIČIUS Mantas,LT,Energus Cycling Team,1.0,https://www.procyclingstats.com/rider/mantas-januskevicius
2191,MORALES Esdras,GT,Eca Electricidad Ciclismo,1.0,https://www.procyclingstats.com/rider/esdras-morales
2192,GRÓSZ Gergő,HU,Epronex - Hungary Cycling Team,1.0,https://www.procyclingstats.com/rider/gergo-grosz
2193,AZIZI Sempijja,UG,,1.0,https://www.procyclingstats.com/rider/sempijja-azizi
2194,PODŽIĆ Mujo,BA,,1.0,https://www.procyclingstats.com/rider/mujo-podzic
2195,DYANKOV Nikolay,BG,Hemus Troyan,1.0,https://www.procyclingstats.com/rider/nikolay-dyankov
2196,LUKOVIĆ Danilo,ME,,1.0,https://www.procyclingstats.com/rider/danilo-lukovic
2197,GIDEY Hailemichael Amanuel,ET,,1.0,https://www.procyclingstats.com/rider/amanuel-giday
2198,TRAJKOSKI Petar,MK,,1.0,https://www.procyclingstats.com/rider/petar-trajkoski
2199,DE JESÚS Juan Carlos,DO,Asocipe - Moca,1.0,https://www.procyclingstats.com/rider/juan-carlos-de-jesus
2200,MARTÍNEZ Salvador,SV,,1.0,https://www.procyclingstats.com/rider/salvador-martinez
2201,KASAPIS Andreas,CY,,1.0,https://www.procyclingstats.com/rider/andreas-kasapis
2202,OZUNA Marcos,AG,,1.0,https://www.procyclingstats.com/rider/marcos-ozuna
2203,COSTA Guy,TT,,1.0,https://www.procyclingstats.com/rider/guy-costa1
2204,RAMADHAN Ilham Dzikri,ID,Nusantara - BYC,1.0,https://www.procyclingstats.com/rider/ilham-dzikri-ramadhan
2205,STEWART Robert Liam,BZ,,1.0,https://www.procyclingstats.com/rider/robert-liam-stewart
2206,CONNOLLY Kevin,KY,,1.0,https://www.procyclingstats.com/rider/kevin-connolly
2207,DONOVAN Shane,AU,,1.0,https://www.procyclingstats.com/rider/shane-donovan
2208,PORTELLI Matthew,MT,,1.0,https://www.procyclingstats.com/rider/matthew-portelli
2209,DA SILVA SANTOS Vinicius,BR,Technosylva Maglia Bembibre,1.0,https://www.procyclingstats.com/rider/vinicius-da-silva-santos
2210,HOPPEZAK Vincent,NL,Parkhotel Valkenburg,1.0,https://www.procyclingstats.com/rider/vincent-hoppezak
2211,MUDGWAY Luke,NZ,Li Ning Star,1.0,https://www.procyclingstats.com/rider/luke-mudgway
2212,SCHULTZ Elliot,AU,Victoire Hiroshima,1.0,https://www.procyclingstats.com/rider/elliot-schultz
2213,CARSTENSEN Magnus,DK,EF Education - Aevolo,1.0,https://www.procyclingstats.com/rider/magnus-carstensen
2214,BONALDO Antonio,IT,S.C. Padovani Polo Cherry Bank,1.0,https://www.procyclingstats.com/rider/antonio-bonaldo
2215,MAJEWSKI Kacper,PL,Monogo Lubelskie Perła Polski,1.0,https://www.procyclingstats.com/rider/kacper-majewski
2216,DEN BRABER Simon,NL,Volharding Cycling Team,1.0,https://www.procyclingstats.com/rider/simon-den-braber
2217,KNUDSEN Oliver,DK,Swatt Club,1.0,https://www.procyclingstats.com/rider/oliver-knudsen
2218,PALMISTE Philgy Marc,FR,Convergence SC Abymienne Propreté 2000,1.0,https://www.procyclingstats.com/rider/philgy-marc-palmiste
2219,SCHANDORFF IWERSEN Emil,DK,BHS - PL Beton Bornholm,1.0,https://www.procyclingstats.com/rider/emil-schandorff-iwersen
2220,WARD Jack,AU,Lidl - Trek Future Racing,1.0,https://www.procyclingstats.com/rider/jack-ward
2221,THÉOT Hugo,FR,Paris Cycliste Olympique,1.0,https://www.procyclingstats.com/rider/hugo-theot
2222,CLAVIER Kendric,FR,Team Cama CCD,1.0,https://www.procyclingstats.com/rider/kendric-clavier
2223,LAGRAVE Dorian,FR,Vendée U Pays de la Loire,1.0,https://www.procyclingstats.com/rider/dorian-lagrave
2224,CADET Sonny,FR,,1.0,https://www.procyclingstats.com/rider/sonny-cadet
2225,ALARCÓN Julian David,CO,,1.0,https://www.procyclingstats.com/rider/julian-david-alarcon
2226,CARESMEL Alexis,FR,Team Madras Capesterre Belle-Eau,1.0,https://www.procyclingstats.com/rider/alexis-caresmel
2227,OWSIAN Łukasz,PL,Mazowsze Serce Polski,1.0,https://www.procyclingstats.com/rider/lukasz-owsian
2228,TEESE Ronan,AU,Giant Cycling Team,1.0,https://www.procyclingstats.com/rider/ronan-teese
2229,MARTINGIL César,PT,Tavfer-Ovos Matinados-Mortágua,1.0,https://www.procyclingstats.com/rider/cesar-martingil
