rank,name,nationality,team,points,rider_url
1,POGAČAR Tadej,SI,UAE Team Emirates - XRG,2300.0,https://www.procyclingstats.com/rider/tadej-pogacar
2,ALMEIDA João,PT,UAE Team Emirates - XRG,1634.0,https://www.procyclingstats.com/rider/joao-almeida
3,PEDERSEN Mads,DK,Lidl - Trek,1632.0,https://www.procyclingstats.com/rider/mads-pedersen
4,VAN DER POEL Mathieu,NL,Alpecin - Deceuninck,1113.0,https://www.procyclingstats.com/rider/mathieu-van-der-poel
5,PIDCOCK Thomas,GB,Q36.5 Pro Cycling Team,1042.0,https://www.procyclingstats.com/rider/thomas-pidcock
6,AYUSO Juan,ES,UAE Team Emirates - XRG,989.0,https://www.procyclingstats.com/rider/juan-ayuso-pesquera
7,DEL TORO Isaac,MX,UAE Team Emirates - XRG,986.0,https://www.procyclingstats.com/rider/isaac-del-toro
8,VAUQUELIN Kévin,FR,Arkéa - B&B Hotels,939.0,https://www.procyclingstats.com/rider/kevin-vauquelin
9,ONLEY Oscar,GB,Team Picnic PostNL,880.0,https://www.procyclingstats.com/rider/oscar-onley
10,VAN AERT Wout,BE,Team Visma | Lease a Bike,859.0,https://www.procyclingstats.com/rider/wout-van-aert
11,MERLIER Tim,BE,Soudal Quick-Step,799.0,https://www.procyclingstats.com/rider/tim-merlier
12,GANNA Filippo,IT,INEOS Grenadiers,788.0,https://www.procyclingstats.com/rider/filippo-ganna
13,MARTINEZ Lenny,FR,Bahrain - Victorious,753.0,https://www.procyclingstats.com/rider/lenny-martinez
14,GEE Derek,CA,Israel - Premier Tech,731.0,https://www.procyclingstats.com/rider/derek-gee
15,EVENEPOEL Remco,BE,Soudal Quick-Step,728.0,https://www.procyclingstats.com/rider/remco-evenepoel
16,CICCONE Giulio,IT,Lidl - Trek,720.0,https://www.procyclingstats.com/rider/giulio-ciccone
17,BRENNAN Matthew,GB,Team Visma | Lease a Bike,716.0,https://www.procyclingstats.com/rider/matthew-brennan
18,SCARONI Christian,IT,XDS Astana Team,701.0,https://www.procyclingstats.com/rider/christian-scaroni
19,MILAN Jonathan,IT,Lidl - Trek,694.0,https://www.procyclingstats.com/rider/jonathan-milan
20,MAGNIER Paul,FR,Soudal Quick-Step,691.0,https://www.procyclingstats.com/rider/paul-magnier
21,STORER Michael,AU,Tudor Pro Cycling Team,687.0,https://www.procyclingstats.com/rider/michael-storer
22,POWLESS Neilson,US,EF Education - EasyPost,650.0,https://www.procyclingstats.com/rider/neilson-powless
23,YATES Simon,GB,Team Visma | Lease a Bike,636.0,https://www.procyclingstats.com/rider/simon-yates
24,JORGENSON Matteo,US,Team Visma | Lease a Bike,633.0,https://www.procyclingstats.com/rider/matteo-jorgenson
25,FORTUNATO Lorenzo,IT,XDS Astana Team,624.0,https://www.procyclingstats.com/rider/lorenzo-fortunato
26,LIPOWITZ Florian,DE,Red Bull - BORA - hansgrohe,616.0,https://www.procyclingstats.com/rider/florian-lipowitz
27,MAS Enric,ES,Movistar Team,613.0,https://www.procyclingstats.com/rider/enric-mas
28,CARAPAZ Richard,EC,EF Education - EasyPost,612.0,https://www.procyclingstats.com/rider/richard-carapaz
29,KOOIJ Olav,NL,Team Visma | Lease a Bike,607.0,https://www.procyclingstats.com/rider/olav-kooij
30,PHILIPSEN Jasper,BE,Alpecin - Deceuninck,606.0,https://www.procyclingstats.com/rider/jasper-philipsen
31,GRÉGOIRE Romain,FR,Groupama - FDJ,598.0,https://www.procyclingstats.com/rider/romain-gregoire1
32,SKJELMOSE Mattias,DK,Lidl - Trek,590.0,https://www.procyclingstats.com/rider/mattias-skjelmose-jensen
33,VINGEGAARD Jonas,DK,Team Visma | Lease a Bike,573.0,https://www.procyclingstats.com/rider/jonas-vingegaard
34,ANDRESEN Tobias Lund,DK,Team Picnic PostNL,567.0,https://www.procyclingstats.com/rider/tobias-lund-andresen
35,CHAMPOUSSIN Clément,FR,XDS Astana Team,564.0,https://www.procyclingstats.com/rider/clement-champoussin
36,MATTHEWS Michael,AU,Team Jayco AlUla,558.0,https://www.procyclingstats.com/rider/michael-matthews
37,LÓPEZ Harold Martín,EC,XDS Astana Team,537.0,https://www.procyclingstats.com/rider/harold-martin-lopez
38,GATE Aaron,NZ,XDS Astana Team,534.0,https://www.procyclingstats.com/rider/aaron-gate
39,ROGLIČ Primož,SI,Red Bull - BORA - hansgrohe,533.0,https://www.procyclingstats.com/rider/primoz-roglic
40,BILBAO Pello,ES,Bahrain - Victorious,524.0,https://www.procyclingstats.com/rider/pello-bilbao
41,FRETIN Milan,BE,Cofidis,522.0,https://www.procyclingstats.com/rider/milan-fretin
42,SHEFFIELD Magnus,US,INEOS Grenadiers,505.0,https://www.procyclingstats.com/rider/magnus-sheffield
43,BUITRAGO Santiago,CO,Bahrain - Victorious,501.0,https://www.procyclingstats.com/rider/santiago-buitrago-sanchez
44,ASKEY Lewis,GB,Groupama - FDJ,496.0,https://www.procyclingstats.com/rider/lewis-askey
45,WATSON Samuel,GB,INEOS Grenadiers,470.0,https://www.procyclingstats.com/rider/samuel-watson
46,MORGADO António,PT,UAE Team Emirates - XRG,470.0,https://www.procyclingstats.com/rider/antonio-morgado
47,ARANBURU Alex,ES,Cofidis,469.0,https://www.procyclingstats.com/rider/alex-aranburu
48,MARTIN Guillaume,FR,Groupama - FDJ,469.0,https://www.procyclingstats.com/rider/guillaume-martin
49,GIRMAY Biniam,ER,Intermarché - Wanty,468.0,https://www.procyclingstats.com/rider/biniam-girmay
50,PRODHOMME Nicolas,FR,Decathlon AG2R La Mondiale Team,464.0,https://www.procyclingstats.com/rider/nicolas-prodhomme
51,JEANNIÈRE Emilien,FR,Team TotalEnergies,463.0,https://www.procyclingstats.com/rider/emilien-jeanniere
52,ROMO Javier,ES,Movistar Team,460.0,https://www.procyclingstats.com/rider/javier-romo
53,CORT Magnus,DK,Uno-X Mobility,457.0,https://www.procyclingstats.com/rider/magnus-cort-nielsen
54,HEALY Ben,IE,EF Education - EasyPost,457.0,https://www.procyclingstats.com/rider/ben-healy
55,VINE Jay,AU,UAE Team Emirates - XRG,454.0,https://www.procyclingstats.com/rider/jay-vine
56,SCHMID Mauro,CH,Team Jayco AlUla,454.0,https://www.procyclingstats.com/rider/mauro-schmid
57,VELASCO Simone,IT,XDS Astana Team,454.0,https://www.procyclingstats.com/rider/simone-velasco
58,ARENSMAN Thymen,NL,INEOS Grenadiers,454.0,https://www.procyclingstats.com/rider/thymen-arensman
59,TULETT Ben,GB,Team Visma | Lease a Bike,448.0,https://www.procyclingstats.com/rider/ben-tulett
60,MEEUS Jordi,BE,Red Bull - BORA - hansgrohe,432.0,https://www.procyclingstats.com/rider/jordi-meeus
61,FISHER-BLACK Finn,NZ,Red Bull - BORA - hansgrohe,424.0,https://www.procyclingstats.com/rider/finn-fisher-black
62,MOSCHETTI Matteo,IT,Q36.5 Pro Cycling Team,421.0,https://www.procyclingstats.com/rider/matteo-moschetti
63,YATES Adam,GB,UAE Team Emirates - XRG,419.0,https://www.procyclingstats.com/rider/adam-yates
64,GALL Felix,AT,Decathlon AG2R La Mondiale Team,413.0,https://www.procyclingstats.com/rider/felix-gall
65,PIGANZOLI Davide,IT,Team Polti VisitMalta,412.0,https://www.procyclingstats.com/rider/davide-piganzoli
66,MCNULTY Brandon,US,UAE Team Emirates - XRG,407.0,https://www.procyclingstats.com/rider/brandon-mcnulty
67,BERNAL Egan,CO,INEOS Grenadiers,405.0,https://www.procyclingstats.com/rider/egan-bernal
68,KANTER Max,DE,XDS Astana Team,403.0,https://www.procyclingstats.com/rider/max-kanter
69,SCHACHMANN Maximilian,DE,Soudal Quick-Step,397.0,https://www.procyclingstats.com/rider/maximilian-schachmann
70,NARVÁEZ Jhonatan,EC,UAE Team Emirates - XRG,389.0,https://www.procyclingstats.com/rider/jhonatan-narvaez
71,GROVES Kaden,AU,Alpecin - Deceuninck,389.0,https://www.procyclingstats.com/rider/kaden-groves
72,DEL GROSSO Tibor,NL,Alpecin - Deceuninck,387.0,https://www.procyclingstats.com/rider/tibor-del-grosso
73,TRONCHON Bastien,FR,Decathlon AG2R La Mondiale Team,386.0,https://www.procyclingstats.com/rider/bastien-tronchon
74,MOLANO Juan Sebastián,CO,UAE Team Emirates - XRG,385.0,https://www.procyclingstats.com/rider/juan-sebastian-molano
75,RENARD Alexis,FR,Cofidis,378.0,https://www.procyclingstats.com/rider/alexis-renard
76,HOFSTETTER Hugo,FR,Israel - Premier Tech,375.0,https://www.procyclingstats.com/rider/hugo-hofstetter
77,NYS Thibau,BE,Lidl - Trek,374.0,https://www.procyclingstats.com/rider/thibau-nys
78,ULISSI Diego,IT,XDS Astana Team,370.0,https://www.procyclingstats.com/rider/diego-ulissi
79,BENOOT Tiesj,BE,Team Visma | Lease a Bike,370.0,https://www.procyclingstats.com/rider/tiesj-benoot
80,VAN WILDER Ilan,BE,Soudal Quick-Step,369.0,https://www.procyclingstats.com/rider/ilan-van-wilder
81,CHRISTEN Jan,CH,UAE Team Emirates - XRG,368.0,https://www.procyclingstats.com/rider/jan-christen
82,TIBERI Antonio,IT,Bahrain - Victorious,366.0,https://www.procyclingstats.com/rider/antonio-tiberi
83,ROMEO Iván,ES,Movistar Team,365.0,https://www.procyclingstats.com/rider/ivan-romeo
84,CARUSO Damiano,IT,Bahrain - Victorious,363.0,https://www.procyclingstats.com/rider/damiano-caruso
85,COVI Alessandro,IT,UAE Team Emirates - XRG,360.0,https://www.procyclingstats.com/rider/alessandro-covi
86,WÆRENSKJOLD Søren,NO,Uno-X Mobility,358.0,https://www.procyclingstats.com/rider/soren-waerenskjold
87,BAGIOLI Andrea,IT,Lidl - Trek,355.0,https://www.procyclingstats.com/rider/andrea-bagioli
88,VAN EETVELT Lennert,BE,Lotto,355.0,https://www.procyclingstats.com/rider/lennert-van-eetvelt
89,VAN DEN BERG Marijn,NL,EF Education - EasyPost,352.0,https://www.procyclingstats.com/rider/marijn-van-den-berg
90,VERMEERSCH Florian,BE,UAE Team Emirates - XRG,350.0,https://www.procyclingstats.com/rider/florian-vermeersch
91,CHRISTEN Fabio,CH,Q36.5 Pro Cycling Team,349.0,https://www.procyclingstats.com/rider/fabio-christen
92,COQUARD Bryan,FR,Cofidis,346.0,https://www.procyclingstats.com/rider/bryan-coquard
93,KUBIŠ Lukáš,SK,Unibet Tietema Rockets,344.0,https://www.procyclingstats.com/rider/lukas-kubis
94,BERTHET Clément,FR,Decathlon AG2R La Mondiale Team,339.0,https://www.procyclingstats.com/rider/clement-berthet
95,AULAR Orluis,VE,Movistar Team,334.0,https://www.procyclingstats.com/rider/orluis-aular
96,MENTEN Milan,BE,Lotto,333.0,https://www.procyclingstats.com/rider/milan-menten
97,TEUNISSEN Mike,NL,XDS Astana Team,332.0,https://www.procyclingstats.com/rider/mike-teunissen
98,HIRSCHI Marc,CH,Tudor Pro Cycling Team,332.0,https://www.procyclingstats.com/rider/marc-hirschi
99,GROENEWEGEN Dylan,NL,Team Jayco AlUla,326.0,https://www.procyclingstats.com/rider/dylan-groenewegen
100,BARRÉ Louis,FR,Intermarché - Wanty,326.0,https://www.procyclingstats.com/rider/louis-barre
101,JOHANNESSEN Tobias Halland,NO,Uno-X Mobility,323.0,https://www.procyclingstats.com/rider/tobias-halland-johannessen
102,LANDA Mikel,ES,Soudal Quick-Step,322.0,https://www.procyclingstats.com/rider/mikel-landa
103,GRUEL Thibaud,FR,Groupama - FDJ,321.0,https://www.procyclingstats.com/rider/thibaud-gruel
104,KRISTOFF Alexander,NO,Uno-X Mobility,318.0,https://www.procyclingstats.com/rider/alexander-kristoff
105,WELLENS Tim,BE,UAE Team Emirates - XRG,316.0,https://www.procyclingstats.com/rider/tim-wellens
106,GROßSCHARTNER Felix,AT,UAE Team Emirates - XRG,313.0,https://www.procyclingstats.com/rider/felix-grossschartner
107,RUBIO Einer,CO,Movistar Team,311.0,https://www.procyclingstats.com/rider/einer-rubio
108,O'CONNOR Ben,AU,Team Jayco AlUla,310.0,https://www.procyclingstats.com/rider/ben-o-connor
109,SILVA Guillermo Thomas,UY,Caja Rural - Seguros RGA,308.0,https://www.procyclingstats.com/rider/guillermo-thomas-silva-coussan
110,WRIGHT Fred,GB,Bahrain - Victorious,306.0,https://www.procyclingstats.com/rider/alfred-wright
111,POELS Wout,NL,XDS Astana Team,304.0,https://www.procyclingstats.com/rider/wout-poels
112,MULUBRHAN Henok,ER,XDS Astana Team,302.0,https://www.procyclingstats.com/rider/henok-mulubrhan
113,CASTRILLO Pablo,ES,Movistar Team,301.0,https://www.procyclingstats.com/rider/pablo-castrillo-zapater
114,PELLIZZARI Giulio,IT,Red Bull - BORA - hansgrohe,298.0,https://www.procyclingstats.com/rider/giulio-pellizzari
115,STRONG Corbin,NZ,Israel - Premier Tech,296.0,https://www.procyclingstats.com/rider/corbin-strong
116,DVERSNES Fredrik,NO,Uno-X Mobility,294.0,https://www.procyclingstats.com/rider/fredrik-dversnes
117,WELSFORD Sam,AU,Red Bull - BORA - hansgrohe,289.0,https://www.procyclingstats.com/rider/sam-welsford
118,BLIKRA Erlend,NO,Uno-X Mobility,289.0,https://www.procyclingstats.com/rider/erlend-blikra
119,TEJADA Harold,CO,XDS Astana Team,287.0,https://www.procyclingstats.com/rider/harold-tejada
120,DÉMARE Arnaud,FR,Arkéa - B&B Hotels,286.0,https://www.procyclingstats.com/rider/arnaud-demare
121,RODRÍGUEZ Cristián,ES,Arkéa - B&B Hotels,282.0,https://www.procyclingstats.com/rider/cristian-rodriguez
122,JOHANNESSEN Anders Halland,NO,Uno-X Mobility,282.0,https://www.procyclingstats.com/rider/anders-halland-johannessen
123,POOLE Max,GB,Team Picnic PostNL,281.0,https://www.procyclingstats.com/rider/max-poole
124,KULSET Johannes,NO,Uno-X Mobility,280.0,https://www.procyclingstats.com/rider/johannes-kulset
125,LECERF Junior,BE,Soudal Quick-Step,277.0,https://www.procyclingstats.com/rider/junior-lecerf
126,LAURANCE Axel,FR,INEOS Grenadiers,275.0,https://www.procyclingstats.com/rider/axel-laurance
127,FREDHEIM Stian,NO,Uno-X Mobility,274.0,https://www.procyclingstats.com/rider/stian-fredheim
128,REX Laurenz,BE,Intermarché - Wanty,274.0,https://www.procyclingstats.com/rider/laurenz-rex
129,RODRÍGUEZ Carlos,ES,INEOS Grenadiers,273.0,https://www.procyclingstats.com/rider/carlos-rodriguez-cano
130,COSNEFROY Benoît,FR,Decathlon AG2R La Mondiale Team,273.0,https://www.procyclingstats.com/rider/benoit-cosnefroy
131,PLAPP Luke,AU,Team Jayco AlUla,265.0,https://www.procyclingstats.com/rider/luke-plapp
132,SEIXAS Paul,FR,Decathlon AG2R La Mondiale Team,265.0,https://www.procyclingstats.com/rider/paul-seixas
133,HINDLEY Jai,AU,Red Bull - BORA - hansgrohe,264.0,https://www.procyclingstats.com/rider/jai-hindley
134,VAN POPPEL Danny,NL,Red Bull - BORA - hansgrohe,262.0,https://www.procyclingstats.com/rider/danny-van-poppel
135,BAUHAUS Phil,DE,Bahrain - Victorious,261.0,https://www.procyclingstats.com/rider/phil-bauhaus
136,BARRENETXEA Jon,ES,Movistar Team,261.0,https://www.procyclingstats.com/rider/jon-barrenetxea-golzarri
137,TARLING Joshua,GB,INEOS Grenadiers,260.0,https://www.procyclingstats.com/rider/joshua-tarling
138,HARPER Chris,AU,Team Jayco AlUla,259.0,https://www.procyclingstats.com/rider/chris-harper
139,PLUIMERS Rick,NL,Tudor Pro Cycling Team,258.0,https://www.procyclingstats.com/rider/rick-pluimers
140,PARET-PEINTRE Aurélien,FR,Decathlon AG2R La Mondiale Team,254.0,https://www.procyclingstats.com/rider/aurelien-paret-peintre
141,DE PLUS Laurens,BE,INEOS Grenadiers,254.0,https://www.procyclingstats.com/rider/laurens-de-plus
142,VENTURINI Clément,FR,Arkéa - B&B Hotels,253.0,https://www.procyclingstats.com/rider/clement-venturini
143,ZIMMERMANN Georg,DE,Intermarché - Wanty,249.0,https://www.procyclingstats.com/rider/georg-zimmermann
144,BARONCINI Filippo,IT,UAE Team Emirates - XRG,249.0,https://www.procyclingstats.com/rider/filippo-baroncini
145,CANAL Carlos,ES,Movistar Team,248.0,https://www.procyclingstats.com/rider/carlos-canal
146,JEGAT Jordan,FR,Team TotalEnergies,248.0,https://www.procyclingstats.com/rider/jordan-jegat
147,WITHEN PHILIPSEN Albert,DK,Lidl - Trek,246.0,https://www.procyclingstats.com/rider/albert-withen-philipsen
148,STORK Florian,DE,Tudor Pro Cycling Team,246.0,https://www.procyclingstats.com/rider/florian-stork
149,HAYTER Ethan,GB,Soudal Quick-Step,245.0,https://www.procyclingstats.com/rider/ethan-hayter
150,DÍAZ José Manuel,ES,Burgos Burpellet BH,241.0,https://www.procyclingstats.com/rider/jose-manuel-diaz-gallego
151,QUARTUCCI Lorenzo,IT,Team Solution Tech - Vini Fantini,239.0,https://www.procyclingstats.com/rider/lorenzo-quartucci
152,STUYVEN Jasper,BE,Lidl - Trek,239.0,https://www.procyclingstats.com/rider/jasper-stuyven
153,SALBY Alexander,DK,Li Ning Star,239.0,https://www.procyclingstats.com/rider/alexander-salby
154,VAN GILS Maxim,BE,Red Bull - BORA - hansgrohe,238.0,https://www.procyclingstats.com/rider/maxim-van-gils
155,GILMORE Brady,AU,Israel Premier Tech Academy,237.0,https://www.procyclingstats.com/rider/brady-gilmore
156,TSARENKO Kyrylo,UA,Team Solution Tech - Vini Fantini,237.0,https://www.procyclingstats.com/rider/kyrylo-tsarenko
157,ALAPHILIPPE Julian,FR,Tudor Pro Cycling Team,235.0,https://www.procyclingstats.com/rider/julian-alaphilippe
158,FEDOROV Yevgeniy,KZ,XDS Astana Team,233.0,https://www.procyclingstats.com/rider/yevgeniy-fedorov
159,GODON Dorian,FR,Decathlon AG2R La Mondiale Team,232.0,https://www.procyclingstats.com/rider/dorian-godon
160,BIERMANS Jenthe,BE,Arkéa - B&B Hotels,231.0,https://www.procyclingstats.com/rider/jenthe-biermans
161,SIVAKOV Pavel,FR,UAE Team Emirates - XRG,231.0,https://www.procyclingstats.com/rider/pavel-sivakov
162,LARSEN Niklas,DK,BHS - PL Beton Bornholm,231.0,https://www.procyclingstats.com/rider/niklas-larsen
163,FAGÚNDEZ Eric Antonio,UY,Burgos Burpellet BH,229.0,https://www.procyclingstats.com/rider/eric-antonio-fagundez
164,DE LA CRUZ David,ES,Q36.5 Pro Cycling Team,229.0,https://www.procyclingstats.com/rider/david-de-la-cruz
165,KÜNG Stefan,CH,Groupama - FDJ,229.0,https://www.procyclingstats.com/rider/stefan-kung
166,SOLER Marc,ES,UAE Team Emirates - XRG,228.0,https://www.procyclingstats.com/rider/marc-soler
167,BITTNER Pavel,CZ,Team Picnic PostNL,228.0,https://www.procyclingstats.com/rider/pavel-bittner
168,LONARDI Giovanni,IT,Team Polti VisitMalta,228.0,https://www.procyclingstats.com/rider/giovanni-lonardi
169,TEUTENBERG Tim Torn,DE,Lidl - Trek,227.0,https://www.procyclingstats.com/rider/tim-torn-teutenberg
170,HOELGAARD Markus,NO,Uno-X Mobility,226.0,https://www.procyclingstats.com/rider/markus-hoelgaard
171,KONRAD Patrick,AT,Lidl - Trek,225.0,https://www.procyclingstats.com/rider/patrick-konrad
172,DELETTRE Alexandre,FR,Team TotalEnergies,225.0,https://www.procyclingstats.com/rider/alexandre-delettre
173,BARDET Romain,FR,,224.0,https://www.procyclingstats.com/rider/romain-bardet
174,MALUCELLI Matteo,IT,XDS Astana Team,223.0,https://www.procyclingstats.com/rider/matteo-malucelli
175,DAINESE Alberto,IT,Tudor Pro Cycling Team,223.0,https://www.procyclingstats.com/rider/alberto-dainese
176,BARCELÓ Fernando,ES,Caja Rural - Seguros RGA,222.0,https://www.procyclingstats.com/rider/fernando-barcelo
177,MIHKELS Madis,EE,EF Education - EasyPost,221.0,https://www.procyclingstats.com/rider/madis-mihkels
178,LÓPEZ Juan Pedro,ES,Lidl - Trek,218.0,https://www.procyclingstats.com/rider/juan-pedro-lopez
179,HOOLE Daan,NL,Lidl - Trek,216.0,https://www.procyclingstats.com/rider/daan-hoole
180,VERMEERSCH Gianni,BE,Alpecin - Deceuninck,215.0,https://www.procyclingstats.com/rider/gianni-vermeersch
181,BOL Cees,NL,XDS Astana Team,214.0,https://www.procyclingstats.com/rider/cees-bol
182,TILLER Rasmus,NO,Uno-X Mobility,214.0,https://www.procyclingstats.com/rider/rasmus-tiller
183,VACEK Mathias,CZ,Lidl - Trek,212.0,https://www.procyclingstats.com/rider/mathias-vacek
184,LAMPERTI Luke,US,Soudal Quick-Step,210.0,https://www.procyclingstats.com/rider/luke-lamperti
185,BISSEGGER Stefan,CH,Decathlon AG2R La Mondiale Team,209.0,https://www.procyclingstats.com/rider/stefan-bissegger
186,MAIRE Adrien,FR,Unibet Tietema Rockets,209.0,https://www.procyclingstats.com/rider/adrien-maire
187,BERCKMOES Jenno,BE,Lotto,207.0,https://www.procyclingstats.com/rider/jenno-berckmoes
188,VERNON Ethan,GB,Israel - Premier Tech,206.0,https://www.procyclingstats.com/rider/ethan-vernon
189,PARET-PEINTRE Valentin,FR,Soudal Quick-Step,204.0,https://www.procyclingstats.com/rider/valentin-paret-peintre
190,FIORELLI Filippo,IT,VF Group - Bardiani CSF - Faizanè,201.0,https://www.procyclingstats.com/rider/filippo-fiorelli
191,LATOUR Pierre,FR,Team TotalEnergies,201.0,https://www.procyclingstats.com/rider/pierre-latour
192,DE BONDT Dries,BE,Decathlon AG2R La Mondiale Team,201.0,https://www.procyclingstats.com/rider/dries-de-bondt
193,CARBONI Giovanni,IT,Unibet Tietema Rockets,200.0,https://www.procyclingstats.com/rider/giovanni-carboni
194,DE LIE Arnaud,BE,Lotto,200.0,https://www.procyclingstats.com/rider/arnaud-de-lie
195,STEWART Jake,GB,Israel - Premier Tech,200.0,https://www.procyclingstats.com/rider/jake-stewart
196,MARIT Arne,BE,Intermarché - Wanty,198.0,https://www.procyclingstats.com/rider/arne-marit
197,PITHIE Laurence,NZ,Red Bull - BORA - hansgrohe,197.0,https://www.procyclingstats.com/rider/laurence-pithie
198,EEKHOFF Nils,NL,Team Picnic PostNL,197.0,https://www.procyclingstats.com/rider/nils-eekhoff
199,LANGELLOTTI Victor,MC,INEOS Grenadiers,197.0,https://www.procyclingstats.com/rider/victor-langellotti
200,GARCÍA CORTINA Iván,ES,Movistar Team,194.0,https://www.procyclingstats.com/rider/ivan-garcia-cortina
201,CRAS Steff,BE,Team TotalEnergies,194.0,https://www.procyclingstats.com/rider/steff-cras
202,THOMAS Benjamin,FR,Cofidis,193.0,https://www.procyclingstats.com/rider/benjamin-thomas-2
203,ANIOŁKOWSKI Stanisław,PL,Cofidis,192.0,https://www.procyclingstats.com/rider/stanislaw-aniolkowski
204,CASTELLON Jan,ES,Caja Rural - Seguros RGA,191.0,https://www.procyclingstats.com/rider/jan-castellon
205,ZAMBANINI Edoardo,IT,Bahrain - Victorious,190.0,https://www.procyclingstats.com/rider/edoardo-zambanini
206,TURGIS Anthony,FR,Team TotalEnergies,189.0,https://www.procyclingstats.com/rider/anthony-turgis
207,DEHAIRS Simon,BE,Alpecin - Deceuninck,188.0,https://www.procyclingstats.com/rider/simon-dehairs
208,ALBANESE Vincenzo,IT,EF Education - EasyPost,188.0,https://www.procyclingstats.com/rider/vincenzo-albanese
209,BRENNER Marco,DE,Tudor Pro Cycling Team,186.0,https://www.procyclingstats.com/rider/marco-brenner
210,BENNETT Sam,IE,Decathlon AG2R La Mondiale Team,186.0,https://www.procyclingstats.com/rider/sam-bennett
211,LOOCKX Lander,BE,Unibet Tietema Rockets,185.0,https://www.procyclingstats.com/rider/lander-loockx
212,GAUTHERAT Pierre,FR,Decathlon AG2R La Mondiale Team,185.0,https://www.procyclingstats.com/rider/pierre-gautherat
213,KIELICH Timo,BE,Alpecin - Deceuninck,183.0,https://www.procyclingstats.com/rider/timo-kielich
214,VAN UDEN Casper,NL,Team Picnic PostNL,182.0,https://www.procyclingstats.com/rider/casper-van-uden
215,GUERIN Alexis,FR,Anicolor / Tien 21,182.0,https://www.procyclingstats.com/rider/alexis-guerin
216,BALLERINI Davide,IT,XDS Astana Team,180.0,https://www.procyclingstats.com/rider/davide-ballerini
217,THEUNS Edward,BE,Lidl - Trek,179.0,https://www.procyclingstats.com/rider/edward-theuns
218,RONDEL Mathys,FR,Tudor Pro Cycling Team,179.0,https://www.procyclingstats.com/rider/mathys-rondel
219,DUJARDIN Sandy,FR,Team TotalEnergies,178.0,https://www.procyclingstats.com/rider/sandy-dujardin
220,BLACKMORE Joseph,GB,Israel - Premier Tech,178.0,https://www.procyclingstats.com/rider/joseph-blackmore
221,ROCHAS Rémy,FR,Groupama - FDJ,177.0,https://www.procyclingstats.com/rider/remy-rochas
222,MADOUAS Valentin,FR,Groupama - FDJ,177.0,https://www.procyclingstats.com/rider/valentin-madouas
223,FRIGO Marco,IT,Israel - Premier Tech,174.0,https://www.procyclingstats.com/rider/marco-frigo
224,HERMANS Quinten,BE,Alpecin - Deceuninck,173.0,https://www.procyclingstats.com/rider/quinten-hermans
225,VERCHER Mattéo,FR,Team TotalEnergies,173.0,https://www.procyclingstats.com/rider/matheo-vercher
226,LIVYNS Arjen,BE,Lotto,172.0,https://www.procyclingstats.com/rider/arjen-livyns
227,GALVÁN Francisco,ES,Equipo Kern Pharma,171.0,https://www.procyclingstats.com/rider/francisco-galvan
228,LAPEIRA Paul,FR,Decathlon AG2R La Mondiale Team,171.0,https://www.procyclingstats.com/rider/paul-lapeira
229,SEGAERT Alec,BE,Lotto,171.0,https://www.procyclingstats.com/rider/alec-segaert
230,DOUBEY Fabien,FR,Team TotalEnergies,170.0,https://www.procyclingstats.com/rider/fabien-doubey
231,VAN MOER Brent,BE,Lotto,170.0,https://www.procyclingstats.com/rider/brent-van-moer
232,VENDRAME Andrea,IT,Decathlon AG2R La Mondiale Team,168.0,https://www.procyclingstats.com/rider/andrea-vendrame
233,KOPECKÝ Matyáš,CZ,Team Novo Nordisk,168.0,https://www.procyclingstats.com/rider/matyas-kopecky
234,SIMMONS Quinn,US,Lidl - Trek,168.0,https://www.procyclingstats.com/rider/quinn-simmons
235,TRENTIN Matteo,IT,Tudor Pro Cycling Team,166.0,https://www.procyclingstats.com/rider/matteo-trentin
236,MIQUEL Pau,ES,Equipo Kern Pharma,165.0,https://www.procyclingstats.com/rider/pau-miquel-delgado
237,DENZ Nico,DE,Red Bull - BORA - hansgrohe,165.0,https://www.procyclingstats.com/rider/nico-denz
238,GAUDU David,FR,Groupama - FDJ,165.0,https://www.procyclingstats.com/rider/david-gaudu
239,LEKNESSUND Andreas,NO,Uno-X Mobility,162.0,https://www.procyclingstats.com/rider/andreas-leknessund
240,VAN HEMELEN Vincent,BE,Team Flanders - Baloise,162.0,https://www.procyclingstats.com/rider/vincent-van-hemelen
241,MAEKELE Milkias,ER,BIKE AID,162.0,https://www.procyclingstats.com/rider/milkias-maekele
242,GEOGHEGAN HART Tao,GB,Lidl - Trek,162.0,https://www.procyclingstats.com/rider/tao-geoghegan-hart
243,VAN DEN BROEK Frank,NL,Team Picnic PostNL,161.0,https://www.procyclingstats.com/rider/frank-van-den-broek
244,BREUILLARD Nicolas,FR,St Michel - Preference Home - Auber93,160.0,https://www.procyclingstats.com/rider/nicolas-breuillard
245,ADRIÀ Roger,ES,Red Bull - BORA - hansgrohe,158.0,https://www.procyclingstats.com/rider/roger-adria
246,PENHOËT Paul,FR,Groupama - FDJ,158.0,https://www.procyclingstats.com/rider/paul-penhoet
247,PARRA José Félix,ES,Equipo Kern Pharma,158.0,https://www.procyclingstats.com/rider/jose-felix-parra
248,HOWSON Damien,AU,Q36.5 Pro Cycling Team,157.0,https://www.procyclingstats.com/rider/damien-howson
249,MARCELLUSI Martin,IT,VF Group - Bardiani CSF - Faizanè,157.0,https://www.procyclingstats.com/rider/martin-marcellusi
250,FOSS Tobias,NO,INEOS Grenadiers,157.0,https://www.procyclingstats.com/rider/tobias-foss
251,PEDERSEN Casper,DK,Soudal Quick-Step,156.0,https://www.procyclingstats.com/rider/casper-pedersen
252,TEUNS Dylan,BE,Cofidis,156.0,https://www.procyclingstats.com/rider/dylan-teuns
253,ARRIETA Igor,ES,UAE Team Emirates - XRG,156.0,https://www.procyclingstats.com/rider/igor-arrieta-lizarraga
254,HODEG Álvaro José,CO,Team Medellín - EPM,156.0,https://www.procyclingstats.com/rider/alvaro-jose-hodeg
255,MAJKA Rafał,PL,UAE Team Emirates - XRG,155.0,https://www.procyclingstats.com/rider/rafal-majka
256,HOLTER Ådne,NO,Uno-X Mobility,155.0,https://www.procyclingstats.com/rider/adne-holter
257,RAILEANU Cristian,RO,Li Ning Star,155.0,https://www.procyclingstats.com/rider/cristian-raileanu
258,RAJOVIĆ Dušan,RS,Team Solution Tech - Vini Fantini,153.0,https://www.procyclingstats.com/rider/dusan-rajovic
259,LYU Xianjing,CN,China Anta - Mentech Cycling Team,153.0,https://www.procyclingstats.com/rider/xianjing-lyu
260,RICCITELLO Matthew,US,Israel - Premier Tech,152.0,https://www.procyclingstats.com/rider/matthew-riccitello
261,MOLENAAR Alex,NL,Caja Rural - Seguros RGA,149.0,https://www.procyclingstats.com/rider/alex-molenaar
262,OMRZEL Jakob,SI,Bahrain Victorious Development Team,146.0,https://www.procyclingstats.com/rider/jakob-omrzel
263,CHAWCHIANGKWANG Peerapol,TH,Thailand Continental Cycling Team,145.0,https://www.procyclingstats.com/rider/peerapol-chawchiangkwang
264,OLIVEIRA Ivo,PT,UAE Team Emirates - XRG,143.0,https://www.procyclingstats.com/rider/ivo-emanuel-alves
265,CEPEDA Jefferson Alveiro,EC,Movistar Team,141.0,https://www.procyclingstats.com/rider/jefferson-cepeda-hernandez
266,SKUJIŅŠ Toms,LV,Lidl - Trek,141.0,https://www.procyclingstats.com/rider/toms-skujins
267,MOZZATO Luca,IT,Arkéa - B&B Hotels,141.0,https://www.procyclingstats.com/rider/luca-mozzato
268,BARGUIL Warren,FR,Team Picnic PostNL,140.0,https://www.procyclingstats.com/rider/warren-barguil
269,MARTINEZ Juan Guillermo,CO,Team Picnic PostNL,140.0,https://www.procyclingstats.com/rider/guillermo-juan-martinez
270,CATTANEO Mattia,IT,Soudal Quick-Step,139.0,https://www.procyclingstats.com/rider/mattia-cattaneo
271,ZIJLAARD Maikel,NL,Tudor Pro Cycling Team,138.0,https://www.procyclingstats.com/rider/maikel-zijlaard
272,ASGREEN Kasper,DK,EF Education - EasyPost,138.0,https://www.procyclingstats.com/rider/kasper-asgreen
273,CAPIOT Amaury,BE,Arkéa - B&B Hotels,137.0,https://www.procyclingstats.com/rider/amaury-capiot
274,SVESTAD-BÅRDSENG Embret,NO,Arkéa - B&B Hotels,137.0,https://www.procyclingstats.com/rider/embret-svestad-bardseng
275,GARCÍA PIERNA Raúl,ES,Arkéa - B&B Hotels,137.0,https://www.procyclingstats.com/rider/raul-garcia-pierna
276,COBO Iván,ES,Equipo Kern Pharma,137.0,https://www.procyclingstats.com/rider/ivan-cobo-cayon
277,GUERREIRO Ruben,PT,Movistar Team,137.0,https://www.procyclingstats.com/rider/ruben-guerreiro
278,BUCHMANN Emanuel,DE,Cofidis,136.0,https://www.procyclingstats.com/rider/emanuel-buchmann
279,RUTSCH Jonas,DE,Intermarché - Wanty,134.0,https://www.procyclingstats.com/rider/jonas-rutsch
280,KÄMNA Lennard,DE,Lidl - Trek,134.0,https://www.procyclingstats.com/rider/lennard-kamna
281,HERRADA Jesús,ES,Cofidis,132.0,https://www.procyclingstats.com/rider/jesus-herrada-lopez
282,TURNER Ben,GB,INEOS Grenadiers,132.0,https://www.procyclingstats.com/rider/ben-turner
283,ACKERMANN Pascal,DE,Israel - Premier Tech,132.0,https://www.procyclingstats.com/rider/pascal-ackermann
284,WOODS Michael,CA,Israel - Premier Tech,131.0,https://www.procyclingstats.com/rider/michael-woods
285,PRADES Eduard,ES,Caja Rural - Seguros RGA,131.0,https://www.procyclingstats.com/rider/eduard-prades
286,ALLEGAERT Piet,BE,Cofidis,131.0,https://www.procyclingstats.com/rider/piet-allegaert
287,DE BOD Stefan,ZA,Terengganu Cycling Team,130.0,https://www.procyclingstats.com/rider/stefan-de-bod
288,GENIETS Kevin,LU,Groupama - FDJ,129.0,https://www.procyclingstats.com/rider/kevin-geniets
289,NORDHAGEN Jørgen,NO,Team Visma | Lease a Bike,129.0,https://www.procyclingstats.com/rider/jorgen-nordhagen
290,WANDAHL Frederik,DK,Red Bull - BORA - hansgrohe,128.0,https://www.procyclingstats.com/rider/frederik-wandahl
291,TOWNSEND Rory,IE,Q36.5 Pro Cycling Team,128.0,https://www.procyclingstats.com/rider/rory-townsend
292,SPARFEL Aubin,FR,Decathlon AG2R La Mondiale Development Team,128.0,https://www.procyclingstats.com/rider/aubin-sparfel
293,CHUMIL Sergio Geovani,GT,Burgos Burpellet BH,127.0,https://www.procyclingstats.com/rider/sergio-geovani-chumil-gonzalez
294,JUARISTI Txomin,ES,Euskaltel - Euskadi,127.0,https://www.procyclingstats.com/rider/txomin-juaristi
295,STAUNE-MITTET Johannes,NO,Decathlon AG2R La Mondiale Team,127.0,https://www.procyclingstats.com/rider/johannes-staune-mittet
296,NIZZOLO Giacomo,IT,Q36.5 Pro Cycling Team,126.0,https://www.procyclingstats.com/rider/giacomo-nizzolo
297,MOHORIČ Matej,SI,Bahrain - Victorious,126.0,https://www.procyclingstats.com/rider/matej-mohoric
298,WIDAR Jarno,BE,Lotto Development Team,125.0,https://www.procyclingstats.com/rider/jarno-widar
299,DE GENDT Aimé,BE,Cofidis,125.0,https://www.procyclingstats.com/rider/aime-de-gendt
300,KELDERMAN Wilco,NL,Team Visma | Lease a Bike,125.0,https://www.procyclingstats.com/rider/wilco-kelderman
301,BUDZIŃSKI Marcin,PL,ATT Investments,124.0,https://www.procyclingstats.com/rider/marcin-budzinski
302,DONOVAN Mark,GB,Q36.5 Pro Cycling Team,124.0,https://www.procyclingstats.com/rider/mark-donovan
303,LEITÃO Iúri,PT,Caja Rural - Seguros RGA,122.0,https://www.procyclingstats.com/rider/iuri-leitao
304,OLDANI Stefano,IT,Cofidis,122.0,https://www.procyclingstats.com/rider/stefano-oldani
305,LUTSENKO Alexey,KZ,Israel - Premier Tech,120.0,https://www.procyclingstats.com/rider/aleksey-lutsenko
306,PEÑA Jesús David,CO,APHotels & Resorts / Tavira / SC Farense,120.0,https://www.procyclingstats.com/rider/jesus-david-pena-jimenez
307,LØLAND Sakarias Koller,NO,Uno-X Mobility,120.0,https://www.procyclingstats.com/rider/sakarias-koller-loland
308,SAFARZADEH Saeid,IR,Tianyoude Hotel Cycling Team,120.0,https://www.procyclingstats.com/rider/saeid-safarzadeh
309,SANDER HANSEN Marcus,DK,BHS - PL Beton Bornholm,120.0,https://www.procyclingstats.com/rider/marcus-sander-hansen
310,CHAVES Esteban,CO,EF Education - EasyPost,119.0,https://www.procyclingstats.com/rider/johan-esteban-chaves
311,BUSATTO Francesco,IT,Intermarché - Wanty,119.0,https://www.procyclingstats.com/rider/francesco-busatto
312,SAINBAYAR Jambaljamts,MN,Burgos Burpellet BH,118.0,https://www.procyclingstats.com/rider/jambaljamts-sainbayar
313,BOGUSŁAWSKI Marceli,PL,ATT Investments,118.0,https://www.procyclingstats.com/rider/marceli-boguslawski
314,VERONA Carlos,ES,Lidl - Trek,117.0,https://www.procyclingstats.com/rider/carlos-verona
315,BALDERSTONE Abel,ES,Caja Rural - Seguros RGA,117.0,https://www.procyclingstats.com/rider/abel-balderstone-roumens
316,IRIBAR Unai,ES,Equipo Kern Pharma,116.0,https://www.procyclingstats.com/rider/unai-iribar-jauregi
317,MAESTRI Mirco,IT,Team Polti VisitMalta,116.0,https://www.procyclingstats.com/rider/mirco-maestri
318,ZINGLE Axel,FR,Team Visma | Lease a Bike,116.0,https://www.procyclingstats.com/rider/axel-zingle
319,BARTA Will,US,Movistar Team,115.0,https://www.procyclingstats.com/rider/william-barta
320,COSTIOU Ewen,FR,Arkéa - B&B Hotels,115.0,https://www.procyclingstats.com/rider/ewen-costiou
321,MEINTJES Louis,ZA,Intermarché - Wanty,115.0,https://www.procyclingstats.com/rider/louis-meintjes
322,STEINHAUSER Georg,DE,EF Education - EasyPost,113.0,https://www.procyclingstats.com/rider/georg-steinhauser
323,SMITH Dion,NZ,Intermarché - Wanty,112.0,https://www.procyclingstats.com/rider/dion-smith
324,HAGENES Per Strand,NO,Team Visma | Lease a Bike,112.0,https://www.procyclingstats.com/rider/per-strand-hagenes
325,MARTÍNEZ Daniel Felipe,CO,Red Bull - BORA - hansgrohe,112.0,https://www.procyclingstats.com/rider/daniel-felipe-martinez
326,KWIATKOWSKI Michał,PL,INEOS Grenadiers,111.0,https://www.procyclingstats.com/rider/michal-kwiatkowski
327,PINARELLO Alessandro,IT,VF Group - Bardiani CSF - Faizanè,111.0,https://www.procyclingstats.com/rider/alessandro-pinarello
328,PAGE Hugo,FR,Intermarché - Wanty,110.0,https://www.procyclingstats.com/rider/hugo-page
329,UHLIG Henri,DE,Alpecin - Deceuninck,109.0,https://www.procyclingstats.com/rider/henri-uhlig
330,GLOAG Thomas,GB,Team Visma | Lease a Bike,109.0,https://www.procyclingstats.com/rider/thomas-gloag
331,THIJSSEN Gerben,BE,Intermarché - Wanty,109.0,https://www.procyclingstats.com/rider/gerben-thijssen
332,HALLER Marco,AT,Tudor Pro Cycling Team,108.0,https://www.procyclingstats.com/rider/marco-haller
333,PACHER Quentin,FR,Groupama - FDJ,107.0,https://www.procyclingstats.com/rider/quentin-pacher
334,CÔTÉ Pier-André,CA,Israel - Premier Tech,107.0,https://www.procyclingstats.com/rider/pier-andre-cote
335,BREGNHØJ Mathias,DK,Terengganu Cycling Team,107.0,https://www.procyclingstats.com/rider/mathias-bregnhoj
336,VAN DIJKE Mick,NL,Red Bull - BORA - hansgrohe,107.0,https://www.procyclingstats.com/rider/mick-van-dijke
337,BERASATEGI Xabier,ES,Euskaltel - Euskadi,106.0,https://www.procyclingstats.com/rider/xabier-berasategi-garmendia
338,PEÑUELA Francisco Joel,VE,Caja Rural - Seguros RGA,105.0,https://www.procyclingstats.com/rider/francisco-penuela
339,CHIA Luis Carlos,CO,,105.0,https://www.procyclingstats.com/rider/luis-carlos-chia-bermudez
340,FORMOLO Davide,IT,Movistar Team,104.0,https://www.procyclingstats.com/rider/davide-formolo
341,HAMZA Yacine,DZ,Madar Pro Cycling Team,104.0,https://www.procyclingstats.com/rider/yacine-hamza
342,KEPPLINGER Rainer,AT,Bahrain - Victorious,104.0,https://www.procyclingstats.com/rider/rainer-kepplinger
343,VALTER Attila,HU,Team Visma | Lease a Bike,104.0,https://www.procyclingstats.com/rider/attila-valter
344,BERRADE Urko,ES,Equipo Kern Pharma,103.0,https://www.procyclingstats.com/rider/urko-berrade-fernandez
345,ARASHIRO Yukiya,JP,Team Solution Tech - Vini Fantini,103.0,https://www.procyclingstats.com/rider/yukiya-arashiro
346,QUINTANA Nairo,CO,Movistar Team,103.0,https://www.procyclingstats.com/rider/nairo-quintana
347,VAN BOVEN Luca,BE,Intermarché - Wanty,103.0,https://www.procyclingstats.com/rider/luca-van-boven
348,HAJEK Alexander,AT,Red Bull - BORA - hansgrohe,103.0,https://www.procyclingstats.com/rider/alexander-hajek
349,VLASOV Aleksandr,RU,Red Bull - BORA - hansgrohe,102.0,https://www.procyclingstats.com/rider/aleksandr-vlasov
350,RUIZ Ibon,ES,Equipo Kern Pharma,102.0,https://www.procyclingstats.com/rider/ibon-ruiz
351,BRAZ AFONSO Clément,FR,Groupama - FDJ,102.0,https://www.procyclingstats.com/rider/clement-braz-afonso
352,PEDERSEN Rasmus Søjberg,DK,Decathlon AG2R La Mondiale Team,101.0,https://www.procyclingstats.com/rider/rasmus-sojbergpedersen
353,BRAET Vito,BE,Intermarché - Wanty,101.0,https://www.procyclingstats.com/rider/vito-braet
354,MAYRHOFER Marius,DE,Tudor Pro Cycling Team,100.0,https://www.procyclingstats.com/rider/marius-mayrhofer
355,BRENES Sebastian,CR,Canel's - Java,100.0,https://www.procyclingstats.com/rider/sebastian-brenes
356,CONCI Nicola,IT,XDS Astana Team,99.0,https://www.procyclingstats.com/rider/nicola-conci
357,CEPEDA Jefferson Alexander,EC,EF Education - EasyPost,99.0,https://www.procyclingstats.com/rider/jefferson-alexander-cepeda
358,PEÑALVER Manuel,ES,Team Polti VisitMalta,99.0,https://www.procyclingstats.com/rider/manuel-penalver
359,KRETSCHY Moritz,DE,Israel Premier Tech Academy,98.0,https://www.procyclingstats.com/rider/moritz-kretschy
360,AFFINI Edoardo,IT,Team Visma | Lease a Bike,98.0,https://www.procyclingstats.com/rider/edoardo-affini
361,GEENS Jonas,BE,Team Flanders - Baloise,98.0,https://www.procyclingstats.com/rider/jonas-geens
362,KUZMIN Anton,KZ,XDS Astana Team,97.0,https://www.procyclingstats.com/rider/anton-kuzmin
363,LEMMEN Bart,NL,Team Visma | Lease a Bike,97.0,https://www.procyclingstats.com/rider/bart-lemmen
364,SHAW James,GB,EF Education - EasyPost,97.0,https://www.procyclingstats.com/rider/james-shaw
365,EIKING Odd Christian,NO,Unibet Tietema Rockets,97.0,https://www.procyclingstats.com/rider/odd-christian-eiking
366,ARTZ Huub,NL,Intermarché - Wanty,97.0,https://www.procyclingstats.com/rider/huub-artz
367,FERRON Valentin,FR,Cofidis,96.0,https://www.procyclingstats.com/rider/valentin-ferron
368,BRUNEL Alexys,FR,Team TotalEnergies,95.0,https://www.procyclingstats.com/rider/alexys-brunel
369,TSVETKOV Nikita,UZ,OU7 Cycling Team,95.0,https://www.procyclingstats.com/rider/nikita-tsvetkov
370,ZERAY Nahom,ER,JCL Team UKYO,94.0,https://www.procyclingstats.com/rider/nahom-zeray-araya
371,LÓPEZ Jordi,ES,Euskaltel - Euskadi,94.0,https://www.procyclingstats.com/rider/jordi-lopez-caravaca
372,BENNETT George,NZ,Israel - Premier Tech,93.0,https://www.procyclingstats.com/rider/george-bennett
373,HABTEAB Yoel,ER,BIKE AID,93.0,https://www.procyclingstats.com/rider/yoel-habteab
374,VAN ASBROECK Tom,BE,Israel - Premier Tech,93.0,https://www.procyclingstats.com/rider/tom-van-asbroeck
375,BAUDIN Alex,FR,EF Education - EasyPost,93.0,https://www.procyclingstats.com/rider/alex-baudin
376,TORRES Pablo,ES,UAE Team Emirates - XRG,92.0,https://www.procyclingstats.com/rider/pablo-torres-arias
377,DAUPHIN Florian,FR,Team TotalEnergies,92.0,https://www.procyclingstats.com/rider/florian-dauphin
378,FANCELLU Alessandro,IT,JCL Team UKYO,92.0,https://www.procyclingstats.com/rider/alessandro-fancellu
379,SCHIFFER Anton,DE,BIKE AID,92.0,https://www.procyclingstats.com/rider/anton-schiffer
380,SWIFT Ben,GB,INEOS Grenadiers,91.0,https://www.procyclingstats.com/rider/ben-swift
381,DE PRETTO Davide,IT,Team Jayco AlUla,91.0,https://www.procyclingstats.com/rider/davide-de-pretto
382,RUSSO Clément,FR,Groupama - FDJ,91.0,https://www.procyclingstats.com/rider/clement-russo
383,EINHORN Itamar,IL,Israel - Premier Tech,91.0,https://www.procyclingstats.com/rider/itamar-einhorn
384,KNOX James,GB,Soudal Quick-Step,90.0,https://www.procyclingstats.com/rider/james-knox
385,HAIG Jack,AU,Bahrain - Victorious,90.0,https://www.procyclingstats.com/rider/jack-haig
386,NAESEN Oliver,BE,Decathlon AG2R La Mondiale Team,90.0,https://www.procyclingstats.com/rider/oliver-naesen
387,PLANCKAERT Edward,BE,Alpecin - Deceuninck,90.0,https://www.procyclingstats.com/rider/edward-planckaert
388,PELLAUD Simon,CH,Li Ning Star,90.0,https://www.procyclingstats.com/rider/simon-pellaud
389,MONIQUET Sylvain,BE,Cofidis,90.0,https://www.procyclingstats.com/rider/sylvain-moniquet
390,PITA Cristian David,EC,Huansheng - Vonoa - Taishan Sport Team,90.0,https://www.procyclingstats.com/rider/cristian-david-pita
391,PERICAS Adrià,ES,UAE Team Emirates Gen Z,89.0,https://www.procyclingstats.com/rider/adria-pericas-capdevila
392,HONORÉ Mikkel Frølich,DK,EF Education - EasyPost,89.0,https://www.procyclingstats.com/rider/mikkel-honore
393,GÓMEZ Germán Darío,CO,Team Polti VisitMalta,89.0,https://www.procyclingstats.com/rider/german-dario-gomez
394,BETTIOL Alberto,IT,XDS Astana Team,88.0,https://www.procyclingstats.com/rider/alberto-bettiol
395,ZANONCELLO Enrico,IT,VF Group - Bardiani CSF - Faizanè,88.0,https://www.procyclingstats.com/rider/enrico-zanoncello
396,ANDERSEN Mads,DK,AIRTOX - Carl Ras,88.0,https://www.procyclingstats.com/rider/mads-andersen
397,SWIFT Connor,GB,INEOS Grenadiers,87.0,https://www.procyclingstats.com/rider/connor-swift
398,BOMBOI Davide,BE,Unibet Tietema Rockets,87.0,https://www.procyclingstats.com/rider/davide-bomboi
399,NOVÁK Pavel,CZ,MBH Bank Ballan CSB,87.0,https://www.procyclingstats.com/rider/pavel-novak
400,GOVEKAR Matevž,SI,Bahrain - Victorious,86.0,https://www.procyclingstats.com/rider/matevz-govekar
401,VAN DIJKE Tim,NL,Red Bull - BORA - hansgrohe,86.0,https://www.procyclingstats.com/rider/tim-van-dijke
402,VERRE Alessandro,IT,Arkéa - B&B Hotels,85.0,https://www.procyclingstats.com/rider/alessandro-verre
403,COLNAGHI Luca,IT,VF Group - Bardiani CSF - Faizanè,85.0,https://www.procyclingstats.com/rider/luca-colnaghi
404,BAIS Davide,IT,Team Polti VisitMalta,85.0,https://www.procyclingstats.com/rider/davide-bais
405,HOPKINS Dylan,AU,Roojai Insurance,85.0,https://www.procyclingstats.com/rider/dylan-hopkins
406,FINN Lorenzo,IT,Red Bull - BORA - hansgrohe Rookies,85.0,https://www.procyclingstats.com/rider/lorenzo-finn
407,LABROSSE Jordan,FR,Decathlon AG2R La Mondiale Team,84.0,https://www.procyclingstats.com/rider/jordan-labrosse
408,MARTÍN Gotzon,ES,Euskaltel - Euskadi,84.0,https://www.procyclingstats.com/rider/gotzon-martin
409,ENGELHARDT Felix,DE,Team Jayco AlUla,83.0,https://www.procyclingstats.com/rider/felix-engelhardt
410,FELDHOFFER Bálint,HU,Team United Shipping,83.0,https://www.procyclingstats.com/rider/balint-feldhoffer
411,KOERDT Bjorn,GB,Team Picnic PostNL,82.0,https://www.procyclingstats.com/rider/bjoern-koerdt
412,BATSAIKHAN Tegsh-Bayar,MN,Roojai Insurance,82.0,https://www.procyclingstats.com/rider/tegsh-bayar-batsaikhan
413,MINTEGI Iker,ES,Euskaltel - Euskadi,81.0,https://www.procyclingstats.com/rider/iker-mintegi-claver
414,KOISHI Yuma,JP,JCL Team UKYO,81.0,https://www.procyclingstats.com/rider/yuma-koishi
415,GAROFOLI Gianmarco,IT,Soudal Quick-Step,81.0,https://www.procyclingstats.com/rider/gianmarco-garofoli
416,VERGALLITO Luca,IT,Alpecin - Deceuninck,81.0,https://www.procyclingstats.com/rider/luca-vergallito
417,VIVIANI Elia,IT,Lotto,81.0,https://www.procyclingstats.com/rider/elia-viviani
418,TOLIO Alex,IT,VF Group - Bardiani CSF - Faizanè,81.0,https://www.procyclingstats.com/rider/alex-tolio
419,KENCH Josh,NZ,Li Ning Star,80.0,https://www.procyclingstats.com/rider/josh-kench
420,IZQUIERDO Clément,FR,Cofidis,80.0,https://www.procyclingstats.com/rider/clement-izquierdo
421,LIENHARD Fabian,CH,Tudor Pro Cycling Team,80.0,https://www.procyclingstats.com/rider/fabian-lienhard
422,DELBOVE Joris,FR,Team TotalEnergies,80.0,https://www.procyclingstats.com/rider/joris-delbove
423,RACCANI Simone,IT,JCL Team UKYO,80.0,https://www.procyclingstats.com/rider/simone-raccani
424,TURCONI Filippo,IT,VF Group - Bardiani CSF - Faizanè,80.0,https://www.procyclingstats.com/rider/filippo-turconi
425,MAGLI Filippo,IT,VF Group - Bardiani CSF - Faizanè,80.0,https://www.procyclingstats.com/rider/filippo-magli2
426,SCHWARZBACHER Matthias,SK,UAE Team Emirates Gen Z,79.0,https://www.procyclingstats.com/rider/matthias-schwarzbacher
427,TOUZÉ Damien,FR,Cofidis,79.0,https://www.procyclingstats.com/rider/damien-touze
428,WALSCHEID Max,DE,Team Jayco AlUla,78.0,https://www.procyclingstats.com/rider/max-walscheid
429,RIKUNOV Petr,RU,Chengdu DYC Cycling Team,78.0,https://www.procyclingstats.com/rider/petr-rikunov
430,ZANA Filippo,IT,Team Jayco AlUla,77.0,https://www.procyclingstats.com/rider/filippo-zana
431,UIJTDEBROEKS Cian,BE,Team Visma | Lease a Bike,77.0,https://www.procyclingstats.com/rider/cian-uijtdebroeks
432,DOUBLE Paul,GB,Team Jayco AlUla,77.0,https://www.procyclingstats.com/rider/paul-double
433,LAMPAERT Yves,BE,Soudal Quick-Step,77.0,https://www.procyclingstats.com/rider/yves-lampaert
434,HERZOG Emil,DE,Red Bull - BORA - hansgrohe,77.0,https://www.procyclingstats.com/rider/emil-herzog
435,HUERTAS Jason Andrey,CR,Lasal Cocinas - Craega,77.0,https://www.procyclingstats.com/rider/jason-huertas
436,MATTHEIS Oliver,DE,BIKE AID,76.0,https://www.procyclingstats.com/rider/oliver-mattheis
437,CORKERY Dillon,IE,St Michel - Preference Home - Auber93,76.0,https://www.procyclingstats.com/rider/dillon-corkery
438,SYRITSA Gleb,RU,XDS Astana Development Team,75.0,https://www.procyclingstats.com/rider/gleb-syritsa
439,VAHTRA Norman,EE,China Anta - Mentech Cycling Team,75.0,https://www.procyclingstats.com/rider/norman-vahtra
440,CHARMIG Anthon,DK,XDS Astana Team,74.0,https://www.procyclingstats.com/rider/anthon-charmig
441,GACHIGNARD Thomas,FR,Team TotalEnergies,74.0,https://www.procyclingstats.com/rider/thomas-gachignard
442,ROMELE Alessandro,IT,XDS Astana Team,74.0,https://www.procyclingstats.com/rider/alessandro-romele
443,BALLABIO Giacomo,IT,Hrinkow Advarics,74.0,https://www.procyclingstats.com/rider/giacomo-ballabio
444,HOBBS Noah,GB,EF Education - Aevolo,74.0,https://www.procyclingstats.com/rider/noah-hobbs
445,ALEOTTI Giovanni,IT,Red Bull - BORA - hansgrohe,73.0,https://www.procyclingstats.com/rider/giovanni-aleotti
446,PLOWRIGHT Jensen,AU,Alpecin - Deceuninck,73.0,https://www.procyclingstats.com/rider/jensen-plowright
447,DE LA CALLE Hugo,ES,Burgos Burpellet BH,72.0,https://www.procyclingstats.com/rider/hugo-de-la-calle-arango
448,DE SCHUYTENEER Steffen,BE,Lotto,72.0,https://www.procyclingstats.com/rider/steffen-de-schuyteneer
449,SCOTSON Callum,AU,Decathlon AG2R La Mondiale Team,72.0,https://www.procyclingstats.com/rider/callum-scotson
450,VAN DEN BOSSCHE Fabio,BE,Alpecin - Deceuninck,71.0,https://www.procyclingstats.com/rider/fabio-van-den-bossche
451,NICOLAU Joel,ES,Caja Rural - Seguros RGA,71.0,https://www.procyclingstats.com/rider/joel-nicolau
452,KOGUT Oded,IL,Israel - Premier Tech,71.0,https://www.procyclingstats.com/rider/oded-kogut
453,HUENS Axel,FR,Unibet Tietema Rockets,71.0,https://www.procyclingstats.com/rider/axel-huens
454,ARMIRAIL Bruno,FR,Decathlon AG2R La Mondiale Team,70.0,https://www.procyclingstats.com/rider/bruno-armirail
455,GUALDI Simone,IT,Wanty - Nippo - ReUz,70.0,https://www.procyclingstats.com/rider/simone-gualdi
456,YEMANE Dawit,ER,BIKE AID,70.0,https://www.procyclingstats.com/rider/dawit-yemane
457,HOULE Hugo,CA,Israel - Premier Tech,70.0,https://www.procyclingstats.com/rider/hugo-houle
458,HENNEQUIN Paul,FR,Euskaltel - Euskadi,70.0,https://www.procyclingstats.com/rider/paul-hennequin
459,EWAN Caleb,AU,,70.0,https://www.procyclingstats.com/rider/caleb-ewan
460,VAN BAARLE Dylan,NL,Team Visma | Lease a Bike,69.0,https://www.procyclingstats.com/rider/dylan-van-baarle
461,WALLS Matthew,GB,Groupama - FDJ,68.0,https://www.procyclingstats.com/rider/matthew-walls
462,TESFATSION Natnael,ER,Movistar Team,68.0,https://www.procyclingstats.com/rider/natnael-tesfatsion
463,AGIRRE Jon,ES,Euskaltel - Euskadi,67.0,https://www.procyclingstats.com/rider/jon-agirre
464,VARGAS Walter,CO,Team Medellín - EPM,67.0,https://www.procyclingstats.com/rider/walter-vargas
465,RIVERA Brandon Smith,CO,INEOS Grenadiers,67.0,https://www.procyclingstats.com/rider/brandon-smith-rivera-vargas
466,GIDICH Yevgeniy,KZ,China Anta - Mentech Cycling Team,67.0,https://www.procyclingstats.com/rider/yevgeniy-gidich
467,LOUVEL Matis,FR,Israel - Premier Tech,67.0,https://www.procyclingstats.com/rider/matis-louvel
468,ABRAHAMSEN Jonas,NO,Uno-X Mobility,67.0,https://www.procyclingstats.com/rider/jonas-abrahamsen
469,PICKRELL Riley,CA,Israel - Premier Tech,67.0,https://www.procyclingstats.com/rider/riley-pickrell
470,HEPBURN Michael,AU,Team Jayco AlUla,66.0,https://www.procyclingstats.com/rider/michael-hepburn
471,WRIGHT Paul,NZ,Factor Racing,66.0,https://www.procyclingstats.com/rider/paul-wright
472,FOLDAGER Anders,DK,Team Jayco AlUla,66.0,https://www.procyclingstats.com/rider/anders-foldager
473,CAVIA Daniel,ES,Burgos Burpellet BH,66.0,https://www.procyclingstats.com/rider/daniel-cavia-sanz
474,VAN MECHELEN Vlad,BE,Bahrain - Victorious,66.0,https://www.procyclingstats.com/rider/vlad-van-mechelen
475,MOLLEMA Bauke,NL,Lidl - Trek,65.0,https://www.procyclingstats.com/rider/bauke-mollema
476,GRUZDEV Dmitriy,KZ,,65.0,https://www.procyclingstats.com/rider/dmitriy-gruzdev
477,KAMADA Koki,JP,JCL Team UKYO,65.0,https://www.procyclingstats.com/rider/koki-kamada
478,VALGREN Michael,DK,EF Education - EasyPost,65.0,https://www.procyclingstats.com/rider/michael-valgren-andersen
479,WALLIN Rasmus Bøgh,DK,Uno-X Mobility,65.0,https://www.procyclingstats.com/rider/rasmus-bogh-wallin
480,KUSS Sepp,US,Team Visma | Lease a Bike,65.0,https://www.procyclingstats.com/rider/sepp-kuss
481,COBARRUBIA Leonardo,AR,Sindicato de Empleados Públicos of San Juan,65.0,https://www.procyclingstats.com/rider/leonardo-cobarrubia
482,YIĞIT Tahir,TR,Spor Toto Cycling Team,65.0,https://www.procyclingstats.com/rider/tahir-yigit
483,HIGUITA Sergio,CO,XDS Astana Team,64.0,https://www.procyclingstats.com/rider/sergio-higuita
484,MACIEJUK Filip,PL,Red Bull - BORA - hansgrohe,64.0,https://www.procyclingstats.com/rider/filip-maciejuk
485,VANSEVENANT Mauri,BE,Soudal Quick-Step,64.0,https://www.procyclingstats.com/rider/mauri-vansevenant
486,GUERNALEC Victor,FR,Arkéa - B&B Hotels,64.0,https://www.procyclingstats.com/rider/victor-guernalec
487,VANHOUCKE Harm,BE,Q36.5 Pro Cycling Team,64.0,https://www.procyclingstats.com/rider/harm-vanhoucke
488,HATHERLY Alan,ZA,Team Jayco AlUla,63.0,https://www.procyclingstats.com/rider/alan-hatherly
489,DALBY Simon,DK,Uno-X Mobility,63.0,https://www.procyclingstats.com/rider/simon-dalby
490,MAISONOBE Sam,FR,Cofidis,63.0,https://www.procyclingstats.com/rider/sam-maisonobe
491,PONOMAR Andrii,UA,Petrolike,62.0,https://www.procyclingstats.com/rider/andrii-ponomar
492,DUNBAR Eddie,IE,Team Jayco AlUla,62.0,https://www.procyclingstats.com/rider/edward-irl-dunbar
493,DOULL Owain,GB,EF Education - EasyPost,62.0,https://www.procyclingstats.com/rider/owain-doull
494,RYAN Archie,IE,EF Education - EasyPost,62.0,https://www.procyclingstats.com/rider/archie-ryan
495,ABERASTURI Jon,ES,Euskaltel - Euskadi,62.0,https://www.procyclingstats.com/rider/jon-aberasturi
496,NYCH Artem,RU,Anicolor / Tien 21,62.0,https://www.procyclingstats.com/rider/artem-nych
497,MÜHLBERGER Gregor,AT,Movistar Team,61.0,https://www.procyclingstats.com/rider/gregor-muhlberger
498,GUERNALEC Thibault,FR,Arkéa - B&B Hotels,61.0,https://www.procyclingstats.com/rider/thibault-guernalec
499,VAN DER TUUK Axel,NL,Metec - SOLARWATT p/b Mantel,61.0,https://www.procyclingstats.com/rider/axel-van-der-tuuk
500,MAAS Jan,NL,Cofidis,60.0,https://www.procyclingstats.com/rider/jan-maas
501,VAN DER HOORN Taco,NL,Intermarché - Wanty,60.0,https://www.procyclingstats.com/rider/taco-van-der-hoorn
502,CRESCIOLI Ludovico,IT,Team Polti VisitMalta,60.0,https://www.procyclingstats.com/rider/ludovico-crescioli
503,IZAGIRRE Ion,ES,Cofidis,59.0,https://www.procyclingstats.com/rider/ion-izagirre
504,JANSE VAN RENSBURG Reinardt,ZA,,59.0,https://www.procyclingstats.com/rider/reinardt-janse-van-rensburg
505,HESTERS Jules,BE,Team Flanders - Baloise,59.0,https://www.procyclingstats.com/rider/jules-hesters
506,VERSTRYNGE Emiel,BE,Alpecin - Deceuninck,59.0,https://www.procyclingstats.com/rider/emiel-verstrynge
507,O'BRIEN Kelland,AU,Team Jayco AlUla,58.0,https://www.procyclingstats.com/rider/kelland-brien
508,VAN ENGELEN Adne,NL,Terengganu Cycling Team,58.0,https://www.procyclingstats.com/rider/adne-van-engelen
509,SOSA Iván Ramiro,CO,Equipo Kern Pharma,58.0,https://www.procyclingstats.com/rider/ivan-ramiro-sosa
510,CAVAGNA Rémi,FR,Groupama - FDJ,58.0,https://www.procyclingstats.com/rider/remi-cavagna
511,COSTA Rui,PT,EF Education - EasyPost,58.0,https://www.procyclingstats.com/rider/rui-costa
512,BURGAUDEAU Mathieu,FR,Team TotalEnergies,58.0,https://www.procyclingstats.com/rider/mathieu-burgaudeau
513,DEGENKOLB John,DE,Team Picnic PostNL,58.0,https://www.procyclingstats.com/rider/john-degenkolb
514,DINA Márton,HU,Euskaltel - Euskadi,58.0,https://www.procyclingstats.com/rider/marton-dina
515,MULLEN Ryan,IE,Red Bull - BORA - hansgrohe,57.0,https://www.procyclingstats.com/rider/ryan-mullen
516,JUNGELS Bob,LU,INEOS Grenadiers,57.0,https://www.procyclingstats.com/rider/bob-jungels
517,CAMARGO Diego Andrés,CO,Team Medellín - EPM,57.0,https://www.procyclingstats.com/rider/diego-andres-camargo
518,KOPECKÝ Tomáš,CZ,Unibet Tietema Rockets,57.0,https://www.procyclingstats.com/rider/tomas-kopecky
519,CONTRERAS Rodrigo,CO,Nu Colombia,57.0,https://www.procyclingstats.com/rider/rodrigo-contreras
520,PICKERING Finlay,GB,Bahrain - Victorious,57.0,https://www.procyclingstats.com/rider/finlay-pickering
521,EULÁLIO Afonso,PT,Bahrain - Victorious,56.0,https://www.procyclingstats.com/rider/afonso-eulalio
522,URIARTE Diego,ES,Equipo Kern Pharma,56.0,https://www.procyclingstats.com/rider/diego-uriarte-belzunegi
523,LEONARD Michael,CA,INEOS Grenadiers,56.0,https://www.procyclingstats.com/rider/michael-leonard1
524,SEYFOLLAHIFARD Hasan,IR,Tianyoude Hotel Cycling Team,56.0,https://www.procyclingstats.com/rider/hasan-seyfollahifard
525,DONIE Milan,BE,Lotto Development Team,56.0,https://www.procyclingstats.com/rider/milan-donie
526,MARSMAN Tim,NL,VolkerWessels Cycling Team,56.0,https://www.procyclingstats.com/rider/tim-marsman
527,STEWART Mark,GB,Team Solution Tech - Vini Fantini,56.0,https://www.procyclingstats.com/rider/mark-stewart
528,MONK Cyrus,AU,FNIX - SCOM - Hengxiang Cycling Team,56.0,https://www.procyclingstats.com/rider/cyrus-monk
529,TERCERO Fernando,ES,Team Polti VisitMalta,56.0,https://www.procyclingstats.com/rider/fernando-tercero-lopez
530,BYSTRØM Sven Erik,NO,Groupama - FDJ,55.0,https://www.procyclingstats.com/rider/sven-erik-bystrom
531,EPIS Giosuè,IT,Arkéa - B&B Hotels,55.0,https://www.procyclingstats.com/rider/giosue-epis
532,BRUSTENGA Marc,ES,Equipo Kern Pharma,55.0,https://www.procyclingstats.com/rider/marc-brustenga-masague
533,GHEBREIGZABHIER Amanuel,ER,Lidl - Trek,55.0,https://www.procyclingstats.com/rider/amanuel-ghebreigzabhier
534,DONNENWIRTH Tom,FR,Groupama - FDJ,55.0,https://www.procyclingstats.com/rider/tom-donnenwirth
535,BADILATTI Matteo,CH,Q36.5 Pro Cycling Team,55.0,https://www.procyclingstats.com/rider/matteo-badilatti
536,MILESI Lorenzo,IT,Movistar Team,55.0,https://www.procyclingstats.com/rider/lorenzo-milesi
537,ČERNÝ Josef,CZ,Soudal Quick-Step,55.0,https://www.procyclingstats.com/rider/josef-cerny
538,COPPENS Michiel,BE,BEAT Cycling Club,55.0,https://www.procyclingstats.com/rider/michiel-coppens
539,SWEENY Harry,AU,EF Education - EasyPost,55.0,https://www.procyclingstats.com/rider/harry-sweeny
540,GUATIBONZA Jonathan,CO,Nu Colombia,55.0,https://www.procyclingstats.com/rider/jonathan-guatibonza
541,SCHRETTL Marco,AT,Tirol KTM Cycling Team,55.0,https://www.procyclingstats.com/rider/marco-schrettl
542,VAN DEN BERG Julius,NL,Team Picnic PostNL,54.0,https://www.procyclingstats.com/rider/julius-van-den-berg
543,DECOMBLE Maxime,FR,Equipe continentale Groupama-FDJ,54.0,https://www.procyclingstats.com/rider/maxime-decomble
544,ALBLOOSHI Rashid,AE,,54.0,https://www.procyclingstats.com/rider/rashid-alblooshi
545,SAMITIER Sergio,ES,Cofidis,54.0,https://www.procyclingstats.com/rider/sergio-samitier
546,LAAS Martin,EE,Quick Pro Team,54.0,https://www.procyclingstats.com/rider/martin-laas
547,SEVILLA Óscar,ES,Team Medellín - EPM,54.0,https://www.procyclingstats.com/rider/oscar-sevilla
548,LEEMREIZE Gijs,NL,Team Picnic PostNL,53.0,https://www.procyclingstats.com/rider/gijs-leemreize
549,EDMONDSON Alex,AU,Team Picnic PostNL,53.0,https://www.procyclingstats.com/rider/alexander-edmondson
550,VOISARD Yannis,CH,Tudor Pro Cycling Team,53.0,https://www.procyclingstats.com/rider/yannis-voisard
551,BJERG Mikkel,DK,UAE Team Emirates - XRG,53.0,https://www.procyclingstats.com/rider/mikkel-bjerg
552,VADER Milan,NL,Q36.5 Pro Cycling Team,53.0,https://www.procyclingstats.com/rider/milan-vader
553,VERVAEKE Louis,BE,Soudal Quick-Step,53.0,https://www.procyclingstats.com/rider/louis-vervaeke
554,WARBASSE Larry,US,Tudor Pro Cycling Team,53.0,https://www.procyclingstats.com/rider/lawrence-warbasse
555,RESELL Erik Nordsæter,NO,Uno-X Mobility,53.0,https://www.procyclingstats.com/rider/erik-nordsaeter-resell
556,SEPÚLVEDA Eduardo,AR,Lotto,53.0,https://www.procyclingstats.com/rider/eduardo-sepulveda
557,CAMPRUBÍ Marcel,ES,Q36.5 Pro Cycling Team,53.0,https://www.procyclingstats.com/rider/marcel-camprubi
558,PETERS Nans,FR,Decathlon AG2R La Mondiale Team,53.0,https://www.procyclingstats.com/rider/nans-peters
559,CONSONNI Simone,IT,Lidl - Trek,52.0,https://www.procyclingstats.com/rider/simone-consonni
560,YUN Jaebin,KR,Seoul Cycling Team,52.0,https://www.procyclingstats.com/rider/jaebin-yun
561,POLITT Nils,DE,UAE Team Emirates - XRG,52.0,https://www.procyclingstats.com/rider/nils-politt
562,SERRANO Gonzalo,ES,Movistar Team,52.0,https://www.procyclingstats.com/rider/gonzalo-serrano
563,STOKBRO Andreas,DK,Unibet Tietema Rockets,52.0,https://www.procyclingstats.com/rider/andreas-stokbro
564,HOPKINS Kaden,BM,Uni Sport Lamentinois,52.0,https://www.procyclingstats.com/rider/kaden-hopkins
565,CADENA Edgar David,MX,Petrolike,52.0,https://www.procyclingstats.com/rider/edgar-cadena
566,KRAGH ANDERSEN Søren,DK,Lidl - Trek,52.0,https://www.procyclingstats.com/rider/soren-kragh-andersen
567,GAVIRIA Fernando,CO,Movistar Team,51.0,https://www.procyclingstats.com/rider/fernando-gaviria
568,MARTÍ Pau,ES,Israel Premier Tech Academy,51.0,https://www.procyclingstats.com/rider/pau-marti-soriano
569,MEURISSE Xandro,BE,Alpecin - Deceuninck,51.0,https://www.procyclingstats.com/rider/xandro-meurisse
570,LIEPIŅŠ Emīls,LV,Q36.5 Pro Cycling Team,51.0,https://www.procyclingstats.com/rider/emils-liepins
571,BISIAUX Léo,FR,Decathlon AG2R La Mondiale Team,51.0,https://www.procyclingstats.com/rider/leo-bisiaux
572,PESCADOR Diego,CO,Movistar Team,50.0,https://www.procyclingstats.com/rider/diego-pescador
573,EENKHOORN Pascal,NL,Soudal Quick-Step,50.0,https://www.procyclingstats.com/rider/pascal-eenkhoorn
574,TAARAMÄE Rein,EE,Kinan Racing Team,50.0,https://www.procyclingstats.com/rider/rein-taaramae
575,PALETTI Luca,IT,VF Group - Bardiani CSF - Faizanè,50.0,https://www.procyclingstats.com/rider/luca-paletti
576,DE PESTEL Sander,BE,Decathlon AG2R La Mondiale Team,50.0,https://www.procyclingstats.com/rider/sander-de-pestel
577,YAMAMOTO Masaki,JP,JCL Team UKYO,50.0,https://www.procyclingstats.com/rider/masaki-yamamoto
578,GHYS Robbe,BE,Alpecin - Deceuninck,50.0,https://www.procyclingstats.com/rider/robbe-ghys
579,KRIEGER Alexander,DE,Tudor Pro Cycling Team,50.0,https://www.procyclingstats.com/rider/alexander-krieger
580,CAMPENAERTS Victor,BE,Team Visma | Lease a Bike,50.0,https://www.procyclingstats.com/rider/victor-campenaerts
581,SCALCO Matteo,IT,VF Group - Bardiani CSF - Faizanè,50.0,https://www.procyclingstats.com/rider/matteo-scalco
582,BARTHE Cyril,FR,Groupama - FDJ,50.0,https://www.procyclingstats.com/rider/cyril-barthe
583,LASTRA Jonathan,ES,Cofidis,50.0,https://www.procyclingstats.com/rider/jonathan-lastra
584,COLMAN Alex,BE,Team Flanders - Baloise,50.0,https://www.procyclingstats.com/rider/alex-colman
585,SINSCHEK Nils,NL,Parkhotel Valkenburg,50.0,https://www.procyclingstats.com/rider/nils-sinschek
586,WALSH Liam,AU,CCACHE x BODYWRAP,49.0,https://www.procyclingstats.com/rider/liam-walsh
587,PORTER Rudy,AU,,49.0,https://www.procyclingstats.com/rider/rudy-porter
588,MARRIAGE Zac,AU,7Eleven Cliqq Roadbike Philippines,49.0,https://www.procyclingstats.com/rider/zac-marriage
589,JOALLAND Yaël,FR,CIC - U - Nantes,49.0,https://www.procyclingstats.com/rider/yael-joalland
590,OTRUBA Jakub,CZ,Caja Rural - Seguros RGA,49.0,https://www.procyclingstats.com/rider/jakub-otruba
591,STÜSSI Colin,CH,Team Vorarlberg,49.0,https://www.procyclingstats.com/rider/colin-stussi
592,MILTIADIS Andreas,CY,Roojai Insurance,49.0,https://www.procyclingstats.com/rider/andreas-miltiadis
593,TJØTTA Martin,NO,Arkéa - B&B Hotels,48.0,https://www.procyclingstats.com/rider/martin-tjotta
594,SAMUDIO Carlos,PA,Team Solution Tech - Vini Fantini,48.0,https://www.procyclingstats.com/rider/carlos-samudio
595,SHMIDT Artem,US,INEOS Grenadiers,48.0,https://www.procyclingstats.com/rider/artem-shmidt
596,ARCHIBOLD Franklin,PA,,48.0,https://www.procyclingstats.com/rider/franklin-archibold
597,DONALDSON Robert,GB,Team Jayco AlUla,47.0,https://www.procyclingstats.com/rider/robert-donaldson
598,FLYNN Sean,GB,Team Picnic PostNL,47.0,https://www.procyclingstats.com/rider/sean-flynn
599,HEIDUK Kim,DE,INEOS Grenadiers,47.0,https://www.procyclingstats.com/rider/kim-heiduk
600,PAREDES Wilmar,CO,Team Medellín - EPM,47.0,https://www.procyclingstats.com/rider/wilmar-paredes
601,MOSCA Jacopo,IT,Lidl - Trek,46.0,https://www.procyclingstats.com/rider/jacopo-mosca
602,MOSCON Gianni,IT,Red Bull - BORA - hansgrohe,46.0,https://www.procyclingstats.com/rider/gianni-moscon
603,ROSLI Muhammad Nur Aiman Bin,MY,Terengganu Cycling Team,46.0,https://www.procyclingstats.com/rider/muhammad-nur-aiman-bin-rosli
604,LAFAY Victor,FR,Decathlon AG2R La Mondiale Team,46.0,https://www.procyclingstats.com/rider/victor-lafay
605,HAMILTON Chris,AU,Team Picnic PostNL,46.0,https://www.procyclingstats.com/rider/chris-hamilton
606,BAIS Mattia,IT,Team Polti VisitMalta,46.0,https://www.procyclingstats.com/rider/mattia-bais
607,PARISINI Nicolò,IT,Q36.5 Pro Cycling Team,46.0,https://www.procyclingstats.com/rider/nicolo-parisini
608,BIZKARRA Mikel,ES,Euskaltel - Euskadi,46.0,https://www.procyclingstats.com/rider/mikel-bizkarra
609,LINAREZ Leangel Rubén,VE,Tavfer-Ovos Matinados-Mortágua,46.0,https://www.procyclingstats.com/rider/leangel-linarez
610,ERIKSSON Lucas,SE,Tudor Pro Cycling Team,46.0,https://www.procyclingstats.com/rider/lucas-eriksson
611,HAMILTON Lucas,AU,INEOS Grenadiers,45.0,https://www.procyclingstats.com/rider/lucas-hamilton
612,CLARKE Simon,AU,Israel - Premier Tech,45.0,https://www.procyclingstats.com/rider/simon-clarke
613,HAMDAN Wan Abdul Rahman,MY,Terengganu Cycling Team,45.0,https://www.procyclingstats.com/rider/wan-abdul-rahman-hamdan
614,TONEATTI Davide,IT,XDS Astana Team,45.0,https://www.procyclingstats.com/rider/davide-toneatti
615,KHALMURATOV Muradjan,UZ,OU7 Cycling Team,45.0,https://www.procyclingstats.com/rider/muradjan-khalmuratov
616,KIRSCH Alex,LU,Lidl - Trek,45.0,https://www.procyclingstats.com/rider/alex-kirsch
617,DE CASSAN Davide,IT,Team Polti VisitMalta,45.0,https://www.procyclingstats.com/rider/davide-de-cassan
618,ROLLAND Brieuc,FR,Groupama - FDJ,45.0,https://www.procyclingstats.com/rider/brieuc-rolland
619,ZWIEHOFF Ben,DE,Red Bull - BORA - hansgrohe,44.0,https://www.procyclingstats.com/rider/ben-zwiehoff
620,BARBIER Pierre,FR,Wagner Bazin WB,44.0,https://www.procyclingstats.com/rider/pierre-barbier
621,TRATNIK Jan,SI,Red Bull - BORA - hansgrohe,44.0,https://www.procyclingstats.com/rider/jan-tratnik
622,CURRIE Logan,NZ,Lotto,44.0,https://www.procyclingstats.com/rider/logan-currie
623,GERMANI Lorenzo,IT,Groupama - FDJ,44.0,https://www.procyclingstats.com/rider/lorenzo-germani
624,MIKUTIS Aivaras,LT,Tudor Pro Cycling Team,44.0,https://www.procyclingstats.com/rider/aivaras-mikutis
625,GLIVAR Gal,SI,Alpecin - Deceuninck,43.0,https://www.procyclingstats.com/rider/gal-glivar
626,BURATTI Nicolò,IT,Bahrain - Victorious,43.0,https://www.procyclingstats.com/rider/nicolo-buratti
627,FENG Chun Kai,TW,Utsunomiya Blitzen,43.0,https://www.procyclingstats.com/rider/chun-kai-feng
628,FELIPE Marcelo,PH,Victoria Sports Pro Cycling,43.0,https://www.procyclingstats.com/rider/marcelo-felipe
629,MCLAY Daniel,GB,Team Visma | Lease a Bike,43.0,https://www.procyclingstats.com/rider/daniel-mclay
630,GUDMESTAD Tord,NO,Decathlon AG2R La Mondiale Team,43.0,https://www.procyclingstats.com/rider/tord-gudmestad
631,JACOBS Johan,CH,Groupama - FDJ,43.0,https://www.procyclingstats.com/rider/johan-jacobs
632,FUGLSANG Jakob,DK,,43.0,https://www.procyclingstats.com/rider/jakob-fuglsang
633,ERŽEN Žak,SI,Bahrain - Victorious,43.0,https://www.procyclingstats.com/rider/zak-erzen
634,NØRTOFT Morten Aalling,DK,Team ColoQuick,43.0,https://www.procyclingstats.com/rider/morten-aalling-nortoft
635,KOTSAKIS Francisco,CL,Plus Performance - Solutos,43.0,https://www.procyclingstats.com/rider/francisco-kotsakis
636,KRIJNSEN Jelte,NL,Team Jayco AlUla,42.0,https://www.procyclingstats.com/rider/jelte-krijnsen
637,SOBRERO Matteo,IT,Red Bull - BORA - hansgrohe,42.0,https://www.procyclingstats.com/rider/matteo-sobrero
638,CAICEDO Jonathan Klever,EC,Petrolike,42.0,https://www.procyclingstats.com/rider/jonathan-klever-caicedo
639,JUNG Woo-Ho,KR,Seoul Cycling Team,42.0,https://www.procyclingstats.com/rider/woo-ho-jung
640,PHOUNSAVATH Ariya,LA,Roojai Insurance,42.0,https://www.procyclingstats.com/rider/ariya-phounsavath
641,REINDERS Elmar,NL,Team Jayco AlUla,42.0,https://www.procyclingstats.com/rider/elmar-reinders
642,MÄRKL Niklas,DE,Team Picnic PostNL,42.0,https://www.procyclingstats.com/rider/niklas-markl
643,KLUCKERS Arthur,LU,Tudor Pro Cycling Team,42.0,https://www.procyclingstats.com/rider/arthur-kluckers
644,MEENS Johan,BE,Wagner Bazin WB,42.0,https://www.procyclingstats.com/rider/johan-meens
645,MARTÍN Alex,ES,Team Polti VisitMalta,42.0,https://www.procyclingstats.com/rider/alex-martin-gutierrez
646,ETXEBERRIA Haimar,ES,Equipo Kern Pharma,41.0,https://www.procyclingstats.com/rider/haimar-etxeberria
647,NERURKAR Lukas,GB,EF Education - EasyPost,41.0,https://www.procyclingstats.com/rider/lukas-nerurkar
648,MARIVOET Duarte,BE,UAE Team Emirates Gen Z,41.0,https://www.procyclingstats.com/rider/duarte-marivoet
649,MACIAS Cesar,MX,Petrolike,41.0,https://www.procyclingstats.com/rider/cesar-macias-estrada
650,DE VRIES Hartthijs,NL,Unibet Tietema Rockets,41.0,https://www.procyclingstats.com/rider/hartthijs-de-vries
651,REGUIGUI Youcef,DZ,Madar Pro Cycling Team,41.0,https://www.procyclingstats.com/rider/youcef-reguigui
652,MANSOURI Islam,DZ,Madar Pro Cycling Team,41.0,https://www.procyclingstats.com/rider/islam-mansouri
653,SOENENS Viktor,BE,Soudal Quick-Step Devo Team,41.0,https://www.procyclingstats.com/rider/viktor-soenens
654,BASSET Pierre-Henry,FR,XDS Astana Development Team,41.0,https://www.procyclingstats.com/rider/pierre-henry-basset
655,GONOV Lev,RU,XDS Astana Development Team,41.0,https://www.procyclingstats.com/rider/lev-gonov
656,TIVANI German Nicolás,AR,Aviludo - Louletano - Loulé,41.0,https://www.procyclingstats.com/rider/german-nicolas-tivani-perez
657,KONYCHEV Alexander,IT,Team Vorarlberg,41.0,https://www.procyclingstats.com/rider/alexander-konychev
658,DAVY Clément,FR,Groupama - FDJ,40.0,https://www.procyclingstats.com/rider/clement-davy
659,SCHULTZ Nick,AU,Israel - Premier Tech,40.0,https://www.procyclingstats.com/rider/nick-schultz
660,WALKER Max,GB,EF Education - EasyPost,40.0,https://www.procyclingstats.com/rider/max-walker
661,NORSGAARD Mathias,DK,Movistar Team,40.0,https://www.procyclingstats.com/rider/mathias-norsgaard
662,JOHANNINK Jelle,NL,Unibet Tietema Rockets,40.0,https://www.procyclingstats.com/rider/jelle-johannink
663,SEXTON Tom,NZ,St George Continental Cycling Team,40.0,https://www.procyclingstats.com/rider/tom-sexton
664,KHADBAATAR Temuulen,MN,Nusantara - BYC,40.0,https://www.procyclingstats.com/rider/temuulen-khadbaatar
665,COLLEONI Kevin,IT,Intermarché - Wanty,40.0,https://www.procyclingstats.com/rider/kevin-colleoni
666,VAN HOECKE Gijs,BE,Intermarché - Wanty,40.0,https://www.procyclingstats.com/rider/gijs-van-hoecke
667,PASQUALON Andrea,IT,Bahrain - Victorious,40.0,https://www.procyclingstats.com/rider/andrea-pasqualon
668,MORO Manlio,IT,Movistar Team,40.0,https://www.procyclingstats.com/rider/manlio-moro
669,FERNÁNDEZ Samuel,ES,Caja Rural - Seguros RGA,40.0,https://www.procyclingstats.com/rider/samuel-fernandez-garcia
670,DELAPLACE Anthony,FR,Arkéa - B&B Hotels,40.0,https://www.procyclingstats.com/rider/anthony-delaplace
671,HELLEMOSE Asbjørn,DK,Team Jayco AlUla,40.0,https://www.procyclingstats.com/rider/asbjorn-hellemose
672,STOSZ Patryk,PL,Voster ATS Team,40.0,https://www.procyclingstats.com/rider/patryk-stosz
673,MIHOLJEVIĆ Fran,HR,Bahrain - Victorious,40.0,https://www.procyclingstats.com/rider/fran-miholjevic
674,KALEJMANN Mateo,AR,Supermercados Froiz,40.0,https://www.procyclingstats.com/rider/mateo-kalejmann
675,OSORIO Alejandro,CO,Orgullo Paisa,40.0,https://www.procyclingstats.com/rider/alejandro-osorio-carbajal
676,CHRISTOPHERSEN Cedrik Bakke,NO,Unibet Tietema Rockets,40.0,https://www.procyclingstats.com/rider/cedrik-bakke-christophersen
677,OOSTERLINCK Joes,BE,VolkerWessels Cycling Team,40.0,https://www.procyclingstats.com/rider/joes-oosterlinck
678,HAVERDINGS David,NL,Baloise Glowi Lions,40.0,https://www.procyclingstats.com/rider/david-haverdings
679,SYELHAN Muhammad,ID,ASC Monsters Indonesia,39.0,https://www.procyclingstats.com/rider/muhammad-syelhan
680,BERWICK Sebastian,AU,Caja Rural - Seguros RGA,39.0,https://www.procyclingstats.com/rider/sebastian-berwick
681,VERCOUILLIE Victor,BE,Team Flanders - Baloise,39.0,https://www.procyclingstats.com/rider/victor-vercouillie
682,GUGLIELMI Simon,FR,Arkéa - B&B Hotels,39.0,https://www.procyclingstats.com/rider/simon-guglielmi
683,COVILI Luca,IT,VF Group - Bardiani CSF - Faizanè,39.0,https://www.procyclingstats.com/rider/luca-covili
684,GRANGER Ben,GB,Mg.K Vis Costruzioni e Ambiente,39.0,https://www.procyclingstats.com/rider/ben-granger
685,HEREMANS Joppe,BE,VolkerWessels Cycling Team,39.0,https://www.procyclingstats.com/rider/joppe-heremans
686,DEBRUYNE Ramses,BE,Alpecin - Deceuninck,38.0,https://www.procyclingstats.com/rider/ramses-debruyne
687,PESENTI Thomas,IT,Soudal Quick-Step Devo Team,38.0,https://www.procyclingstats.com/rider/thomas-pesenti
688,AZPARREN Xabier Mikel,ES,Q36.5 Pro Cycling Team,38.0,https://www.procyclingstats.com/rider/xabier-mikel-azparren-irurzun
689,AMARI Hamza,DZ,Madar Pro Cycling Team,38.0,https://www.procyclingstats.com/rider/hamza-amari
690,GONZÁLEZ Roberto Carlos,PA,Team Solution Tech - Vini Fantini,38.0,https://www.procyclingstats.com/rider/roberto-gonzalez
691,FORTIN Filippo,IT,Team Solution Tech - Vini Fantini,38.0,https://www.procyclingstats.com/rider/filippo-fortin
692,BERNARD Julien,FR,Lidl - Trek,38.0,https://www.procyclingstats.com/rider/julien-bernard
693,PŘIDAL Tomáš,CZ,Elkov - Kasper,38.0,https://www.procyclingstats.com/rider/tomas-pridal
694,GRAAT Tijmen,NL,Team Visma | Lease a Bike,37.0,https://www.procyclingstats.com/rider/tijmen-graat
695,BAYER Tobias,AT,Alpecin - Deceuninck,37.0,https://www.procyclingstats.com/rider/tobias-bayer
696,ISIDORE Noa,FR,Decathlon AG2R La Mondiale Team,37.0,https://www.procyclingstats.com/rider/noa-isidore
697,PRADES Benjamín,ES,VC Fukuoka,37.0,https://www.procyclingstats.com/rider/benjamin-prades-reverter
698,SÖDERQVIST Jakob,SE,Lidl - Trek Future Racing,37.0,https://www.procyclingstats.com/rider/jakob-soderqvist
699,JUUL-JENSEN Christopher,DK,Team Jayco AlUla,37.0,https://www.procyclingstats.com/rider/christopher-juul-jensen
700,PEREZ Anthony,FR,Cofidis,37.0,https://www.procyclingstats.com/rider/anthony-perez
701,TAROZZI Manuele,IT,VF Group - Bardiani CSF - Faizanè,37.0,https://www.procyclingstats.com/rider/manuele-tarozzi
702,HANSEN Alexander Arnt,DK,AIRTOX - Carl Ras,37.0,https://www.procyclingstats.com/rider/alexander-arnt-hansen
703,INGEBRIGTSEN Storm,NO,Team Coop - Repsol,37.0,https://www.procyclingstats.com/rider/storm-ingebrigtsen
704,LANHOVE Milan,BE,Team Flanders - Baloise,37.0,https://www.procyclingstats.com/rider/milan-lanhove
705,PETER Jannis,DE,Team Vorarlberg,37.0,https://www.procyclingstats.com/rider/jannis-peter
706,QUINTANA Hector Exequiel,CL,Plus Performance - Solutos,37.0,https://www.procyclingstats.com/rider/hector-exequiel-quintana-vidal
707,GAFFURI Mattia,IT,Swatt Club,37.0,https://www.procyclingstats.com/rider/mattia-gaffuri
708,SIRIRONNACHAI Sarawut,TH,,36.0,https://www.procyclingstats.com/rider/sarawut-sirironnachai
709,EDDY Patrick,AU,Team Picnic PostNL,36.0,https://www.procyclingstats.com/rider/patrick-eddy
710,JOHANSEN Julius,DK,UAE Team Emirates - XRG,36.0,https://www.procyclingstats.com/rider/julius-johansen
711,VANDENABEELE Henri,BE,Lotto,36.0,https://www.procyclingstats.com/rider/henri-vandenabeele
712,LABIB SHOTORBAN Ali,IR,,36.0,https://www.procyclingstats.com/rider/ali-labib-shotorban
713,TAMINIAUX Lionel,BE,Lotto,36.0,https://www.procyclingstats.com/rider/lionel-taminiaux
714,PRICE-PEJTERSEN Johan,DK,Alpecin - Deceuninck,36.0,https://www.procyclingstats.com/rider/johan-price-pejtersen
715,MELLANO Ludovico Maria,IT,XDS Astana Development Team,36.0,https://www.procyclingstats.com/rider/ludovico-maria-mellano
716,FINKŠT Tilen,SI,Adria Mobil,36.0,https://www.procyclingstats.com/rider/tilen-finkst
717,RAFFERTY Darren,IE,EF Education - EasyPost,36.0,https://www.procyclingstats.com/rider/darren-rafferty
718,RODRÍGUEZ Brandon Ulises,SV,,36.0,https://www.procyclingstats.com/rider/brandon-rodriguez
719,ARVANITOU Nikiforos,GR,Novapor Theseus SportsClub,36.0,https://www.procyclingstats.com/rider/nikiforos-arvanitou
720,VÉLEZ Cristian Damián,CO,GW Erco Shimano,36.0,https://www.procyclingstats.com/rider/cristian-damian-velez
721,APARICIO Mario,ES,Burgos Burpellet BH,35.0,https://www.procyclingstats.com/rider/mario-aparicio-munoz
722,STANNARD Robert,AU,Bahrain - Victorious,35.0,https://www.procyclingstats.com/rider/robert-stannard
723,OURSELIN Paul,FR,Cofidis,35.0,https://www.procyclingstats.com/rider/paul-ourselin
724,BOUGLAS Georgios,GR,Burgos Burpellet BH,35.0,https://www.procyclingstats.com/rider/georgios-bouglas
725,FOX Matthew,AU,Veloce Club Rouen 76,35.0,https://www.procyclingstats.com/rider/matthew-fox2
726,YEMANE Even,ER,Istanbul Büyükșehir Belediye Spor Türkiye,35.0,https://www.procyclingstats.com/rider/even-yemane
727,D'AMATO Andrea,IT,JCL Team UKYO,35.0,https://www.procyclingstats.com/rider/andrea-d-amato
728,WILKSCH Hannes,DE,Tudor Pro Cycling Team,35.0,https://www.procyclingstats.com/rider/hannes-wilksch
729,THOMPSON Reuben,NZ,Lotto,35.0,https://www.procyclingstats.com/rider/reuben-thompson
730,RAISBERG Nadav,IL,Israel - Premier Tech,35.0,https://www.procyclingstats.com/rider/nadav-raisberg
731,VAN DER SANDE Tosh,BE,Team Visma | Lease a Bike,35.0,https://www.procyclingstats.com/rider/tosh-van-der-sande
732,LEIJNSE Enzo,NL,Team Picnic PostNL,35.0,https://www.procyclingstats.com/rider/enzo-leijnse
733,MANZIN Lorrenzo,FR,Team TotalEnergies,35.0,https://www.procyclingstats.com/rider/lorrenzo-manzin
734,GRIGNARD Sébastien,BE,Lotto,35.0,https://www.procyclingstats.com/rider/sebastien-grignard
735,REINDERINK Pepijn,NL,Soudal Quick-Step,35.0,https://www.procyclingstats.com/rider/pepijn-reinderink
736,GRADEK Kamil,PL,Bahrain - Victorious,35.0,https://www.procyclingstats.com/rider/kamil-gradek
737,SIMMONS Colby,US,EF Education - EasyPost,35.0,https://www.procyclingstats.com/rider/colby-simmons
738,LE BERRE Mathis,FR,Arkéa - B&B Hotels,35.0,https://www.procyclingstats.com/rider/mathis-le-berre
739,PALENI Enzo,FR,Groupama - FDJ,35.0,https://www.procyclingstats.com/rider/enzo-paleni
740,FRYDKJÆR Patrick Boje,DK,Lidl - Trek Future Racing,35.0,https://www.procyclingstats.com/rider/patrick-boje-frydkjaer
741,COMBAUD Romain,FR,Team Picnic PostNL,35.0,https://www.procyclingstats.com/rider/romain-combaud
742,KERGOZOU DE LA BOESSIERE Nick,NZ,St George Continental Cycling Team,35.0,https://www.procyclingstats.com/rider/nick-kergozou
743,BAX Sjoerd,NL,Q36.5 Pro Cycling Team,35.0,https://www.procyclingstats.com/rider/sjoerd-bax
744,MENDES Diego De Jesus,BR,,35.0,https://www.procyclingstats.com/rider/diego-de-jesus-mendes
745,REMKHI Rudolf,KZ,Team Vino - North Qazaqstan Region,35.0,https://www.procyclingstats.com/rider/rudolf-remkhi
746,TRÆEN Torstein,NO,Bahrain - Victorious,35.0,https://www.procyclingstats.com/rider/torstein-traeen
747,OLIVEIRA Rui,PT,UAE Team Emirates - XRG,34.0,https://www.procyclingstats.com/rider/rui-oliveira
748,SABBAHI El Houcaine,MA,Agadir Vélo Propulsion,34.0,https://www.procyclingstats.com/rider/el-houcaine-sabbahi
749,LE HUITOUZE Eddy,FR,Groupama - FDJ,34.0,https://www.procyclingstats.com/rider/eddy-le-huitouze
750,DELLAI Mohamed Aziz,TN,,34.0,https://www.procyclingstats.com/rider/mohamed-aziz-dellai
751,VERMAERKE Kevin,US,Team Picnic PostNL,34.0,https://www.procyclingstats.com/rider/kevin-vermaerke
752,JOUSSEAUME Alan,FR,Team TotalEnergies,34.0,https://www.procyclingstats.com/rider/alan-jousseaume
753,KOLZE CHANGIZI Sebastian,DK,Tudor Pro Cycling Team,34.0,https://www.procyclingstats.com/rider/sebastian-kolze-changizi
754,NARRAWAY Nicholas,BM,Tenerife - Bike Point - Gsport,34.0,https://www.procyclingstats.com/rider/nicholas-narraway
755,PÉREZ Ciro,UY,Mg.K Vis Costruzioni e Ambiente,34.0,https://www.procyclingstats.com/rider/ciro-perez-alvarez
756,DOMINGUEZ Carlos,PY,,34.0,https://www.procyclingstats.com/rider/carlos-dominguez-silva
757,BOICHIS Adrien,FR,Red Bull - BORA - hansgrohe Rookies,33.0,https://www.procyclingstats.com/rider/adrien-boichis
758,KOCH Jonas,DE,Red Bull - BORA - hansgrohe,33.0,https://www.procyclingstats.com/rider/jonas-koch
759,ZOIDL Riccardo,AT,Hrinkow Advarics,33.0,https://www.procyclingstats.com/rider/riccardo-zoidl
760,VERVENNE Jonathan,BE,Soudal Quick-Step Devo Team,33.0,https://www.procyclingstats.com/rider/jonathan-vervenne
761,BECERRA Eduin,VE,Team Trululu,32.0,https://www.procyclingstats.com/rider/eduin-becerra
762,HUBY Antoine,FR,Soudal Quick-Step,32.0,https://www.procyclingstats.com/rider/antoine-huby
763,TIZZA Marco,IT,Wagner Bazin WB,32.0,https://www.procyclingstats.com/rider/marco-tizza
764,SÜTTERLIN Jasha,DE,Team Jayco AlUla,32.0,https://www.procyclingstats.com/rider/jasha-sutterlin
765,ASSAL Mohamed Nadjib,DZ,Mouloudia Club d'Alger,32.0,https://www.procyclingstats.com/rider/mohamed-nadjib-assal
766,SHEEHAN Riley,US,Israel - Premier Tech,32.0,https://www.procyclingstats.com/rider/riley-sheehan
767,ROYAN Muhammad Andy,ID,,32.0,https://www.procyclingstats.com/rider/muhammad-andy-royan
768,FU Enqi,CN,China Anta - Mentech Cycling Team,32.0,https://www.procyclingstats.com/rider/enqi-fu
769,ROTA Lorenzo,IT,Intermarché - Wanty,32.0,https://www.procyclingstats.com/rider/lorenzo-rota
770,BONNEU Kamiel,BE,Intermarché - Wanty,32.0,https://www.procyclingstats.com/rider/kamiel-bonneu
771,GOOSSENS Kobe,BE,Intermarché - Wanty,32.0,https://www.procyclingstats.com/rider/kobe-goossens
772,GAMPER Patrick,AT,Team Jayco AlUla,32.0,https://www.procyclingstats.com/rider/patrick-gamper
773,L'HOTE Antoine,FR,Decathlon AG2R La Mondiale Development Team,32.0,https://www.procyclingstats.com/rider/antoine-l-hote
774,CHAIYASOMBAT Thanakhan,TH,Thailand Continental Cycling Team,31.0,https://www.procyclingstats.com/rider/thanakhan-chaiyasombat
775,VERHOEFF Stefan,NL,Universe Cycling Team,31.0,https://www.procyclingstats.com/rider/stefan-verhoeff
776,LAU Wan Yau Vincent,HK,Roojai Insurance,31.0,https://www.procyclingstats.com/rider/wan-yau-lau
777,FERNÁNDEZ Miguel Ángel,ES,Equipo Kern Pharma,31.0,https://www.procyclingstats.com/rider/miguel-angel-fernandez-ruiz
778,LAGAB Azzedine,DZ,Madar Pro Cycling Team,31.0,https://www.procyclingstats.com/rider/azzedine-lagab
779,ZOCCARATO Samuele,IT,Team Polti VisitMalta,31.0,https://www.procyclingstats.com/rider/samuele-zoccarato
780,ØRN-KRISTOFF Felix,NO,Wanty - Nippo - ReUz,31.0,https://www.procyclingstats.com/rider/felix-orn-kristoff
781,DUPONT Timothy,BE,Tarteletto - Isorex,31.0,https://www.procyclingstats.com/rider/timothy-dupont
782,DURBRIDGE Luke,AU,Team Jayco AlUla,30.0,https://www.procyclingstats.com/rider/luke-durbridge
783,MAKATILE Kabelo,LS,,30.0,https://www.procyclingstats.com/rider/kabelo-makatile
784,AÏT EL ABDIA Anass,MA,Sidi Ali - Unlock Team,30.0,https://www.procyclingstats.com/rider/anass-ait-el-abdia
785,MACKELLAR Alastair,AU,EF Education - EasyPost,30.0,https://www.procyclingstats.com/rider/alastair-mackellar
786,PAASSCHENS Mathijs,NL,Bahrain - Victorious,30.0,https://www.procyclingstats.com/rider/mathijs-paasschens
787,VERMOTE Julien,BE,Team Visma | Lease a Bike,30.0,https://www.procyclingstats.com/rider/julien-vermote
788,DELACROIX Théo,FR,St Michel - Preference Home - Auber93,30.0,https://www.procyclingstats.com/rider/theo-delacroix
789,MILLER Alex,NA,Swatt Club,30.0,https://www.procyclingstats.com/rider/alex-miller
790,KEE Zhe Yie,MY,Terengganu Cycling Team,30.0,https://www.procyclingstats.com/rider/zhe-yie-kee
791,JAWAID Ali,PK,,30.0,https://www.procyclingstats.com/rider/ali-jawaid
792,PETILLI Simone,IT,Intermarché - Wanty,30.0,https://www.procyclingstats.com/rider/simone-petilli
793,RICKAERT Jonas,BE,Alpecin - Deceuninck,30.0,https://www.procyclingstats.com/rider/jonas-rickaert
794,GREGAARD Jonas,DK,Lotto,30.0,https://www.procyclingstats.com/rider/jonas-gregaard
795,DE TIER Floris,BE,Wagner Bazin WB,30.0,https://www.procyclingstats.com/rider/floris-de-tier
796,THIERRY Pierre,FR,Arkéa - B&B Hotels,30.0,https://www.procyclingstats.com/rider/pierre-thierry
797,SCOTSON Miles,AU,Arkéa - B&B Hotels,30.0,https://www.procyclingstats.com/rider/miles-scotson
798,ROBEET Ludovic,BE,Cofidis,30.0,https://www.procyclingstats.com/rider/ludovic-robeet
799,PIETROBON Andrea,IT,Team Polti VisitMalta,30.0,https://www.procyclingstats.com/rider/andrea-pietrobon
800,KESSLER Bruno,DE,REMBE | rad-net,30.0,https://www.procyclingstats.com/rider/bruno-kessler
801,HAUG Kieran,US,Project Echelon Racing,30.0,https://www.procyclingstats.com/rider/kieran-haug
802,TESSON Jason,FR,Team TotalEnergies,30.0,https://www.procyclingstats.com/rider/jason-tesson
803,LOZOUET Léandre,FR,Arkéa - B&B Hotels,30.0,https://www.procyclingstats.com/rider/leandre-lozouet
804,GONZÁLEZ David,ES,Q36.5 Pro Cycling Team,30.0,https://www.procyclingstats.com/rider/david-gonzalez-lopez
805,BOUWMAN Koen,NL,Team Jayco AlUla,30.0,https://www.procyclingstats.com/rider/koen-bouwman
806,JARNET Maxime,FR,Van Rysel Roubaix,30.0,https://www.procyclingstats.com/rider/maxime-jarnet
807,MARIAULT Axel,FR,CIC - U - Nantes,30.0,https://www.procyclingstats.com/rider/axel-mariault
808,BETTLES Carter,AU,Roojai Insurance,30.0,https://www.procyclingstats.com/rider/carter-bettles
809,JANSSENS Jimmy,BE,Alpecin - Deceuninck,30.0,https://www.procyclingstats.com/rider/jimmy-janssens
810,GARIBBO Nicolò,IT,JCL Team UKYO,30.0,https://www.procyclingstats.com/rider/nicolo-garibbo
811,PEÑA Wilson Estiben,CO,Team Sistecredito,30.0,https://www.procyclingstats.com/rider/wilson-estiben-pena-molano
812,KURITS Karl,EE,Israel Premier Tech Academy,30.0,https://www.procyclingstats.com/rider/karl-kurits
813,NUHA Blerton,XK,,30.0,https://www.procyclingstats.com/rider/blerton-nuha
814,SODJEDE Ricardo,BJ,,30.0,https://www.procyclingstats.com/rider/ricardo-sodjede
815,WALTERS Red,GD,Óbidos Cycling Team,30.0,https://www.procyclingstats.com/rider/red-walters
816,KAGIMU Charles,UG,Team Amani,30.0,https://www.procyclingstats.com/rider/charles-kagimu
817,RADUNOVIĆ Aleksandar,ME,,30.0,https://www.procyclingstats.com/rider/aleksandar-radunovic
818,DA CRUZ Nelio,CV,,30.0,https://www.procyclingstats.com/rider/nelio-da-cruz
819,ESSABAHY Ibrahim,MA,Agadir Vélo Propulsion,29.0,https://www.procyclingstats.com/rider/ibrahim-essabahy
820,BURNETT Josh,NZ,Burgos Burpellet BH,29.0,https://www.procyclingstats.com/rider/josh-burnett
821,BEULLENS Cedric,BE,Lotto,29.0,https://www.procyclingstats.com/rider/cedric-beullens
822,NEGRENTE Mattia,IT,XDS Astana Development Team,29.0,https://www.procyclingstats.com/rider/mattia-negrente
823,THORNLEY Callum,GB,Red Bull - BORA - hansgrohe Rookies,29.0,https://www.procyclingstats.com/rider/callum-thornley
824,VAN HAUTEGEM Leander,BE,Wagner Bazin WB,29.0,https://www.procyclingstats.com/rider/leander-van-hautegem
825,REYNDERS Jens,BE,Wagner Bazin WB,29.0,https://www.procyclingstats.com/rider/jens-reynders
826,OLIVEIRA Nelson,PT,Movistar Team,29.0,https://www.procyclingstats.com/rider/nelson-oliveira
827,BRUNNER Eric,US,Competitive Edge Racing,29.0,https://www.procyclingstats.com/rider/eric-brunner
828,SCOTT Cameron,AU,CCACHE x BODYWRAP,28.0,https://www.procyclingstats.com/rider/cameron-scott
829,CASTROVIEJO Jonathan,ES,INEOS Grenadiers,28.0,https://www.procyclingstats.com/rider/jonathan-castroviejo
830,CHAMPION Thomas,FR,St Michel - Preference Home - Auber93,28.0,https://www.procyclingstats.com/rider/thomas-champion
831,HENAO Sergio,CO,Nu Colombia,28.0,https://www.procyclingstats.com/rider/sergio-luis-henao
832,KAJAMINI Florian Samuel,IT,XDS Astana Team,28.0,https://www.procyclingstats.com/rider/florian-samuel-kajamini
833,AMAN Awet,ER,UCI WCC Men's Team,28.0,https://www.procyclingstats.com/rider/awet-aman
834,CONTI Valerio,IT,Team Solution Tech - Vini Fantini,28.0,https://www.procyclingstats.com/rider/valerio-conti
835,BIESTERBOS Frits,NL,BEAT Cycling Club,28.0,https://www.procyclingstats.com/rider/frits-biesterbos
836,BOGDANOVIČS Māris,LV,FNIX - SCOM - Hengxiang Cycling Team,28.0,https://www.procyclingstats.com/rider/maris-bogdanovics
837,CRETTI Luca,IT,MBH Bank Ballan CSB,28.0,https://www.procyclingstats.com/rider/luca-cretti
838,AMBROSSI Facundo Nicolás,AR,Technosylva Maglia Bembibre,28.0,https://www.procyclingstats.com/rider/facundo-nicolas-ambrossi
839,AERTS Toon,BE,Lotto,28.0,https://www.procyclingstats.com/rider/toon-aerts
840,ROULAND Louis,FR,Arkéa - B&B Hotels,27.0,https://www.procyclingstats.com/rider/louis-rouland
841,THOMAS Geraint,GB,INEOS Grenadiers,27.0,https://www.procyclingstats.com/rider/geraint-thomas
842,ABAY Burak,TR,Konya Büyükşehir Belediye Spor,27.0,https://www.procyclingstats.com/rider/burak-abay
843,KIM Euro,KR,LX Cycling Team,27.0,https://www.procyclingstats.com/rider/euro-kim
844,JOCHUM Ben Felix,DE,Team Lotto Kern-Haus PSD Bank,27.0,https://www.procyclingstats.com/rider/ben-felix-jochum
845,BOWER Lewis,NZ,Groupama - FDJ,27.0,https://www.procyclingstats.com/rider/lewis-bower
846,ANDERSEN Kasper,DK,Swatt Club,27.0,https://www.procyclingstats.com/rider/kasper-andersen1
847,GIDDINGS Joshua,GB,Lotto,27.0,https://www.procyclingstats.com/rider/joshua-giddings
848,WEEMAES Sasha,BE,Wagner Bazin WB,27.0,https://www.procyclingstats.com/rider/sasha-weemaes
849,DE JONG Timo,NL,VolkerWessels Cycling Team,27.0,https://www.procyclingstats.com/rider/timo-de-jong
850,KESS Alexandre,LU,Team Lotto Kern-Haus PSD Bank,27.0,https://www.procyclingstats.com/rider/alexandre-kess
851,BANASZEK Norbert,PL,ATT Investments,27.0,https://www.procyclingstats.com/rider/norbert-banaszek
852,KAMP Alexander,DK,Intermarché - Wanty,27.0,https://www.procyclingstats.com/rider/alexander-kamp
853,DOMÍNGUEZ José Alberto,CU,,27.0,https://www.procyclingstats.com/rider/jose-alberto-dominguez
854,RASENBERG Martijn,NL,Parkhotel Valkenburg,27.0,https://www.procyclingstats.com/rider/martijn-rasenberg
855,VELIA Olsian,AL,Cyklotym Havířov - Tirana,27.0,https://www.procyclingstats.com/rider/olsian-velia
856,NEILANDS Krists,LV,Israel - Premier Tech,27.0,https://www.procyclingstats.com/rider/krists-neilands
857,DE POOTER Dries,BE,Intermarché - Wanty,26.0,https://www.procyclingstats.com/rider/dries-de-pooter
858,CRABBE Tom,BE,Team Flanders - Baloise,26.0,https://www.procyclingstats.com/rider/tom-crabbe
859,SENTJENS Sente,BE,Alpecin-Deceuninck Development Team,26.0,https://www.procyclingstats.com/rider/sente-sentjens
860,ALMUTAIWEI Mohammad,AE,UAE Team Emirates Gen Z,26.0,https://www.procyclingstats.com/rider/mohammad-almutaiwei
861,OOMEN Sam,NL,Lidl - Trek,26.0,https://www.procyclingstats.com/rider/sam-oomen
862,ANGULO Antonio,ES,Burgos Burpellet BH,26.0,https://www.procyclingstats.com/rider/antonio-angulo
863,VÁSQUEZ Juan Mardoqueo,GT,Hino-One-La red-Suzuki,26.0,https://www.procyclingstats.com/rider/juan-mardoqueo-vasquez-vasquez
864,KACZMAREK Jakub,PL,Mazowsze Serce Polski,26.0,https://www.procyclingstats.com/rider/jakub-kaczmarek
865,SERRY Pieter,BE,Soudal Quick-Step,25.0,https://www.procyclingstats.com/rider/pieter-serry
866,ERMAKOV Roman,RU,Bahrain - Victorious,25.0,https://www.procyclingstats.com/rider/roman-ermakov
867,HOUCOU Emmanuel,FR,Arkéa - B&B Hôtels Continentale,25.0,https://www.procyclingstats.com/rider/emmanuel-houcou
868,BULUT Samet,TR,Konya Büyükşehir Belediye Spor,25.0,https://www.procyclingstats.com/rider/samet-bulut
869,SOTO Antonio Jesús,ES,Equipo Kern Pharma,25.0,https://www.procyclingstats.com/rider/antonio-soto
870,VERSCHUREN Killian,FR,Unibet Tietema Rockets,25.0,https://www.procyclingstats.com/rider/killian-verschuren
871,KUYPERS Gerben,BE,Intermarché - Wanty,25.0,https://www.procyclingstats.com/rider/gerben-kuypers
872,BASTIAENS Ayco,BE,Soudal Quick-Step,25.0,https://www.procyclingstats.com/rider/ayco-bastiaens
873,DEWULF Stan,BE,Decathlon AG2R La Mondiale Team,25.0,https://www.procyclingstats.com/rider/stan-dewulf
874,STEIMLE Jannik,DE,Q36.5 Pro Cycling Team,25.0,https://www.procyclingstats.com/rider/jannik-steimle
875,SKAARSETH Anders,NO,Uno-X Mobility,25.0,https://www.procyclingstats.com/rider/anders-skaarseth
876,GAZZOLI Michele,IT,XDS Astana Team,25.0,https://www.procyclingstats.com/rider/michele-gazzoli
877,WEISS Fabian,CH,Tudor Pro Cycling Team,25.0,https://www.procyclingstats.com/rider/fabian-weiss
878,BLUME LEVY William,DK,Uno-X Mobility,25.0,https://www.procyclingstats.com/rider/william-blume-levy
879,TONELLI Alessandro,IT,Team Polti VisitMalta,25.0,https://www.procyclingstats.com/rider/alessandro-tonelli
880,KRUIJSWIJK Steven,NL,Team Visma | Lease a Bike,25.0,https://www.procyclingstats.com/rider/steven-kruijswijk
881,MUÑOZ Francisco,ES,Team Polti VisitMalta,25.0,https://www.procyclingstats.com/rider/francisco-munoz-llana
882,VEISTROFFER Baptiste,FR,Lotto,25.0,https://www.procyclingstats.com/rider/baptiste-veistroffer
883,VAN SINTMAARTENSDIJK Roel,NL,Intermarché - Wanty,25.0,https://www.procyclingstats.com/rider/roel-van-sintmaartensdijk
884,RAMÍREZ Donovan,CR,,25.0,https://www.procyclingstats.com/rider/donovan-ramirez
885,ROJAS Gabriel Francisco,CR,Manzaté La Selva Scott,25.0,https://www.procyclingstats.com/rider/gabriel-francisco-rojas
886,AZIZ Mohab Youssef,EG,SuezCanalDiscovery,25.0,https://www.procyclingstats.com/rider/mohab-aziz
887,MAROLT Jaka,SI,Factor Racing,25.0,https://www.procyclingstats.com/rider/jaka-marolt
888,ROSENLUND Stian,DK,AIRTOX - Carl Ras,25.0,https://www.procyclingstats.com/rider/stian-rosenlund
889,JONKMANS Tom,NL,Wielerploeg Groot Amsterdam,25.0,https://www.procyclingstats.com/rider/tom-jonkmans
890,ILIĆ Ognjen,RS,Borac Cacak,25.0,https://www.procyclingstats.com/rider/ognjen-ilic
891,MASNADA Fausto,IT,XDS Astana Team,25.0,https://www.procyclingstats.com/rider/fausto-masnada
892,MANDIN MEDINA Yunior Brayan,CU,,25.0,https://www.procyclingstats.com/rider/yunior-brayan-mandin-medina
893,MAYER Alexandre,MU,Burgos Burpellet BH,25.0,https://www.procyclingstats.com/rider/alexandre-mayer
894,MORALES Christopher,PR,Controlpack,25.0,https://www.procyclingstats.com/rider/christopher-morales
895,STOYNEV Emil,BG,,25.0,https://www.procyclingstats.com/rider/emil-stoynev
896,SKERL Daniel,IT,Bahrain - Victorious,24.0,https://www.procyclingstats.com/rider/daniel-skerl
897,BORGO Alessandro,IT,Bahrain Victorious Development Team,24.0,https://www.procyclingstats.com/rider/alessandro-borgo
898,JAKOBSEN Fabio,NL,Team Picnic PostNL,24.0,https://www.procyclingstats.com/rider/fabio-jakobsen
899,MILAN Matteo,IT,Lidl - Trek Future Racing,24.0,https://www.procyclingstats.com/rider/matteo-milan
900,ISASA Xabier,ES,Euskaltel - Euskadi,24.0,https://www.procyclingstats.com/rider/xabier-isasa-larranaga
901,SWIRBUL Keegan,US,Efapel Cycling,24.0,https://www.procyclingstats.com/rider/keegan-swirbul
902,LAMBRECHT Michiel,BE,Wagner Bazin WB,24.0,https://www.procyclingstats.com/rider/michiel-lambrecht
903,MOLARD Rudy,FR,Groupama - FDJ,24.0,https://www.procyclingstats.com/rider/rudy-molard
904,BOMFIM DE ALMEIDA Luiz Fernando,BR,,24.0,https://www.procyclingstats.com/rider/luiz-fernando-bomfim-de-almeida
905,WIJFJE Tom,NL,Universe Cycling Team,24.0,https://www.procyclingstats.com/rider/tom-wijfje
906,RODRIGUEZ Juan Felipe,CO,Team Sistecredito,24.0,https://www.procyclingstats.com/rider/juan-felipe-rodriguez
907,EL ALOUANI Driss,MA,Agadir Vélo Propulsion,23.0,https://www.procyclingstats.com/rider/driss-el-alouani
908,VAN DER MEULEN Max,NL,Bahrain - Victorious,23.0,https://www.procyclingstats.com/rider/max-van-der-meulen
909,FAURA José Luis,ES,Burgos Burpellet BH,23.0,https://www.procyclingstats.com/rider/jose-luis-faura-asensio
910,AUGÉ Ronan,FR,CIC - U - Nantes,23.0,https://www.procyclingstats.com/rider/ronan-auge
911,VILLA Giacomo,IT,Wagner Bazin WB,23.0,https://www.procyclingstats.com/rider/giacomo-villa
912,CARSTENSEN Lucas,DE,Team Storck - Metropol Cycling,23.0,https://www.procyclingstats.com/rider/lucas-carstensen
913,KAM Chin Pok,MO,China Anta - Mentech Cycling Team,23.0,https://www.procyclingstats.com/rider/chin-pok-kam
914,GUTIÉRREZ Jorge,ES,Equipo Kern Pharma,23.0,https://www.procyclingstats.com/rider/jorge-gutierrez-gonzalez
915,SERRANO Javier,ES,Team Polti VisitMalta,23.0,https://www.procyclingstats.com/rider/javier-serrano
916,PEACE Oliver,GB,Development Team Picnic PostNL,23.0,https://www.procyclingstats.com/rider/oliver-peace
917,DE BUYST Jasper,BE,Lotto,23.0,https://www.procyclingstats.com/rider/jasper-de-buyst
918,BORREMANS Kasper,FI,Bahrain Victorious Development Team,23.0,https://www.procyclingstats.com/rider/kasper-borremans
919,KOECH Silas,DE,Team Lotto Kern-Haus PSD Bank,23.0,https://www.procyclingstats.com/rider/silas-koech
920,BONIFACE Lucas,FR,Team TotalEnergies,23.0,https://www.procyclingstats.com/rider/lucas-boniface
921,OYOLA Róbigzon Leandro,CO,Team Medellín - EPM,23.0,https://www.procyclingstats.com/rider/robigzon-leandro-oyola
922,OKAMIKA Ander,ES,Burgos Burpellet BH,23.0,https://www.procyclingstats.com/rider/ander-okamika
923,BORSTELMANN John,US,,23.0,https://www.procyclingstats.com/rider/john-borstelmann
924,AGNOLETTO Blake,AU,Atom 6 Bikes - Decca Continental Team,23.0,https://www.procyclingstats.com/rider/blake-agnoletto
925,OKA Atsushi,JP,Utsunomiya Blitzen,23.0,https://www.procyclingstats.com/rider/atsushi-oka
926,DE FABRITIIS Gabriele,AL,Rime Drali,23.0,https://www.procyclingstats.com/rider/gabriele-de-fabritiis
927,MEIN Thomas,GB,Mg.K Vis Costruzioni e Ambiente,23.0,https://www.procyclingstats.com/rider/thomas-mein
928,VINOKUROV Nicolas,KZ,XDS Astana Team,22.0,https://www.procyclingstats.com/rider/nicolas-vinokurov
929,BUDYAK Anatoliy,UA,Terengganu Cycling Team,22.0,https://www.procyclingstats.com/rider/anatoliy-budyak
930,SU Haoyu,CN,XDS Astana Team,22.0,https://www.procyclingstats.com/rider/haoyu-su
931,WARLOP Jordi,BE,Soudal Quick-Step,22.0,https://www.procyclingstats.com/rider/jordi-warlop
932,PAWLAK Tobiasz,PL,Voster ATS Team,22.0,https://www.procyclingstats.com/rider/tobiasz-pawlak
933,BATTISTELLA Samuele,IT,EF Education - EasyPost,22.0,https://www.procyclingstats.com/rider/samuele-battistella
934,QUICK Blake,AU,Roojai Insurance,22.0,https://www.procyclingstats.com/rider/blake-quick
935,PEDERSEN Henrik,DK,Uno-X Mobility,22.0,https://www.procyclingstats.com/rider/henrik-pedersen
936,TEUGELS Lennert,BE,Tarteletto - Isorex,22.0,https://www.procyclingstats.com/rider/lennert-teugels
937,RETAILLEAU Valentin,FR,Team TotalEnergies,22.0,https://www.procyclingstats.com/rider/valentin-retailleau
938,IMAMURA Shunsuke,JP,Wanty - Nippo - ReUz,22.0,https://www.procyclingstats.com/rider/shunsuke-imamura
939,KLOPPENBORG Lukas Sulaj,AL,Holbæk Cykelsport,22.0,https://www.procyclingstats.com/rider/lukas-sulaj-kloppenborg
940,WHITE Conor,BM,Muc-Off-SRCT-Storck,22.0,https://www.procyclingstats.com/rider/conor-white
941,YEO Boon Kiak,SG,,22.0,https://www.procyclingstats.com/rider/boon-kiak-yeo
942,GONZÁLEZ Abner,PR,Caja Rural - Seguros RGA,22.0,https://www.procyclingstats.com/rider/abner-gonzalez-rivera
943,EL ARBAOUI Adil,MA,,22.0,https://www.procyclingstats.com/rider/adil-el-arbaoui
944,DONATI Davide,IT,Red Bull - BORA - hansgrohe Rookies,21.0,https://www.procyclingstats.com/rider/davide-donati
945,OLIVER Ben,NZ,MitoQ - NZ Cycling Project,21.0,https://www.procyclingstats.com/rider/ben-oliver
946,CONFORTI Lorenzo,IT,VF Group - Bardiani CSF - Faizanè,21.0,https://www.procyclingstats.com/rider/lorenzo-conforti
947,MASENGESHO Vainqueur,RW,,21.0,https://www.procyclingstats.com/rider/vainqueur-masengesho
948,VANHOOF Ward,BE,Team Flanders - Baloise,21.0,https://www.procyclingstats.com/rider/ward-vanhoof
949,PATTINSON Tomos,GB,Team Visma | Lease a Bike Development,21.0,https://www.procyclingstats.com/rider/tomos-pattinson
950,EEFTING-BLOEM Roy,NL,FNIX - SCOM - Hengxiang Cycling Team,21.0,https://www.procyclingstats.com/rider/roy-eefting
951,LEROUX Samuel,FR,Team TotalEnergies,21.0,https://www.procyclingstats.com/rider/samuel-leroux
952,RIES Michel,LU,Arkéa - B&B Hotels,21.0,https://www.procyclingstats.com/rider/michel-ries
953,STOLIĆ Mihajlo,RS,Team United Shipping,21.0,https://www.procyclingstats.com/rider/mihajlo-stolic
954,MASCIARELLI Lorenzo,IT,MBH Bank Ballan CSB,21.0,https://www.procyclingstats.com/rider/lorenzo-masciarelli
955,CHRISTIAN Sean,US,Team Skyline,21.0,https://www.procyclingstats.com/rider/sean-christian
956,O'BRIEN Liam,IE,Lidl - Trek Future Racing,21.0,https://www.procyclingstats.com/rider/liam-o-brien
957,VAN SINTMAARTENSDIJK Daan,NL,BEAT Cycling Club,21.0,https://www.procyclingstats.com/rider/daan-van-sintmaartensdijk
958,MIENTKI Kacper,PL,Mazowsze Serce Polski,21.0,https://www.procyclingstats.com/rider/kacper-mientki
959,RAWENDE Moucaila,BF,,21.0,https://www.procyclingstats.com/rider/moucaila-rawende
960,ABREU Jorge,VE,Doglocy - Imca,20.0,https://www.procyclingstats.com/rider/jorge-abreu-soler
961,SCHELLING Ide,NL,XDS Astana Team,20.0,https://www.procyclingstats.com/rider/ide-schelling
962,MAHOUDO Nolann,FR,Cofidis,20.0,https://www.procyclingstats.com/rider/nolann-mahoudo
963,PAQUOT Tom,BE,Intermarché - Wanty,20.0,https://www.procyclingstats.com/rider/tom-paquot
964,JASIM AL-ALI Abdulla,AE,UAE Team Emirates Gen Z,20.0,https://www.procyclingstats.com/rider/abdulla-jasim-al-ali
965,TUCKWELL Luke,AU,Red Bull - BORA - hansgrohe Rookies,20.0,https://www.procyclingstats.com/rider/luke-tuckwell
966,YILMAZ Ramazan,TR,Konya Büyükşehir Belediye Spor,20.0,https://www.procyclingstats.com/rider/ramazan-yilmaz
967,NG Pak Hang,HK,HKSI Pro Cycling Team,20.0,https://www.procyclingstats.com/rider/pak-hang-ng
968,WATANABE Ikki,JP,,20.0,https://www.procyclingstats.com/rider/ikki-watanabe
969,WOUTERS Rutger,BE,Team Flanders,20.0,https://www.procyclingstats.com/rider/rutger-wouters
970,DILLIER Silvan,CH,Alpecin - Deceuninck,20.0,https://www.procyclingstats.com/rider/silvan-dillier
971,VAN LERBERGHE Bert,BE,Soudal Quick-Step,20.0,https://www.procyclingstats.com/rider/bert-van-lerberghe
972,TAILLIEU Aldo,BE,Lotto Development Team,20.0,https://www.procyclingstats.com/rider/aldo-taillieu
973,STOCKMAN Abram,BE,Unibet Tietema Rockets,20.0,https://www.procyclingstats.com/rider/abram-stockman
974,LE GAC Olivier,FR,Groupama - FDJ,20.0,https://www.procyclingstats.com/rider/olivier-le-gac
975,RIESEBEEK Oscar,NL,Alpecin - Deceuninck,20.0,https://www.procyclingstats.com/rider/oscar-riesebeek
976,DEMAN Brem,BE,Team Flanders - Baloise,20.0,https://www.procyclingstats.com/rider/brem-deman
977,BOU Joan,ES,Caja Rural - Seguros RGA,20.0,https://www.procyclingstats.com/rider/joan-bou
978,ARCAS Jorge,ES,Movistar Team,20.0,https://www.procyclingstats.com/rider/jorge-arcas
979,LAENGEN Vegard Stake,NO,UAE Team Emirates - XRG,20.0,https://www.procyclingstats.com/rider/vegard-stake-laengen
980,GIAIMI Luca,IT,UAE Team Emirates Gen Z,20.0,https://www.procyclingstats.com/rider/luca-giaimi
981,GUÉGAN Maël,FR,CIC - U - Nantes,20.0,https://www.procyclingstats.com/rider/mael-guegan
982,DESAL Ceriel,BE,Wagner Bazin WB,20.0,https://www.procyclingstats.com/rider/ceriel-desal
983,BOIVIN Guillaume,CA,Israel - Premier Tech,20.0,https://www.procyclingstats.com/rider/guillaume-boivin
984,BOULAHOITE Rayan,FR,Team TotalEnergies,20.0,https://www.procyclingstats.com/rider/rayan-boulahoite
985,CHAMBERLAIN Oscar,AU,Decathlon AG2R La Mondiale Team,20.0,https://www.procyclingstats.com/rider/oscar-chamberlain
986,GARCÍA PIERNA Carlos,ES,Burgos Burpellet BH,20.0,https://www.procyclingstats.com/rider/carlos-garcia-pierna
987,HESSMANN Michel,DE,Movistar Team,20.0,https://www.procyclingstats.com/rider/michel-hessmann
988,CALLEJAS Edison Alejandro,CO,Petrolike,20.0,https://www.procyclingstats.com/rider/edison-alejandro-callejas-santos
989,MUÑIZ José Ramón,MX,Olinka Specialized,20.0,https://www.procyclingstats.com/rider/jose-ramon-muniz-vazquez
990,QUINTERO Juan Diego,CO,GW Erco Shimano,20.0,https://www.procyclingstats.com/rider/juan-diego-quintero-osorno
991,TRILLAT Jose,CL,,20.0,https://www.procyclingstats.com/rider/jose-trillat
992,FONSECA DA SILVA FREITAS Kacio,BR,Swift Pro Cycling,20.0,https://www.procyclingstats.com/rider/kacio-fonseca-da-silva-freitas
993,KAMZONG Clovis,CM,SNH Vélo Club,20.0,https://www.procyclingstats.com/rider/clovis-kamzong-abessolo
994,DATI Tommaso,IT,Biesse - Carrera - Premac,20.0,https://www.procyclingstats.com/rider/tommaso-dati
995,HUYS Laurens,BE,Arkéa - B&B Hotels,20.0,https://www.procyclingstats.com/rider/laurens-huys
996,TORRES Albert,ES,Movistar Team,20.0,https://www.procyclingstats.com/rider/albert-torres
997,DEBEAUMARCHÉ Nicolas,FR,Cofidis,20.0,https://www.procyclingstats.com/rider/nicolas-debeaumarche
998,TVEDT Ulrik,NO,Lillehammer CK Continental Team,19.0,https://www.procyclingstats.com/rider/ulrik-tvedt
999,DE CEUSTER Milan,BE,Lotto Development Team,19.0,https://www.procyclingstats.com/rider/milan-de-ceuster
1000,MORIN Emmanuel,FR,Van Rysel Roubaix,19.0,https://www.procyclingstats.com/rider/emmanuel-morin
1001,BRACALENTE Diego,IT,MBH Bank Ballan CSB,19.0,https://www.procyclingstats.com/rider/diego-bracalente
1002,DELGADO Ricardo,CU,,19.0,https://www.procyclingstats.com/rider/ricardo-delgado1
1003,BUDDING Martijn,NL,Unibet Tietema Rockets,19.0,https://www.procyclingstats.com/rider/martijn-budding
1004,NEUMAN Dominik,CZ,ATT Investments,19.0,https://www.procyclingstats.com/rider/dominik-neuman
1005,MERLÖV Ville,SE,LRG - Cycling Team,19.0,https://www.procyclingstats.com/rider/ville-merlov1
1006,KUKRLE Michael,CZ,ATT Investments,19.0,https://www.procyclingstats.com/rider/michael-kukrle
1007,CHU Tsun Wai,HK,HKSI Pro Cycling Team,19.0,https://www.procyclingstats.com/rider/tsun-wai-chu
1008,RACCAGNI NOVIERO Andrea,IT,Soudal Quick-Step,18.0,https://www.procyclingstats.com/rider/andrea-raccagni-noviero
1009,HUISING Menno,NL,Team Visma | Lease a Bike,18.0,https://www.procyclingstats.com/rider/menno-huising
1010,BRUTTOMESSO Alberto,IT,Bahrain - Victorious,18.0,https://www.procyclingstats.com/rider/alberto-bruttomesso
1011,SÉNÉCHAL Florian,FR,Arkéa - B&B Hotels,18.0,https://www.procyclingstats.com/rider/florian-senechal
1012,GELDERS Gil,BE,Soudal Quick-Step,18.0,https://www.procyclingstats.com/rider/gil-gelders
1013,GEORGE Alfred,GB,SCO Dijon - Team Matériel - Velo.com,18.0,https://www.procyclingstats.com/rider/alfred-george
1014,VERGAERDE Otto,BE,Lidl - Trek,18.0,https://www.procyclingstats.com/rider/otto-vergaerde
1015,ÖRKEN Ahmet,TR,Spor Toto Cycling Team,18.0,https://www.procyclingstats.com/rider/ahmet-orken
1016,CANTONI Andrea,IT,Mg.K Vis Costruzioni e Ambiente,18.0,https://www.procyclingstats.com/rider/andrea-cantoni
1017,WIRTGEN Luc,LU,Tudor Pro Cycling Team,18.0,https://www.procyclingstats.com/rider/luc-wirtgen
1018,ZACHAR Sebastian Bruno,PY,,18.0,https://www.procyclingstats.com/rider/bruno-zachar
1019,PAJUR Romet,EE,Red Bull - BORA - hansgrohe Rookies,18.0,https://www.procyclingstats.com/rider/romet-pajur
1020,VAN TRICHT Stan,BE,Alpecin - Deceuninck,18.0,https://www.procyclingstats.com/rider/stan-van-tricht
1021,RAKAOTA Khotsofalang,LS,,17.0,https://www.procyclingstats.com/rider/khotsofalang-rakaota
1022,PRIETO José Juan,MX,Petrolike,17.0,https://www.procyclingstats.com/rider/jose-juan-prieto
1023,DEKKER David,NL,Euskaltel - Euskadi,17.0,https://www.procyclingstats.com/rider/david-dekker
1024,FREYER Martin,NA,,17.0,https://www.procyclingstats.com/rider/martin-freyer
1025,LEDESMA Gerard,ES,VC Fukuoka,17.0,https://www.procyclingstats.com/rider/gerard-ledesma
1026,BENETEAU Lucas,FR,St Michel - Preference Home - Auber93,17.0,https://www.procyclingstats.com/rider/lucas-beneteau
1027,MANSOURI Hamza,DZ,Madar Pro Cycling Team,17.0,https://www.procyclingstats.com/rider/hamza-mansouri
1028,TENE Rotem,IL,Israel Premier Tech Academy,17.0,https://www.procyclingstats.com/rider/rotem-tene
1029,HEFFERNAN William,AU,CCACHE x BODYWRAP,17.0,https://www.procyclingstats.com/rider/william-heffernan
1030,RENARD-HAQUIN Henri-François,FR,Wagner Bazin WB,17.0,https://www.procyclingstats.com/rider/henri-francois-renard-haquin
1031,KNIGHT Oliver,GB,Cofidis,17.0,https://www.procyclingstats.com/rider/oliver-knight
1032,BELOHVOŠČIKS Kristiāns,LV,Monzon - Incolor - Gub,17.0,https://www.procyclingstats.com/rider/kristians-belohvosciks
1033,SANTY Arne,BE,Tarteletto - Isorex,17.0,https://www.procyclingstats.com/rider/arne-santy
1034,PRONSKIY Vadim,KZ,Terengganu Cycling Team,17.0,https://www.procyclingstats.com/rider/vadim-pronskiy
1035,RODAS Manuel,GT,Decorabaños,17.0,https://www.procyclingstats.com/rider/manuel-rodas
1036,REMIJN Senna,NL,Alpecin-Deceuninck Development Team,17.0,https://www.procyclingstats.com/rider/senna-remijn
1037,MAHLANGU Thokozani,ZA,,17.0,https://www.procyclingstats.com/rider/thokozani-mahlangu
1038,NIELSEN Sebastian,DK,Unibet Tietema Rockets,17.0,https://www.procyclingstats.com/rider/sebastian-nielsen
1039,GAJDULEWICZ Mateusz,PL,Mazowsze Serce Polski,17.0,https://www.procyclingstats.com/rider/mateusz-gajdulewicz
1040,TOSCANO Bill Janz,PE,,17.0,https://www.procyclingstats.com/rider/bill-janz-toscano
1041,MOHD ZARIFF Muhammad Nur Aiman,MY,Terengganu Cycling Team,17.0,https://www.procyclingstats.com/rider/muhammad-nur-aiman-mohd-zariff
1042,VANHUFFEL Matteo,BE,Development Team Picnic PostNL,17.0,https://www.procyclingstats.com/rider/matteo-vanhuffel
1043,MIAO Chengshuo,CN,Camp Cycling Team,17.0,https://www.procyclingstats.com/rider/chengshuo-miao
1044,MEMEDI Memet,MK,,17.0,https://www.procyclingstats.com/rider/memet-memedi
1045,PERSICO Davide,IT,Wagner Bazin WB,16.0,https://www.procyclingstats.com/rider/davide-persico
1046,STEWART Campbell,NZ,Team Jayco AlUla,16.0,https://www.procyclingstats.com/rider/campbell-stewart
1047,FERNÁNDEZ Rubén,ES,Anicolor / Tien 21,16.0,https://www.procyclingstats.com/rider/ruben-fernandez
1048,SAENTA Tanawat,TH,Roojai Insurance,16.0,https://www.procyclingstats.com/rider/tanawat-saenta
1049,MEZGEC Luka,SI,Team Jayco AlUla,16.0,https://www.procyclingstats.com/rider/luka-mezgec
1050,LEWIS Adam,GB,Team Skyline,16.0,https://www.procyclingstats.com/rider/adam-lewis
1051,TISSIÈRES Arnaud,CH,Team Solution Tech - Vini Fantini,16.0,https://www.procyclingstats.com/rider/arnaud-tissieres
1052,CARDIS Romain,FR,St Michel - Preference Home - Auber93,16.0,https://www.procyclingstats.com/rider/romain-cardis
1053,NESPOLI Lorenzo,IT,MBH Bank Ballan CSB,16.0,https://www.procyclingstats.com/rider/lorenzo-nespoli
1054,WENZEL Mats,LU,Equipo Kern Pharma,16.0,https://www.procyclingstats.com/rider/mats-wenzel
1055,SEVILLA Diego Pablo,ES,Team Polti VisitMalta,16.0,https://www.procyclingstats.com/rider/diego-pablo-sevilla
1056,BONILLA Daniel Andres,CR,,16.0,https://www.procyclingstats.com/rider/daniel-bonilla
1057,SHUMBA Rodrick,ZW,,16.0,https://www.procyclingstats.com/rider/rodrick-shumba
1058,CHOFOR Fabrice,CM,SNH Vélo Club,16.0,https://www.procyclingstats.com/rider/fabrice-chofor
1059,SVARRE Tobias,DK,Team ColoQuick,16.0,https://www.procyclingstats.com/rider/tobias-svarre
1060,BUCK JONES Huw,GB,Bourg-en-Bresse Ain Cyclisme,16.0,https://www.procyclingstats.com/rider/huw-buck-jones
1061,REEMEIJER Niels,NL,Wielerploeg Groot Amsterdam,16.0,https://www.procyclingstats.com/rider/niels-reemeijer
1062,EL KOURAJI Mohcine,MA,,16.0,https://www.procyclingstats.com/rider/mohcine-el-kouraji
1063,VAN HERK Bram,NL,GRC Jan van Arckel,15.0,https://www.procyclingstats.com/rider/bram-van-herk
1064,BOUCHARD Geoffrey,FR,Decathlon AG2R La Mondiale Team,15.0,https://www.procyclingstats.com/rider/geoffrey-bouchard
1065,VAN DER LEE Jardi Christiaan,NL,EF Education - EasyPost,15.0,https://www.procyclingstats.com/rider/jardi-christiaan-van-der-lee
1066,HERREGODTS Rune,BE,UAE Team Emirates - XRG,15.0,https://www.procyclingstats.com/rider/rune-herregodts
1067,MARTIN David,ES,Burgos Burpellet BH,15.0,https://www.procyclingstats.com/rider/david-martin-romero
1068,MOW Ching Yin,HK,HKSI Pro Cycling Team,15.0,https://www.procyclingstats.com/rider/ching-yin-mow
1069,MATTHEWS Daniyal,ZA,7Eleven Cliqq Roadbike Philippines,15.0,https://www.procyclingstats.com/rider/daniyal-matthews
1070,SBARAGLI Kristian,IT,Team Solution Tech - Vini Fantini,15.0,https://www.procyclingstats.com/rider/kristian-sbaragli
1071,CIMOLAI Davide,IT,Movistar Team,15.0,https://www.procyclingstats.com/rider/davide-cimolai
1072,LIM Nash,PH,Factor Racing,15.0,https://www.procyclingstats.com/rider/nash-lim
1073,EEMAN Kamiel,BE,Lotto Development Team,15.0,https://www.procyclingstats.com/rider/kamiel-eeman
1074,DECLERCQ Tim,BE,Lidl - Trek,15.0,https://www.procyclingstats.com/rider/tim-declercq
1075,VANDENSTORME Dylan,BE,Team Flanders - Baloise,15.0,https://www.procyclingstats.com/rider/dylan-vandenstorme
1076,LAZKANO Oier,ES,Red Bull - BORA - hansgrohe,15.0,https://www.procyclingstats.com/rider/oier-lazkano
1077,ZUKOWSKY Nickolas,CA,Q36.5 Pro Cycling Team,15.0,https://www.procyclingstats.com/rider/nickolas-zukowsky
1078,ERIKSSON Jacob,SE,Tudor Pro Cycling Team,15.0,https://www.procyclingstats.com/rider/jacob-eriksson
1079,SMIRNOV Ivan,RU,XDS Astana Development Team,15.0,https://www.procyclingstats.com/rider/ivan-smirnov
1080,DRIZNERS Jarrad,AU,Lotto,15.0,https://www.procyclingstats.com/rider/jarrad-drizners
1081,RUDYK Bartosz,PL,Monogo Lubelskie Perła Polski,15.0,https://www.procyclingstats.com/rider/bartosz-rudyk
1082,BUDZIŃSKI Tomasz,PL,Voster ATS Team,15.0,https://www.procyclingstats.com/rider/tomasz-budzinski
1083,SCHWARZMANN Michael,DE,Israel - Premier Tech,15.0,https://www.procyclingstats.com/rider/michael-schwarzmann
1084,ROOTKIN-GRAY Jack,GB,EF Education - EasyPost,15.0,https://www.procyclingstats.com/rider/jack-rootkin-gray
1085,HOLLMANN Juri,DE,Alpecin - Deceuninck,15.0,https://www.procyclingstats.com/rider/juri-hollmann
1086,KINGSTON Matthew,GB,Mg.K Vis Costruzioni e Ambiente,15.0,https://www.procyclingstats.com/rider/matthew-kingston
1087,PEDRERO Antonio,ES,Movistar Team,15.0,https://www.procyclingstats.com/rider/antonio-pedrero
1088,GONZALEZ Jyven,BZ,G-Flow Cycling Team,15.0,https://www.procyclingstats.com/rider/jyven-gonzalez
1089,ZAPATA CORDOBA Gregory Santiago,CA,,15.0,https://www.procyclingstats.com/rider/gregory-santiago-zapata-cordoba
1090,IVANOV Timofei,RU,Chengdu DYC Cycling Team,15.0,https://www.procyclingstats.com/rider/timofei-ivanov
1091,SISIMITH Eli Alejandro,GT,RedHook Guatemala,15.0,https://www.procyclingstats.com/rider/eli-alejandro-sisimith
1092,ALSABBAGH Mohammad,AE,Abu Dhabi Cycling Club,15.0,https://www.procyclingstats.com/rider/mohammad-alsabbagh
1093,AVILA Freddy Alejandro,CO,GW Erco Shimano,15.0,https://www.procyclingstats.com/rider/freddy-avila
1094,RAUF Abdul Rauf Ahmed Abdul,EG,,15.0,https://www.procyclingstats.com/rider/abdul-rauf-ahmed-abdul-rauf
1095,DENSLOW Matthew,ZW,,15.0,https://www.procyclingstats.com/rider/matthew-denslow
1096,HAUGSTED Conrad,DK,Team ColoQuick,15.0,https://www.procyclingstats.com/rider/conrad-haugsted
1097,STAMPE Daniel,DK,BHS - PL Beton Bornholm,15.0,https://www.procyclingstats.com/rider/daniel-stampe
1098,SAVEKIN Ilya,RU,PC Baix Ebre,15.0,https://www.procyclingstats.com/rider/ilya-savekin
1099,BAKSAAS Morthen Wang,NO,Team Ringerikskraft,15.0,https://www.procyclingstats.com/rider/morthen-wang-baksaas
1100,RUIZ Robinson Steven,PE,Sindicato de Empleados Públicos of San Juan,15.0,https://www.procyclingstats.com/rider/robinson-steven-ruiz
1101,DYBALL Benjamin,AU,Victoire Hiroshima,15.0,https://www.procyclingstats.com/rider/benjamin-dyball
1102,PARRAVANO Francesco,IT,Mg.K Vis Costruzioni e Ambiente,15.0,https://www.procyclingstats.com/rider/francesco-parravano
1103,RIVEROS Francisco Daniel,PY,,15.0,https://www.procyclingstats.com/rider/francisco-daniel-riveros
1104,KANEKO Sohei,JP,,15.0,https://www.procyclingstats.com/rider/sohei-kaneko
1105,MACLEOD Callum,GB,,15.0,https://www.procyclingstats.com/rider/callum-macleod
1106,WINKLER Oskar Ulrik,DK,Team Give Steel - 2M Cycling Elite,15.0,https://www.procyclingstats.com/rider/oskar-ulrik-winkler
1107,SIERRA Juan David,IT,Tudor Pro Cycling Team U23,15.0,https://www.procyclingstats.com/rider/juan-david-sierra
1108,SCHMITZ Campo,DE,Team Storck - Metropol Cycling,15.0,https://www.procyclingstats.com/rider/campo-schmitz
1109,LARSEN Trond,FI,,15.0,https://www.procyclingstats.com/rider/trond-larsen
1110,MAKOGON Vladyslav,FI,Valhöll Cycling,15.0,https://www.procyclingstats.com/rider/vladyslav-makogon
1111,DIMA Emil,RO,,15.0,https://www.procyclingstats.com/rider/emil-dima
1112,LIM Zhen Yu Darren,SG,,15.0,https://www.procyclingstats.com/rider/zhen-yu-darren-lim
1113,GONZALES Freddy,BO,Pío Rico Cycling Team,15.0,https://www.procyclingstats.com/rider/freddy-gonzales-soto
1114,MOLDANSKY Gerhard-Cristin,RO,MENtoRISE Teem CCN,15.0,https://www.procyclingstats.com/rider/gerhard-cristin-moldansky
1115,STOJNIĆ Veljko,RS,Team United Shipping,15.0,https://www.procyclingstats.com/rider/veljko-stojnic
1116,CELESTIN Torea,MU,,15.0,https://www.procyclingstats.com/rider/torea-celestin
1117,KOBAYASHI Marino,JP,,15.0,https://www.procyclingstats.com/rider/marino-kobayashi
1118,WILLIAMS Cory,BZ,Miami Blazers,15.0,https://www.procyclingstats.com/rider/cory-williams
1119,SOULAMA Daouda,BF,,15.0,https://www.procyclingstats.com/rider/daouda-soulama
1120,XUE Ming,CN,,15.0,https://www.procyclingstats.com/rider/ming-xue
1121,MOYATA Eduardo,BO,Pío Rico Cycling Team,15.0,https://www.procyclingstats.com/rider/eduardo-moyata
1122,PELIKÁN János,HU,Team United Shipping,15.0,https://www.procyclingstats.com/rider/janos-pelikan
1123,ABREHA Negasi Haylu,ET,Sam - Vitalcare - Dynatek,15.0,https://www.procyclingstats.com/rider/negasi-abreha
1124,GARCIA Erlin Antonio,DO,Foundation Cycling New York,15.0,https://www.procyclingstats.com/rider/erlin-antonio-garcia-sanchez
1125,TAKHIROV Diyor,UZ,OU7 Cycling Team,15.0,https://www.procyclingstats.com/rider/diyor-takhirov
1126,CHOE Hyeong Min,KR,Geumsan Insam Cello,15.0,https://www.procyclingstats.com/rider/hyeong-min-choe
1127,ŠTAJNAR Mihael,SI,Pogi Team Gusto Ljubljana,15.0,https://www.procyclingstats.com/rider/mihael-stajnar
1128,ÓMARSSON Ingvar,IS,,15.0,https://www.procyclingstats.com/rider/ingvar-omarsson
1129,NASTEVSKI Slobodan,MK,,15.0,https://www.procyclingstats.com/rider/slobodan-nastevski
1130,ŠANGULIN Robert,HR,,15.0,https://www.procyclingstats.com/rider/robert-sangulin
1131,NIYONKURU Samuel,RW,Team Amani,15.0,https://www.procyclingstats.com/rider/samuel-niyonkuru
1132,JELE Kwanele,SZ,,15.0,https://www.procyclingstats.com/rider/kwanele-jele
1133,CONCA Filippo,IT,Swatt Club,15.0,https://www.procyclingstats.com/rider/filippo-conca
1134,WAFLER Tim,AT,Tirol KTM Cycling Team,15.0,https://www.procyclingstats.com/rider/tim-wafler
1135,ANTONENKO Heorhii,UA,ARBÖ Kärnten Sport Feld am See,15.0,https://www.procyclingstats.com/rider/heorhii-antonenko
1136,GOJKOVIĆ Nicolas,HR,Pogi Team Gusto Ljubljana,15.0,https://www.procyclingstats.com/rider/nicolas-gojkovic
1137,NKUNDABERA Eric,RW,,15.0,https://www.procyclingstats.com/rider/eric-nkundabera
1138,FORSSELL Hugo,SE,CK Hymer,15.0,https://www.procyclingstats.com/rider/hugo-forssell
1139,TORRES Edgar Geovanny,GT,Hino-One-La red-Suzuki,15.0,https://www.procyclingstats.com/rider/edgar-torres
1140,PALASHEV Borislav,BG,PSKK Vassil-Levski,15.0,https://www.procyclingstats.com/rider/borislav-palashev
1141,ALEMAYO Tekle,ET,,15.0,https://www.procyclingstats.com/rider/tekle-alemayo
1142,PETROVSKI Stefan,MK,,15.0,https://www.procyclingstats.com/rider/stefan-petrovski
1143,MARTE Jesus Roniel,DO,Doglocy - Imca,15.0,https://www.procyclingstats.com/rider/jesus-roniel-marte
1144,BRIDGES Jyme,AG,,15.0,https://www.procyclingstats.com/rider/jyme-bridges
1145,ALARCON José,VE,,14.0,https://www.procyclingstats.com/rider/jose-alarcon
1146,ALLENO Clément,FR,Burgos Burpellet BH,14.0,https://www.procyclingstats.com/rider/clement-alleno
1147,ALIYEV Ruslan,KZ,Almaty,14.0,https://www.procyclingstats.com/rider/ruslan-aliyev
1148,RAUGEL Antoine,FR,Vélo Club Villefranche Beaujolais,14.0,https://www.procyclingstats.com/rider/antoine-raugel
1149,VANDENBRANDEN Noah,BE,Team Flanders - Baloise,14.0,https://www.procyclingstats.com/rider/noah-vandenbranden
1150,BASEGGIO Matteo,IT,S.C. Padovani Polo Cherry Bank,14.0,https://www.procyclingstats.com/rider/matteo-baseggio
1151,MARTINELLI Alessio,IT,VF Group - Bardiani CSF - Faizanè,14.0,https://www.procyclingstats.com/rider/alessio-martinelli
1152,PHONARJTHAN Patompob,TH,Roojai Insurance,14.0,https://www.procyclingstats.com/rider/patompob-phonarjthan
1153,AGOSTINACCHIO Filippo,IT,Biesse - Carrera - Premac,14.0,https://www.procyclingstats.com/rider/filippo-agostinacchio
1154,PROĆ Bartłomiej,PL,Run & Race - Wibatech,14.0,https://www.procyclingstats.com/rider/bartlomiej-proc
1155,RODRÍGUEZ Diego Leonel,UY,,14.0,https://www.procyclingstats.com/rider/diego-leonel-rodriguez
1156,ACUÑA Carlos Sebastian,PY,,14.0,https://www.procyclingstats.com/rider/carlos-acuna
1157,LARSSON David,SE,Motala AIF Continental,14.0,https://www.procyclingstats.com/rider/david-larsson
1158,UZUN Emir,TR,Istanbul Büyükșehir Belediye Spor Türkiye,14.0,https://www.procyclingstats.com/rider/emir-uzun
1159,YMERI Albion,XK,,14.0,https://www.procyclingstats.com/rider/albion-ymeri
1160,GIANNOUTSOS Miltiadis,GR,,14.0,https://www.procyclingstats.com/rider/miltiadis-giannoutsos
1161,DOLJANIN Roko,HR,,14.0,https://www.procyclingstats.com/rider/roko-doljanin
1162,LOROT Lawrence,UG,Team Amani,14.0,https://www.procyclingstats.com/rider/lawrence-lorot
1163,LAZAREVIĆ Miloš,ME,BK Pljevlja,14.0,https://www.procyclingstats.com/rider/milos-lazarevic
1164,VILORIA Enmanuel David,VE,,13.0,https://www.procyclingstats.com/rider/enmanuel-viloria
1165,CAMPOS Roniel,VE,Chengdu DYC Cycling Team,13.0,https://www.procyclingstats.com/rider/roniel-campos
1166,JU Jinyang,CN,,13.0,https://www.procyclingstats.com/rider/jinyang-ju
1167,BOCHAROV Dmitriy,UZ,7Eleven Cliqq Roadbike Philippines,13.0,https://www.procyclingstats.com/rider/dmitriy-bocharov
1168,WU Chun Yin,HK,HKSI Pro Cycling Team,13.0,https://www.procyclingstats.com/rider/chun-yin-wu
1169,MESA Santiago,CO,Efapel Cycling,13.0,https://www.procyclingstats.com/rider/santiago-mesa-pietralunga
1170,MURGUIALDAY Jokin,ES,Euskaltel - Euskadi,13.0,https://www.procyclingstats.com/rider/jokin-murguialday-elorza
1171,GIBBONS Ryan,ZA,Lidl - Trek,13.0,https://www.procyclingstats.com/rider/ryan-gibbons
1172,RAFFERTY Adam,IE,Hagens Berman Jayco,13.0,https://www.procyclingstats.com/rider/adam-rafferty
1173,KERCKHAERT Jochem,NL,BEAT Cycling Club,13.0,https://www.procyclingstats.com/rider/jochem-kerckhaert
1174,AVONDTS Mathis,BE,Parkhotel Valkenburg,13.0,https://www.procyclingstats.com/rider/mathis-avondts
1175,SÁNCHEZ Brayan,CO,Team Medellín - EPM,13.0,https://www.procyclingstats.com/rider/brayan-sanchez
1176,FRISON Frederik,BE,Q36.5 Pro Cycling Team,13.0,https://www.procyclingstats.com/rider/frederik-frison
1177,CAPRON Rémi,FR,Van Rysel Roubaix,13.0,https://www.procyclingstats.com/rider/remi-capron
1178,WRIGHT Owen,US,Canel's - Java,13.0,https://www.procyclingstats.com/rider/owen-wright
1179,TOUDAL Emil,DK,Team ColoQuick,13.0,https://www.procyclingstats.com/rider/emil-touda
1180,NGUEGUIM Steve Auriol,CM,SNH Vélo Club,13.0,https://www.procyclingstats.com/rider/steve-auriol-ngueguim
1181,ALIYARI Aidin,IR,,13.0,https://www.procyclingstats.com/rider/aidin-aliyari
1182,BERHANE Natnael,ER,Istanbul Büyükșehir Belediye Spor Türkiye,13.0,https://www.procyclingstats.com/rider/natnael-berhane
1183,THALMANN Roland,CH,Tudor Pro Cycling Team,12.0,https://www.procyclingstats.com/rider/roland-thalmann
1184,BEULKER Justus,NA,,12.0,https://www.procyclingstats.com/rider/justus-beulker
1185,TABELLION Valentin,FR,Van Rysel Roubaix,12.0,https://www.procyclingstats.com/rider/valentin-tabellion
1186,DARDER Sergi,ES,Caja Rural - Seguros RGA,12.0,https://www.procyclingstats.com/rider/sergi-darder
1187,FUENTES Ángel,ES,Burgos Burpellet BH,12.0,https://www.procyclingstats.com/rider/paniego-fuentes
1188,FAROOQ Umar,PK,,12.0,https://www.procyclingstats.com/rider/umar-farooq
1189,MANIZABAYO Eric,RW,,12.0,https://www.procyclingstats.com/rider/eric-manizabayo
1190,SMITHSON Jed,GB,Team Visma | Lease a Bike Development,12.0,https://www.procyclingstats.com/rider/jed-smithson
1191,LANDBO Mads,DK,Team Give Steel - 2M Cycling Elite,12.0,https://www.procyclingstats.com/rider/mads-landbo
1192,FANTINI Christian,IT,Solme - Olmo,12.0,https://www.procyclingstats.com/rider/christian-fantini
1193,VANGHELUWE Warre,BE,Soudal Quick-Step,12.0,https://www.procyclingstats.com/rider/warre-vangheluwe
1194,ROJAS Vicente,CL,VF Group - Bardiani CSF - Faizanè,12.0,https://www.procyclingstats.com/rider/vicente-rojas
1195,SALEH Mohd Harrif,MY,Terengganu Cycling Team,12.0,https://www.procyclingstats.com/rider/mohd-harrif-saleh
1196,VALJAVEC Erazem,SI,Soudal Quick-Step Devo Team,12.0,https://www.procyclingstats.com/rider/erazem-valjavec
1197,PALOMBA Marco,IT,S.C. Padovani Polo Cherry Bank,12.0,https://www.procyclingstats.com/rider/marco-palomba
1198,DUNWOODY Seth,IE,Bahrain Victorious Development Team,12.0,https://www.procyclingstats.com/rider/seth-dunwoody
1199,BERNAS Paweł,PL,Mazowsze Serce Polski,12.0,https://www.procyclingstats.com/rider/pawel-bernas
1200,CATTANI Alessandro,IT,Team Technipes #inEmiliaRomagna,12.0,https://www.procyclingstats.com/rider/alessandro-cattani
1201,FELDMANN Karsten Larsen,NO,Team Coop - Repsol,12.0,https://www.procyclingstats.com/rider/karsten-larsen-feldmann
1202,TAKÁCS Zsombor Tamás,HU,MBH Bank Ballan CSB,12.0,https://www.procyclingstats.com/rider/zsombor-tamas-takacs
1203,VARGAS Dixon,PR,,12.0,https://www.procyclingstats.com/rider/dixon-vargas
1204,KUERE NOUNAWE Rodrigue Eric,CM,SNH Vélo Club,12.0,https://www.procyclingstats.com/rider/rodrigue-eric-kuere-nounawe
1205,AMBROSINI Matteo,IT,MBH Bank Ballan CSB,12.0,https://www.procyclingstats.com/rider/matteo-ambrosini
1206,MONGES Jonathan Daniel,PY,,12.0,https://www.procyclingstats.com/rider/jonathan-daniel-monges-gonzalez
1207,HÄNNINEN Jaakko,FI,Nice Métropole Côte d'Azur,12.0,https://www.procyclingstats.com/rider/jaakko-hanninen
1208,DIVNIĆ Jovan,RS,,12.0,https://www.procyclingstats.com/rider/jovan-divnic
1209,MEEHAN Jamie,IE,AVC Aix Provence Dole,12.0,https://www.procyclingstats.com/rider/jamie-meehan
1210,TENDON Arnaud,CH,Elite Fondations Cycling Team,12.0,https://www.procyclingstats.com/rider/arnaud-tendon
1211,PLAMONDON Joel,CA,Team Marni-N'side,12.0,https://www.procyclingstats.com/rider/joel-plamondon
1212,YAMEOGO Saturnin,BF,,12.0,https://www.procyclingstats.com/rider/saturnin-yameogo
1213,KASTRATI Albion,XK,,12.0,https://www.procyclingstats.com/rider/albion-kastrati
1214,DONAIRE Alexander Jhunior,BO,Pío Rico Cycling Team,12.0,https://www.procyclingstats.com/rider/alexander-jhunior-donaire
1215,MAŁECKI Kamil,PL,Q36.5 Pro Cycling Team,12.0,https://www.procyclingstats.com/rider/kamil-malecki
1216,ÁLVAREZ Héctor,ES,Lidl - Trek Future Racing,12.0,https://www.procyclingstats.com/rider/hector-alvarez-martinez
1217,ZABELINSKIY Bogdan,CY,Atom 6 Bikes - Decca Continental Team,12.0,https://www.procyclingstats.com/rider/bogdan-zabelinskiy
1218,SVRČEK Martin,SK,Soudal Quick-Step,12.0,https://www.procyclingstats.com/rider/martin-svrcek
1219,JOO Daeyeong,KR,Gapyeong Cycling Team,12.0,https://www.procyclingstats.com/rider/daeyeong-joo
1220,CEROVIĆ Goran,ME,,12.0,https://www.procyclingstats.com/rider/goran-cerovic
1221,LOPES Rúben,CV,,12.0,https://www.procyclingstats.com/rider/ruben-lopes
1222,ROJAS Brandon Alejandro,CO,GW Erco Shimano,11.0,https://www.procyclingstats.com/rider/brandon-alejandro-rojas-vega
1223,PHODINGAM Sakchai,TH,Grant Thornton Cycling Team,11.0,https://www.procyclingstats.com/rider/sakchai-phodingam
1224,MANCEBO Francisco,ES,Matrix Powertag,11.0,https://www.procyclingstats.com/rider/francisco-mancebo
1225,RAHIL Zouhair,MA,Sidi Ali - Unlock Team,11.0,https://www.procyclingstats.com/rider/zouhair-rahil
1226,GARCIA Carlos Alfonso,MX,Petrolike,11.0,https://www.procyclingstats.com/rider/carlos-alfonso-garcia-trejo
1227,MARUKHIN Daniil,KZ,XDS Astana Development Team,11.0,https://www.procyclingstats.com/rider/daniil-marukhin
1228,ĐURIĆ Đorđe,RS,Team Solution Tech - Vini Fantini,11.0,https://www.procyclingstats.com/rider/dorde-duric
1229,DEWEIRDT Siebe,BE,Team Flanders - Baloise,11.0,https://www.procyclingstats.com/rider/siebe-deweirdt
1230,SUTTON Louis,GB,Euskaltel - Euskadi,11.0,https://www.procyclingstats.com/rider/louis-sutton
1231,WOOD Harrison,GB,Anicolor / Tien 21,11.0,https://www.procyclingstats.com/rider/harrison-wood
1232,ALUSTIZA Nicolás,ES,Euskaltel - Euskadi,11.0,https://www.procyclingstats.com/rider/nicolas-alustiza
1233,GUDNITZ Joshua,DK,Team ColoQuick,11.0,https://www.procyclingstats.com/rider/joshua-gudnitz
1234,MENÉNDEZ Héctor,HN,,11.0,https://www.procyclingstats.com/rider/hector-menendez
1235,FERNÁNDEZ Sinuhé,ES,Burgos Burpellet BH,11.0,https://www.procyclingstats.com/rider/sinuhe-fernandez-rodriguez
1236,MONTERROSO Dorian,GT,Hino-One-La red-Suzuki,11.0,https://www.procyclingstats.com/rider/dorian-monterroso
1237,MÄEUIBO Markus,EE,Charvieu Chavagneux Isère Cyclisme,11.0,https://www.procyclingstats.com/rider/markus-maeuibo
1238,ØXENBERG Peter,DK,,11.0,https://www.procyclingstats.com/rider/peter-oxenberg-hansen
1239,AUTRAN José Eduardo,CL,Sindicato de Empleados Públicos of San Juan,11.0,https://www.procyclingstats.com/rider/jose-eduardo-autran-carrillo
1240,SAVINO Federico,IT,Soudal Quick-Step Devo Team,11.0,https://www.procyclingstats.com/rider/federico-savino
1241,RETEGI Mikel,ES,Equipo Kern Pharma,11.0,https://www.procyclingstats.com/rider/mikel-retegi
1242,VAN DEN BOER Seppe,BE,Baloise Glowi Lions,11.0,https://www.procyclingstats.com/rider/seppe-van-den-boer
1243,FISCHER Robin,DE,Team Storck - Metropol Cycling,11.0,https://www.procyclingstats.com/rider/robin-fischer
1244,RABOUDE Jeremy,MU,,11.0,https://www.procyclingstats.com/rider/jeremy-raboude
1245,MENSAH Ezer,BJ,Team Baobab World Cola,11.0,https://www.procyclingstats.com/rider/ezer-mensah
1246,AGROTIS Alexandros,CY,Matrix Powertag,11.0,https://www.procyclingstats.com/rider/alexandros-agrotis
1247,WILLIAMS Stephen,GB,Israel - Premier Tech,10.0,https://www.procyclingstats.com/rider/stephen-williams
1248,BLEDDYN Oliver,AU,Atom 6 Bikes - Decca Continental Team,10.0,https://www.procyclingstats.com/rider/oliver-bleddyn
1249,STELLA Davide,IT,UAE Team Emirates Gen Z,10.0,https://www.procyclingstats.com/rider/davide-stella
1250,BALMER Alexandre,CH,Team Solution Tech - Vini Fantini,10.0,https://www.procyclingstats.com/rider/alexandre-balmer
1251,KRUGER Casper,ZA,Team Honeycomb 226ers,10.0,https://www.procyclingstats.com/rider/casper-kruger
1252,REMKHE Andrey,KZ,Tianyoude Hotel Cycling Team,10.0,https://www.procyclingstats.com/rider/andrey-remkhe
1253,FRANCISCO Jude Gabriel,PH,Victoria Sports Pro Cycling,10.0,https://www.procyclingstats.com/rider/jude-gabriel-francisco
1254,KONIJN Alexander,NL,Nice Métropole Côte d'Azur,10.0,https://www.procyclingstats.com/rider/alexander-konijn
1255,CAHYADI Aiman,ID,Terengganu Cycling Team,10.0,https://www.procyclingstats.com/rider/aiman-cahyadi
1256,LI Yuheng,CN,China Anta - Mentech Cycling Team,10.0,https://www.procyclingstats.com/rider/yuheng-li
1257,PALZER Anton,DE,Red Bull - BORA - hansgrohe,10.0,https://www.procyclingstats.com/rider/anton-palzer
1258,CARTHY Hugh,GB,EF Education - EasyPost,10.0,https://www.procyclingstats.com/rider/hugh-carthy
1259,NOVAK Domen,SI,UAE Team Emirates - XRG,10.0,https://www.procyclingstats.com/rider/domen-novak
1260,POLLEFLIET Gianluca,BE,Decathlon AG2R La Mondiale Team,10.0,https://www.procyclingstats.com/rider/gianluca-pollefliet
1261,LUCERO Jericho,PH,Go For Gold Philippines,10.0,https://www.procyclingstats.com/rider/jericho-lucero
1262,VAN GESTEL Dries,BE,Soudal Quick-Step,10.0,https://www.procyclingstats.com/rider/dries-van-gestel
1263,HVIDEBERG Jonas Hem,NO,Uno-X Mobility,10.0,https://www.procyclingstats.com/rider/jonas-hem-hvideberg
1264,GELEIJN Owen,NL,Unibet Tietema Rockets,10.0,https://www.procyclingstats.com/rider/owen-geleijn
1265,FROIDEVAUX Robin,CH,Tudor Pro Cycling Team,10.0,https://www.procyclingstats.com/rider/robin-froidevaux
1266,KELEMEN Petr,CZ,Tudor Pro Cycling Team,10.0,https://www.procyclingstats.com/rider/petr-kelemen
1267,GOEMAN Jonas,BE,Tarteletto - Isorex,10.0,https://www.procyclingstats.com/rider/jonas-goeman
1268,GAZE Samuel,NZ,Alpecin - Deceuninck,10.0,https://www.procyclingstats.com/rider/samuel-gaze
1269,LAUK Karl Patrick,EE,Quick Pro Team,10.0,https://www.procyclingstats.com/rider/karl-patrick-lauk
1270,MEO Felix James,NZ,Team Solution Tech - Vini Fantini,10.0,https://www.procyclingstats.com/rider/felix-james-meo
1271,MENGHINI Alessio,IT,General Store - Essegibi - F.Lli Curia,10.0,https://www.procyclingstats.com/rider/alessio-menghini
1272,VAN BELLE Loe,NL,Team Visma | Lease a Bike,10.0,https://www.procyclingstats.com/rider/loe-van-belle
1273,GERITS Vince,BE,Team Flanders - Baloise,10.0,https://www.procyclingstats.com/rider/vince-gerits
1274,SOUPE Geoffrey,FR,Team TotalEnergies,10.0,https://www.procyclingstats.com/rider/geoffrey-soupe
1275,HEMING Miká,DE,Tudor Pro Cycling Team,10.0,https://www.procyclingstats.com/rider/mika-heming
1276,BLOEM Joren,NL,Unibet Tietema Rockets,10.0,https://www.procyclingstats.com/rider/joren-bloem2
1277,WELTEN Bram,NL,Team Picnic PostNL,10.0,https://www.procyclingstats.com/rider/bram-welten
1278,PETIT Adrien,FR,Intermarché - Wanty,10.0,https://www.procyclingstats.com/rider/adrien-petit
1279,OTTEMA Rick,NL,Diftar Continental Cyclingteam,10.0,https://www.procyclingstats.com/rider/rick-ottema
1280,KIM Jinwoong,KR,KSPO Professional,10.0,https://www.procyclingstats.com/rider/jinwoong-kim
1281,VAN BEKKUM Darren,NL,XDS Astana Team,10.0,https://www.procyclingstats.com/rider/darren-van-bekkum
1282,FRAILE Omar,ES,INEOS Grenadiers,10.0,https://www.procyclingstats.com/rider/omar-fraile
1283,FAURE PROST Alexy,FR,Intermarché - Wanty,10.0,https://www.procyclingstats.com/rider/alexy-faure-prost
1284,DE MARCHI Alessandro,IT,Team Jayco AlUla,10.0,https://www.procyclingstats.com/rider/alessandro-de-marchi
1285,DHONDT Robbe,BE,Team Picnic PostNL,10.0,https://www.procyclingstats.com/rider/robbe-dhondt
1286,GRELLIER Fabien,FR,Team TotalEnergies,10.0,https://www.procyclingstats.com/rider/fabien-grellier
1287,JULAJUJ Alex Rony,GT,RedHook Guatemala,10.0,https://www.procyclingstats.com/rider/rony-julajuj
1288,ROOSEN Timo,NL,Team Picnic PostNL,10.0,https://www.procyclingstats.com/rider/timo-roosen
1289,PERON Andrea,IT,Team Novo Nordisk,10.0,https://www.procyclingstats.com/rider/andrea-peron
1290,ALSABBAGH Ali,AE,,10.0,https://www.procyclingstats.com/rider/ali-alsabbagh
1291,NAVAS Kevin,EC,Petrolike,10.0,https://www.procyclingstats.com/rider/kevin-navas-paredes
1292,PRIETO José Antonio,MX,Petrolike,10.0,https://www.procyclingstats.com/rider/jose-antonio-prieto
1293,ASCOTT George,ZW,,10.0,https://www.procyclingstats.com/rider/george-ascott
1294,NOVOA Leonidas Sebastián,EC,,10.0,https://www.procyclingstats.com/rider/leonidas-sebastian-novoa
1295,MEDWAY Jackson,AU,Tudor Pro Cycling Team U23,10.0,https://www.procyclingstats.com/rider/jackson-medway
1296,HOFBAUER Philipp,AT,WSA KTM Graz,10.0,https://www.procyclingstats.com/rider/philipp-hofbauer
1297,BIAGINI Federico,IT,VF Group - Bardiani CSF - Faizanè,10.0,https://www.procyclingstats.com/rider/federico-biagini
1298,JØLVING Otto Schultz,DK,Team ColoQuick,10.0,https://www.procyclingstats.com/rider/otto-schultz-jolving
1299,HOOGENDOORN Roy,NL,Metec - SOLARWATT p/b Mantel,10.0,https://www.procyclingstats.com/rider/roy-hoogendoorn
1300,FARFAN Sergio,PE,,10.0,https://www.procyclingstats.com/rider/sergio-farfan
1301,SAGRADO Alvaro,ES,Illes Balears Arabay,10.0,https://www.procyclingstats.com/rider/alvaro-sagrado
1302,GARCIA Estiven,CO,Team Sistecredito,10.0,https://www.procyclingstats.com/rider/estiven-garcia
1303,HUYET Baptiste,FR,Unibet Tietema Rockets,10.0,https://www.procyclingstats.com/rider/baptiste-huyet
1304,BOYLE Evan,US,Hagens Berman Jayco,10.0,https://www.procyclingstats.com/rider/evan-boyle
1305,VATAN Amir Hossein,IR,Vride,10.0,https://www.procyclingstats.com/rider/amir-hossein-vatan
1306,FIETZKE Paul,DE,Red Bull - BORA - hansgrohe Rookies,10.0,https://www.procyclingstats.com/rider/paul-fietzke
1307,JASCH Lennart,DE,Red Bull - BORA - hansgrohe Rookies,10.0,https://www.procyclingstats.com/rider/lennart-jasch
1308,CISSÉ Isiaka,CI,,10.0,https://www.procyclingstats.com/rider/isiaka-cisse
1309,MÜNZER Jan,DE,Team Storck - Metropol Cycling,10.0,https://www.procyclingstats.com/rider/jan-munzer
1310,ROSTOVTSEV Sergey,RU,Shenzhen Kung Cycling Team,10.0,https://www.procyclingstats.com/rider/sergey-rostovtsev
1311,SILLANKORVA Jaakko,FI,UN Cycling Team x Pyörävarikko,10.0,https://www.procyclingstats.com/rider/jaakko-sillankorva
1312,HYSA Henri,AL,Cyklotym Havířov - Tirana,10.0,https://www.procyclingstats.com/rider/henri-hysa
1313,DELGADO David,ES,Burgos Burpellet BH,10.0,https://www.procyclingstats.com/rider/david-delgado
1314,SOWOU Rémi,BJ,,10.0,https://www.procyclingstats.com/rider/remi-sowou
1315,VILLALOBOS Rodolfo,CR,,10.0,https://www.procyclingstats.com/rider/rodolfo-villalobos
1316,BUTA Catalin,RO,MENtoRISE Teem CCN,10.0,https://www.procyclingstats.com/rider/catalin-buta
1317,TONG Khoon Fung Thomas,SG,,10.0,https://www.procyclingstats.com/rider/khoon-fung-thomas-tong
1318,MAHER Habouriya,TN,,10.0,https://www.procyclingstats.com/rider/habouriya-maher
1319,YAMAMOTO Genki,JP,Kinan Racing Team,10.0,https://www.procyclingstats.com/rider/genki-yamamoto
1320,CHEANG Shing Hei,MO,,10.0,https://www.procyclingstats.com/rider/shing-hei-cheang
1321,KAMOLOV Avazbek,UZ,,10.0,https://www.procyclingstats.com/rider/avazbek-kamolov
1322,MUZI Shabangu,SZ,,10.0,https://www.procyclingstats.com/rider/shabangu-muzi
1323,SILVA Pedro,PT,Anicolor / Tien 21,10.0,https://www.procyclingstats.com/rider/pedro-silva1
1324,HOVORUN Mykola,UA,Ukraine Cycling Team,10.0,https://www.procyclingstats.com/rider/mykola-hovorun
1325,TESHOME HAGOS Meron,ER,Madar Pro Cycling Team,10.0,https://www.procyclingstats.com/rider/meron-teshome
1326,PINTO Luis,VE,,10.0,https://www.procyclingstats.com/rider/luis-pinto
1327,GUDIŠKIS Eimantas,LT,,10.0,https://www.procyclingstats.com/rider/eimantas-gudiskis
1328,VASQUEZ Adolfo,GT,Muni Fraijanes,10.0,https://www.procyclingstats.com/rider/adolfo-vasquez
1329,SSEKANWAGI Jordan Schleck,UG,Team Amani,10.0,https://www.procyclingstats.com/rider/jordan-schleck-ssekanwagi
1330,REDAE Bizay Tesfu,ET,,10.0,https://www.procyclingstats.com/rider/bizay-redae
1331,POLANCO Steven,DO,Team La Romana,10.0,https://www.procyclingstats.com/rider/steven-polanco
1332,MACK Newell,AG,,10.0,https://www.procyclingstats.com/rider/newell-mack
1333,LEMPE Motlatsi,LS,,9.0,https://www.procyclingstats.com/rider/motlatsi-lempe
1334,MAHROUG Kamal,MA,Agadir Vélo Propulsion,9.0,https://www.procyclingstats.com/rider/kamal-mahroug
1335,ESPINOZA Bolivar,PA,,9.0,https://www.procyclingstats.com/rider/bolivar-espinoza-serrano
1336,HEIDEMANN Miguel,DE,REMBE | rad-net,9.0,https://www.procyclingstats.com/rider/miguel-heidemann
1337,MALMBERG Matias,DK,AIRTOX - Carl Ras,9.0,https://www.procyclingstats.com/rider/matias-malmberg
1338,MARCHAND Gianni,BE,Tarteletto - Isorex,9.0,https://www.procyclingstats.com/rider/gianni-marchand
1339,KYFFIN Zeb,GB,Unibet Tietema Rockets,9.0,https://www.procyclingstats.com/rider/zeb-kyffin
1340,MATTIO Pietro,IT,Team Visma | Lease a Bike Development,9.0,https://www.procyclingstats.com/rider/pietro-mattio
1341,CLYNHENS Toon,BE,Team Flanders - Baloise,9.0,https://www.procyclingstats.com/rider/toon-clynhens
1342,CLASSEN Caleb,US,Project Echelon Racing,9.0,https://www.procyclingstats.com/rider/caleb-classen
1343,LÓPEZ Robinson Fabián,CO,GW Erco Shimano,9.0,https://www.procyclingstats.com/rider/robinson-fabian-lopez
1344,SANCHO José Pablo,CR,Colono Bikestation Kölbi,9.0,https://www.procyclingstats.com/rider/jose-sancho
1345,GOLLIKER Joshua,GB,EF Education - Aevolo,9.0,https://www.procyclingstats.com/rider/joshua-golliker
1346,SOLEN Keije,NL,Wanty - Nippo - ReUz,9.0,https://www.procyclingstats.com/rider/keije-solen
1347,DARBELLAY Valentin,CH,Elite Fondations Cycling Team,9.0,https://www.procyclingstats.com/rider/valentin-darbellay
1348,PRONSKIY Daniil,KZ,Team Vino - North Qazaqstan Region,9.0,https://www.procyclingstats.com/rider/daniil-pronskiy
1349,ATTAI Corneil Kokou,BJ,,9.0,https://www.procyclingstats.com/rider/corneil-kokou-attai
1350,WALTERS Sydney,GD,,9.0,https://www.procyclingstats.com/rider/sydney-walters
1351,HAILEMARYAM Gereziher Geremedhin,ET,,9.0,https://www.procyclingstats.com/rider/gereziher-geremedhin-hailemaryam
1352,SEQUERA Pedro,VE,,8.0,https://www.procyclingstats.com/rider/pedro-sequera
1353,STRAVERS Jarri,NL,Universe Cycling Team,8.0,https://www.procyclingstats.com/rider/jarri-stravers
1354,AUGUST Andrew,US,INEOS Grenadiers,8.0,https://www.procyclingstats.com/rider/andrew-august
1355,CASTILLO Kevin David,CO,Team Sistecredito,8.0,https://www.procyclingstats.com/rider/kevin-david-castillo-miranda
1356,GESBERT Élie,FR,Arkéa - B&B Hotels,8.0,https://www.procyclingstats.com/rider/elie-gesbert
1357,PASCUAL Joshua,PH,7Eleven Cliqq Roadbike Philippines,8.0,https://www.procyclingstats.com/rider/joshua-pascual
1358,VAN DER TUUK Danny,PL,Euskaltel - Euskadi,8.0,https://www.procyclingstats.com/rider/danny-van-der-tuuk
1359,VAN KERCKHOVE Matisse,BE,Team Visma | Lease a Bike Development,8.0,https://www.procyclingstats.com/rider/matisse-van-kerckhove
1360,KLARIS Magnus Bak,DK,AIRTOX - Carl Ras,8.0,https://www.procyclingstats.com/rider/magnus-bak-klaris
1361,FORSTER Lars,CH,Thömus | WindowMaster by Wyss Training,8.0,https://www.procyclingstats.com/rider/lars-forster
1362,VAN ROOY Kenneth,BE,Wagner Bazin WB,8.0,https://www.procyclingstats.com/rider/kenneth-van-rooy
1363,CATALDO Lorenzo,IT,Gragnano Sporting Club,8.0,https://www.procyclingstats.com/rider/lorenzo-cataldo
1364,MERIS Sergio,IT,Unibet Tietema Rockets,8.0,https://www.procyclingstats.com/rider/sergio-meris
1365,ARRIOLA-BENGOA Julen,ES,Caja Rural - Seguros RGA,8.0,https://www.procyclingstats.com/rider/julen-arriola-bengoa-beitia
1366,BORTOLUZZI Giovanni,IT,General Store - Essegibi - F.Lli Curia,8.0,https://www.procyclingstats.com/rider/giovanni-bortoluzzi
1367,GUZZO Federico,IT,S.C. Padovani Polo Cherry Bank,8.0,https://www.procyclingstats.com/rider/federico-guzzo
1368,BONILLO Iker,ES,Euskaltel - Euskadi,8.0,https://www.procyclingstats.com/rider/iker-bonillo-martin
1369,MOYANO Tomás,AR,Bialini Team Global,8.0,https://www.procyclingstats.com/rider/tomas-moyano
1370,GONZELI Otavio Augusto,BR,Swift Pro Cycling,8.0,https://www.procyclingstats.com/rider/otavio-augusto-gonzeli
1371,ALBA Juan Diego,CO,Nu Colombia,8.0,https://www.procyclingstats.com/rider/juan-diego-alba
1372,CARDONA Julián,CO,Team Medellín - EPM,8.0,https://www.procyclingstats.com/rider/julian-cardona-tabares
1373,VANÍČEK Šimon,CZ,ATT Investments,8.0,https://www.procyclingstats.com/rider/simon-vanicek
1374,SILVA Joaquim,PT,Efapel Cycling,8.0,https://www.procyclingstats.com/rider/joaquim-silva
1375,EMİŞCİ Ferhat,TR,Spor Toto Cycling Team,8.0,https://www.procyclingstats.com/rider/ferhat-emisci
1376,KOSTAŃSKI Mateusz,PL,Voster ATS Team,8.0,https://www.procyclingstats.com/rider/mateusz-kostanski
1377,KLISMETS Kārlis,LV,Energus Cycling Team,8.0,https://www.procyclingstats.com/rider/karlis-klismets
1378,BOCK Max,DE,Equipe continentale Groupama-FDJ,8.0,https://www.procyclingstats.com/rider/max-bock
1379,TIENTCHEU Michel Boris,CM,,8.0,https://www.procyclingstats.com/rider/michel-boris-tientcheu
1380,HILLEN Michiel,BE,Baloise Glowi Lions,8.0,https://www.procyclingstats.com/rider/michiel-hillen
1381,SCALA JR Hugo,US,Project Echelon Racing,8.0,https://www.procyclingstats.com/rider/hugo-scala-jr
1382,CABRAL Helker,CV,,8.0,https://www.procyclingstats.com/rider/helker-cabral
1383,TORRES Edwin Yair,VE,,7.0,https://www.procyclingstats.com/rider/edwin-torres
1384,LADNGERN Peerapong,TH,Roojai Insurance,7.0,https://www.procyclingstats.com/rider/peerapong-ladngern
1385,QUINTEROS Alexis Benjamin,EC,,7.0,https://www.procyclingstats.com/rider/alexis-benjamin-quinteros
1386,KAPLAN Emre,TR,CNC Cycling Team,7.0,https://www.procyclingstats.com/rider/emre-kaplan
1387,RAMÍREZ Mateo Pablo,EC,UAE Team Emirates Gen Z,7.0,https://www.procyclingstats.com/rider/mateo-pablo-ramirez
1388,LI Zhen,CN,China Anta - Mentech Cycling Team,7.0,https://www.procyclingstats.com/rider/zhen-li
1389,ASCONEGUY Roderyck,UY,,7.0,https://www.procyclingstats.com/rider/roderyck-asconeguy
1390,LOUBSER Daniel,ZA,,7.0,https://www.procyclingstats.com/rider/daniel-loubser
1391,MIMOUNI Oussama Abdellah,DZ,Madar Pro Cycling Team,7.0,https://www.procyclingstats.com/rider/oussama-abdellah-mimouni
1392,MUHAMMAD Shan,PK,,7.0,https://www.procyclingstats.com/rider/shan-muhammad
1393,ANWAR Muhammad Ismail,PK,,7.0,https://www.procyclingstats.com/rider/muhammad-ismail-anwar
1394,PAREJA Nichol Blanca,PH,Victoria Sports Pro Cycling,7.0,https://www.procyclingstats.com/rider/nichol-blanca-pareja
1395,SAMBINELLO Enea,IT,UAE Team Emirates Gen Z,7.0,https://www.procyclingstats.com/rider/enea-sambinello
1396,LIZARDO Jeremy,PH,Standard Insurance PHI,7.0,https://www.procyclingstats.com/rider/jeremy-lizardo
1397,MUGISHA Moise,RW,,7.0,https://www.procyclingstats.com/rider/moise-mugisha
1398,STENSBY Anton,NO,Team Coop - Repsol,7.0,https://www.procyclingstats.com/rider/anton-stensby
1399,GRISEL Matys,FR,Lotto Development Team,7.0,https://www.procyclingstats.com/rider/matys-grisel
1400,VERBURG Luke,NL,Parkhotel Valkenburg,7.0,https://www.procyclingstats.com/rider/luke-verburg
1401,VAN BYLEN Liam,BE,Lotto Development Team,7.0,https://www.procyclingstats.com/rider/liam-van-bylen
1402,SHAKOTKO Aleksandr,RU,FNIX - SCOM - Hengxiang Cycling Team,7.0,https://www.procyclingstats.com/rider/aleksandr-shakotko
1403,ANTUNES Tiago,PT,Efapel Cycling,7.0,https://www.procyclingstats.com/rider/tiago-antunes
1404,PUTZ Sebastian,AT,Red Bull - BORA - hansgrohe Rookies,7.0,https://www.procyclingstats.com/rider/sebastian-putz
1405,RAMSAY Noah,CA,Alpecin-Deceuninck Development Team,7.0,https://www.procyclingstats.com/rider/noah-ramsay
1406,RABINAL Darío Emmanuel,GT,Asociacion de Chimaltenango,7.0,https://www.procyclingstats.com/rider/dario-emmanuel-rabinal
1407,GALIMBERTI Lorenzo,IT,Petrolike,7.0,https://www.procyclingstats.com/rider/lorenzo-galimberti
1408,ROTTMANN Jonathan Malte,DE,REMBE | rad-net,7.0,https://www.procyclingstats.com/rider/jonathan-malte-rottmann
1409,ALHAMMADI Sultan Hassan,AE,,7.0,https://www.procyclingstats.com/rider/sultan-hassan-alhammadi
1410,ROWE Elliot,GB,Team Visma | Lease a Bike Development,7.0,https://www.procyclingstats.com/rider/elliot-rowe
1411,ARIAS Facundo,CL,,7.0,https://www.procyclingstats.com/rider/facundo-arias-chavez
1412,SHOKO Prince,ZW,,7.0,https://www.procyclingstats.com/rider/prince-shoko
1413,BRUNO Andrea Alfio,IT,Team Hopplà,7.0,https://www.procyclingstats.com/rider/andrea-alfio-bruno
1414,ELSENFAWI Ahmed,EG,,7.0,https://www.procyclingstats.com/rider/ahmed-elsenfawi
1415,BAKR Mahmoud,EG,,7.0,https://www.procyclingstats.com/rider/mahmoud-bakr
1416,CHIKWAKA Andrew,ZW,,7.0,https://www.procyclingstats.com/rider/andrew-chikwaka
1417,HICKS Dylan,GB,Raptor Factory Racing,7.0,https://www.procyclingstats.com/rider/dylan-hicks
1418,ARRIAGADA Cristian,CL,,7.0,https://www.procyclingstats.com/rider/cristian-arriagada
1419,DOCKX Aaron,BE,Alpecin-Deceuninck Development Team,7.0,https://www.procyclingstats.com/rider/aaron-dockx
1420,THIRÉ Jonathan,FR,,7.0,https://www.procyclingstats.com/rider/jonathan-thire
1421,GÓMEZ Fausto Agustin,AR,Sindicato de Empleados Públicos of San Juan,7.0,https://www.procyclingstats.com/rider/fausto-agustin-gomez
1422,QUISPE Alaín Rossbel,PE,,7.0,https://www.procyclingstats.com/rider/alain-quispe
1423,AZZEM Omar,AR,,7.0,https://www.procyclingstats.com/rider/omar-azzem
1424,GONZÁLES Charles,PE,Municipalidad de Pocito,7.0,https://www.procyclingstats.com/rider/charle-gonzales
1425,LOULERGUE Victor,FR,Bourg-en-Bresse Ain Cyclisme,7.0,https://www.procyclingstats.com/rider/victor-loulergue
1426,JOHNSON Anders,US,,7.0,https://www.procyclingstats.com/rider/anders-johnson
1427,KAMBERAJ Valentino,AL,Beltrami TSA Tre Colli,7.0,https://www.procyclingstats.com/rider/valentino-kamberaj
1428,HLADY Gavin,US,EF Education - Aevolo,7.0,https://www.procyclingstats.com/rider/gavin-hlady
1429,RAVBAR Anže,SI,UAE Team Emirates Gen Z,7.0,https://www.procyclingstats.com/rider/anze-ravbar
1430,SKRAPCIS Olivers Jēkabs,LV,Energus Cycling Team,7.0,https://www.procyclingstats.com/rider/olivers-jekabs-skrapcis
1431,RIZQI Dimas Nur Fadhil,ID,Jakarta Pro Cycling Team,7.0,https://www.procyclingstats.com/rider/dimas-nur-fadhil-rizqi
1432,BIEHL Kevin,DK,General Store - Essegibi - F.Lli Curia,7.0,https://www.procyclingstats.com/rider/kevin-biehl
1433,AHMAD Muhammad Ameer,MY,,7.0,https://www.procyclingstats.com/rider/muhammad-ameer-ahmad
1434,BÉVORT Carl-Frederik,DK,Uno-X Mobility,7.0,https://www.procyclingstats.com/rider/carl-frederik-bevort
1435,UTKIN Mikhail,RU,,7.0,https://www.procyclingstats.com/rider/mikhail-utkin
1436,BÄCKMAN Anders,FI,,7.0,https://www.procyclingstats.com/rider/anders-backman
1437,JIMÉNEZ Dylan Roberto,CR,7C - Economy,7.0,https://www.procyclingstats.com/rider/dylan-jimenez-arias
1438,VARGAS Leonis,BO,,7.0,https://www.procyclingstats.com/rider/leonis-vargas
1439,MOHAMED ALI Thabet,TN,,7.0,https://www.procyclingstats.com/rider/thabet-mohamed-ali
1440,ÄRM Rait,EE,Van Rysel Roubaix,7.0,https://www.procyclingstats.com/rider/rait-arm
1441,KMIELIAUSKAS Rokas,LT,Energus Cycling Team,7.0,https://www.procyclingstats.com/rider/rokas-kmieliauskas
1442,CÂMPEAN Cătălin-Luca,RO,Team United Shipping,7.0,https://www.procyclingstats.com/rider/catalin-luca-campean
1443,LIANG King Hung,HK,HKSI Pro Cycling Team,7.0,https://www.procyclingstats.com/rider/king-hung-liang
1444,KOH Dalvin,SG,,7.0,https://www.procyclingstats.com/rider/dalvin-koh
1445,MATOMBÉ Hanson,MU,,7.0,https://www.procyclingstats.com/rider/hanson-matombe
1446,BEN AMOR Nadhem,TN,,7.0,https://www.procyclingstats.com/rider/nadhem-benamor
1447,KONE Souleymane,BF,,7.0,https://www.procyclingstats.com/rider/souleymane-kone
1448,ROMERO Jorge,SV,,7.0,https://www.procyclingstats.com/rider/jorge-romero
1449,REYES Elvys Noel,PR,Prestige Cycling - Puerto Rico,7.0,https://www.procyclingstats.com/rider/elvis-reyes
1450,HOYOS Angel Jesus,BO,Pío Rico Cycling Team,7.0,https://www.procyclingstats.com/rider/angel-hoyos
1451,CHOI Heng Wa,MO,,7.0,https://www.procyclingstats.com/rider/heng-wa-choi
1452,SIMON Semen,UA,Ukraine Cycling Team,7.0,https://www.procyclingstats.com/rider/semen-simon
1453,AMANIEL Desta,ET,Team Amani,7.0,https://www.procyclingstats.com/rider/desta-amaniel
1454,PEDEN George,IE,Team PB Performance,7.0,https://www.procyclingstats.com/rider/george-peden
1455,DEL ROSARIO Juan Carlos,DO,,7.0,https://www.procyclingstats.com/rider/juan-carlos-del-rosario-felix
1456,JANIKULOV Samandar,UZ,OU7 Cycling Team,7.0,https://www.procyclingstats.com/rider/samandar-janikulov
1457,HONG Youngtaek,KR,,7.0,https://www.procyclingstats.com/rider/youngtaek-hong
1458,REIS Rafael,PT,Anicolor / Tien 21,7.0,https://www.procyclingstats.com/rider/rafael-reis
1459,ŽUMER Matic,SI,Adria Mobil,7.0,https://www.procyclingstats.com/rider/matic-zumer
1460,JÓNSSON Davíð,IS,,7.0,https://www.procyclingstats.com/rider/david-jonsson
1461,ABDURRAHMAN Muhammad,ID,Jakarta Pro Cycling Team,7.0,https://www.procyclingstats.com/rider/muhammad-abdurrahman
1462,PETROV Yordan,BG,Hemus Troyan,7.0,https://www.procyclingstats.com/rider/yordan-petrov1
1463,NSENGIYUMVA Shemu,RW,Java - Inovotec Pro Team,7.0,https://www.procyclingstats.com/rider/shemu-nsengiyumva
1464,ERKAN Muhammed,TR,Konya Büyükşehir Belediye Spor,7.0,https://www.procyclingstats.com/rider/muhammed-erkan
1465,PHONASA Thavone,LA,,7.0,https://www.procyclingstats.com/rider/thavone-phonasa
1466,FAKUDZE Calvin,SZ,,7.0,https://www.procyclingstats.com/rider/calvin-fakudze
1467,GONÇALVES Diogo,PT,FEIRENSE - BEECELER,7.0,https://www.procyclingstats.com/rider/diogo-goncalves
1468,CASEY Patrick,IE,Israel Premier Tech Academy,7.0,https://www.procyclingstats.com/rider/patrick-casey1
1469,HOVORUN Bogdan,UA,Ukraine Cycling Team,7.0,https://www.procyclingstats.com/rider/bogdan-hovorun
1470,AUS Aaron,EE,Quick Pro Team,7.0,https://www.procyclingstats.com/rider/aaron-aus
1471,KLIMAVIČIUS Nikolas,LT,VZW WP de Molenspurters Meulebeke,7.0,https://www.procyclingstats.com/rider/nikolas-klimavicius
1472,FILUTÁS Viktor,HU,Karcag Cycling ÉPKAR Team,7.0,https://www.procyclingstats.com/rider/viktor-filutas
1473,GROZEV Gabriel,BG,MaxSolar Cycling Team,7.0,https://www.procyclingstats.com/rider/gabriel-grozev
1474,BATMUNKH Maral-Erdene,MN,Roojai Insurance,7.0,https://www.procyclingstats.com/rider/maral-erdene-batmunkh
1475,PETROVSKI Andrej,MK,,7.0,https://www.procyclingstats.com/rider/andrej-petrovski
1476,COSME Leonardo,CV,,7.0,https://www.procyclingstats.com/rider/leonardo-cosme
1477,RODRIGUEZ Frankel,DO,Inteja Imca,7.0,https://www.procyclingstats.com/rider/frankel-rodriguez
1478,ACHAS Christodoulos,CY,Bialini Team Global,7.0,https://www.procyclingstats.com/rider/christodoulos-achas
1479,WEATHERED Sean,AG,,7.0,https://www.procyclingstats.com/rider/sean-weathered
1480,ARAUJO Jhonny Alexander,VE,,6.0,https://www.procyclingstats.com/rider/jhonny-alexander-araujo-bastidas
1481,MÉNDEZ Arlex José,VE,Club Ciclista Padronés - Cortizo,6.0,https://www.procyclingstats.com/rider/arlex-jose-rueda
1482,RAMIREZ Yilber,VE,,6.0,https://www.procyclingstats.com/rider/yilber-ramirez
1483,PINZÓN Edgar Andrés,CO,GW Erco Shimano,6.0,https://www.procyclingstats.com/rider/edgar-andres-pinzon-villalba
1484,GANZABAL Ander,ES,Euskaltel - Euskadi,6.0,https://www.procyclingstats.com/rider/ander-ganzabal-bilbao
1485,HARO Wilson Steven,EC,Liv / Gaint Toscana Mitsubishi Team,6.0,https://www.procyclingstats.com/rider/wilson-haro
1486,ÁLVAREZ Rodrigo,ES,Burgos Burpellet BH,6.0,https://www.procyclingstats.com/rider/rodrigo-alvarez
1487,DUCKERT Roman,DE,Team Storck - Metropol Cycling,6.0,https://www.procyclingstats.com/rider/roman-duckert
1488,WANG Gustav,DK,XDS Astana Development Team,6.0,https://www.procyclingstats.com/rider/gustav-wang
1489,HOLSTAD Ludvik,NO,Lillehammer CK Continental Team,6.0,https://www.procyclingstats.com/rider/ludvik-holstad
1490,HALTER Nicolas,CH,Thömus | WindowMaster by Wyss Training,6.0,https://www.procyclingstats.com/rider/nicolas-halter
1491,FABRIES Ugo,FR,UAE Team Emirates Gen Z,6.0,https://www.procyclingstats.com/rider/ugo-fabries
1492,JURADO Christofer Robín,PA,,6.0,https://www.procyclingstats.com/rider/christofer-robin-jurado
1493,CLARK Boris,NZ,St George Continental Cycling Team,6.0,https://www.procyclingstats.com/rider/boris-clark
1494,JOHNSTON Calum,GB,Caja Rural - Seguros RGA,6.0,https://www.procyclingstats.com/rider/calum-johnston
1495,CHAVARRIA Derrick,BZ,G-Flow Cycling Team,6.0,https://www.procyclingstats.com/rider/derrick-chavarria
1496,ORTEGA Juan Pablo,CO,Nu Colombia,6.0,https://www.procyclingstats.com/rider/juan-pablo-ortega
1497,WALTON Jonas,CA,Project Echelon Racing,6.0,https://www.procyclingstats.com/rider/jonas-walton
1498,URIAN Jose Misael,CO,Team Sistecredito,6.0,https://www.procyclingstats.com/rider/jose-misael-urian
1499,LECROQ Jérémy,FR,St Michel - Preference Home - Auber93,6.0,https://www.procyclingstats.com/rider/jeremy-lecroq
1500,QUINTERO Leonel,VE,Victoire Hiroshima,6.0,https://www.procyclingstats.com/rider/leonel-quintero
1501,GREGAARD Jonas,DK,Lotto,30.0,https://www.procyclingstats.com/rider/jonas-gregaard
1502,CARR Simon,GB,Cofidis,0.0,https://www.procyclingstats.com/rider/simon-carr
1503,SÁNCHEZ Pelayo,ES,Movistar Team,0.0,https://www.procyclingstats.com/rider/pelayo-sanchez-mayo
1504,NABERMAN Tim,NL,Team Picnic PostNL,5.0,https://www.procyclingstats.com/rider/tim-naberman
